{
  "type": "FeatureCollection",
  "features": [
    {
      "type": "Feature",
      "properties": {
        "patch_id": "huepetuhe_inference_area_r000008_c000152",
        "aoi_id": "huepetuhe_inference_area",
        "probability": 0.3324426,
        "prediction": 0,
        "threshold": 0.536,
        "quality_flag": "accepted"
      },
      "geometry": {
        "type": "Polygon",
        "coordinates": [
          [
            [
              -70.73599581,
              -12.87989429
            ],
            [
              -70.73304768,
              -12.87991381
            ],
            [
              -70.73306757,
              -12.88280617
            ],
            [
              -70.73601573,
              -12.88278665
            ],
            [
              -70.73599581,
              -12.87989429
            ]
          ]
        ]
      }
    },
    {
      "type": "Feature",
      "properties": {
        "patch_id": "huepetuhe_inference_area_r000008_c000320",
        "aoi_id": "huepetuhe_inference_area",
        "probability": 0.6634993,
        "prediction": 1,
        "threshold": 0.536,
        "quality_flag": "accepted"
      },
      "geometry": {
        "type": "Polygon",
        "coordinates": [
          [
            [
              -70.72051807,
              -12.87999642
            ],
            [
              -70.71756991,
              -12.88001577
            ],
            [
              -70.71758962,
              -12.88290816
            ],
            [
              -70.72053781,
              -12.8828888
            ],
            [
              -70.72051807,
              -12.87999642
            ]
          ]
        ]
      }
    },
    {
      "type": "Feature",
      "properties": {
        "patch_id": "huepetuhe_inference_area_r000008_c000648",
        "aoi_id": "huepetuhe_inference_area",
        "probability": 0.7690158,
        "prediction": 1,
        "threshold": 0.536,
        "quality_flag": "accepted"
      },
      "geometry": {
        "type": "Polygon",
        "coordinates": [
          [
            [
              -70.69029923,
              -12.88019319
            ],
            [
              -70.68735102,
              -12.8802122
            ],
            [
              -70.68737038,
              -12.88310463
            ],
            [
              -70.69031862,
              -12.88308561
            ],
            [
              -70.69029923,
              -12.88019319
            ]
          ]
        ]
      }
    },
    {
      "type": "Feature",
      "properties": {
        "patch_id": "huepetuhe_inference_area_r000016_c000256",
        "aoi_id": "huepetuhe_inference_area",
        "probability": 0.3533845,
        "prediction": 0,
        "threshold": 0.536,
        "quality_flag": "accepted"
      },
      "geometry": {
        "type": "Polygon",
        "coordinates": [
          [
            [
              -70.72641932,
              -12.88068071
            ],
            [
              -70.72347116,
              -12.88070013
            ],
            [
              -70.72349094,
              -12.88359251
            ],
            [
              -70.72643913,
              -12.88357309
            ],
            [
              -70.72641932,
              -12.88068071
            ]
          ]
        ]
      }
    },
    {
      "type": "Feature",
      "properties": {
        "patch_id": "huepetuhe_inference_area_r000016_c000648",
        "aoi_id": "huepetuhe_inference_area",
        "probability": 0.7243851,
        "prediction": 1,
        "threshold": 0.536,
        "quality_flag": "accepted"
      },
      "geometry": {
        "type": "Polygon",
        "coordinates": [
          [
            [
              -70.69030407,
              -12.88091629
            ],
            [
              -70.68735586,
              -12.8809353
            ],
            [
              -70.68737522,
              -12.88382774
            ],
            [
              -70.69032347,
              -12.88380872
            ],
            [
              -70.69030407,
              -12.88091629
            ]
          ]
        ]
      }
    },
    {
      "type": "Feature",
      "properties": {
        "patch_id": "huepetuhe_inference_area_r000024_c000128",
        "aoi_id": "huepetuhe_inference_area",
        "probability": 0.2843423,
        "prediction": 0,
        "threshold": 0.536,
        "quality_flag": "accepted"
      },
      "geometry": {
        "type": "Polygon",
        "coordinates": [
          [
            [
              -70.73821688,
              -12.8813258
            ],
            [
              -70.73526874,
              -12.88134535
            ],
            [
              -70.73528865,
              -12.88423771
            ],
            [
              -70.73823683,
              -12.88421816
            ],
            [
              -70.73821688,
              -12.8813258
            ]
          ]
        ]
      }
    },
    {
      "type": "Feature",
      "properties": {
        "patch_id": "huepetuhe_inference_area_r000032_c000176",
        "aoi_id": "huepetuhe_inference_area",
        "probability": 0.5900987,
        "prediction": 1,
        "threshold": 0.536,
        "quality_flag": "accepted"
      },
      "geometry": {
        "type": "Polygon",
        "coordinates": [
          [
            [
              -70.73379964,
              -12.88207821
            ],
            [
              -70.73085147,
              -12.88209771
            ],
            [
              -70.73087134,
              -12.88499007
            ],
            [
              -70.73381953,
              -12.88497057
            ],
            [
              -70.73379964,
              -12.88207821
            ]
          ]
        ]
      }
    },
    {
      "type": "Feature",
      "properties": {
        "patch_id": "huepetuhe_inference_area_r000032_c000704",
        "aoi_id": "huepetuhe_inference_area",
        "probability": 0.5041647,
        "prediction": 0,
        "threshold": 0.536,
        "quality_flag": "accepted"
      },
      "geometry": {
        "type": "Polygon",
        "coordinates": [
          [
            [
              -70.68515436,
              -12.88239576
            ],
            [
              -70.68220612,
              -12.88241471
            ],
            [
              -70.68222543,
              -12.88530716
            ],
            [
              -70.6851737,
              -12.8852882
            ],
            [
              -70.68515436,
              -12.88239576
            ]
          ]
        ]
      }
    },
    {
      "type": "Feature",
      "properties": {
        "patch_id": "huepetuhe_inference_area_r000032_c000824",
        "aoi_id": "huepetuhe_inference_area",
        "probability": 0.6416223,
        "prediction": 1,
        "threshold": 0.536,
        "quality_flag": "accepted"
      },
      "geometry": {
        "type": "Polygon",
        "coordinates": [
          [
            [
              -70.67409844,
              -12.88246667
            ],
            [
              -70.67115018,
              -12.8824855
            ],
            [
              -70.67116936,
              -12.88537796
            ],
            [
              -70.67411765,
              -12.88535912
            ],
            [
              -70.67409844,
              -12.88246667
            ]
          ]
        ]
      }
    },
    {
      "type": "Feature",
      "properties": {
        "patch_id": "huepetuhe_inference_area_r000032_c000936",
        "aoi_id": "huepetuhe_inference_area",
        "probability": 0.5814682,
        "prediction": 1,
        "threshold": 0.536,
        "quality_flag": "accepted"
      },
      "geometry": {
        "type": "Polygon",
        "coordinates": [
          [
            [
              -70.66377952,
              -12.88253244
            ],
            [
              -70.66083125,
              -12.88255115
            ],
            [
              -70.66085031,
              -12.88544362
            ],
            [
              -70.66379861,
              -12.8854249
            ],
            [
              -70.66377952,
              -12.88253244
            ]
          ]
        ]
      }
    },
    {
      "type": "Feature",
      "properties": {
        "patch_id": "huepetuhe_inference_area_r000032_c001304",
        "aoi_id": "huepetuhe_inference_area",
        "probability": 0.7873929,
        "prediction": 1,
        "threshold": 0.536,
        "quality_flag": "accepted"
      },
      "geometry": {
        "type": "Polygon",
        "coordinates": [
          [
            [
              -70.62987409,
              -12.88274566
            ],
            [
              -70.62692576,
              -12.88276399
            ],
            [
              -70.62694444,
              -12.88565651
            ],
            [
              -70.6298928,
              -12.88563818
            ],
            [
              -70.62987409,
              -12.88274566
            ]
          ]
        ]
      }
    },
    {
      "type": "Feature",
      "properties": {
        "patch_id": "huepetuhe_inference_area_r000032_c001416",
        "aoi_id": "huepetuhe_inference_area",
        "probability": 0.6819506,
        "prediction": 1,
        "threshold": 0.536,
        "quality_flag": "accepted"
      },
      "geometry": {
        "type": "Polygon",
        "coordinates": [
          [
            [
              -70.61955493,
              -12.88280968
            ],
            [
              -70.61660659,
              -12.8828279
            ],
            [
              -70.61662514,
              -12.88572044
            ],
            [
              -70.61957352,
              -12.88570221
            ],
            [
              -70.61955493,
              -12.88280968
            ]
          ]
        ]
      }
    },
    {
      "type": "Feature",
      "properties": {
        "patch_id": "huepetuhe_inference_area_r000040_c000104",
        "aoi_id": "huepetuhe_inference_area",
        "probability": 0.2637786,
        "prediction": 0,
        "threshold": 0.536,
        "quality_flag": "accepted"
      },
      "geometry": {
        "type": "Polygon",
        "coordinates": [
          [
            [
              -70.74043797,
              -12.88275729
            ],
            [
              -70.73748981,
              -12.88277687
            ],
            [
              -70.73750976,
              -12.88566923
            ],
            [
              -70.74045795,
              -12.88564964
            ],
            [
              -70.74043797,
              -12.88275729
            ]
          ]
        ]
      }
    },
    {
      "type": "Feature",
      "properties": {
        "patch_id": "huepetuhe_inference_area_r000040_c000512",
        "aoi_id": "huepetuhe_inference_area",
        "probability": 0.7098843,
        "prediction": 1,
        "threshold": 0.536,
        "quality_flag": "accepted"
      },
      "geometry": {
        "type": "Polygon",
        "coordinates": [
          [
            [
              -70.70284859,
              -12.88300443
            ],
            [
              -70.69990037,
              -12.88302359
            ],
            [
              -70.69991988,
              -12.885916
            ],
            [
              -70.70286813,
              -12.88589684
            ],
            [
              -70.70284859,
              -12.88300443
            ]
          ]
        ]
      }
    },
    {
      "type": "Feature",
      "properties": {
        "patch_id": "huepetuhe_inference_area_r000040_c000608",
        "aoi_id": "huepetuhe_inference_area",
        "probability": 0.6932917,
        "prediction": 1,
        "threshold": 0.536,
        "quality_flag": "accepted"
      },
      "geometry": {
        "type": "Polygon",
        "coordinates": [
          [
            [
              -70.69400392,
              -12.8830618
            ],
            [
              -70.69105568,
              -12.88308086
            ],
            [
              -70.69107509,
              -12.88597328
            ],
            [
              -70.69402336,
              -12.88595422
            ],
            [
              -70.69400392,
              -12.8830618
            ]
          ]
        ]
      }
    },
    {
      "type": "Feature",
      "properties": {
        "patch_id": "huepetuhe_inference_area_r000048_c000416",
        "aoi_id": "huepetuhe_inference_area",
        "probability": 0.6164632,
        "prediction": 1,
        "threshold": 0.536,
        "quality_flag": "accepted"
      },
      "geometry": {
        "type": "Polygon",
        "coordinates": [
          [
            [
              -70.71169813,
              -12.88366986
            ],
            [
              -70.70874992,
              -12.88368912
            ],
            [
              -70.70876953,
              -12.88658152
            ],
            [
              -70.71171778,
              -12.88656226
            ],
            [
              -70.71169813,
              -12.88366986
            ]
          ]
        ]
      }
    },
    {
      "type": "Feature",
      "properties": {
        "patch_id": "huepetuhe_inference_area_r000048_c001280",
        "aoi_id": "huepetuhe_inference_area",
        "probability": 0.7800088,
        "prediction": 1,
        "threshold": 0.536,
        "quality_flag": "accepted"
      },
      "geometry": {
        "type": "Polygon",
        "coordinates": [
          [
            [
              -70.6320947,
              -12.88417814
            ],
            [
              -70.62914636,
              -12.8841965
            ],
            [
              -70.62916506,
              -12.88708902
            ],
            [
              -70.63211343,
              -12.88707066
            ],
            [
              -70.6320947,
              -12.88417814
            ]
          ]
        ]
      }
    },
    {
      "type": "Feature",
      "properties": {
        "patch_id": "huepetuhe_inference_area_r000048_c001336",
        "aoi_id": "huepetuhe_inference_area",
        "probability": 0.4415863,
        "prediction": 0,
        "threshold": 0.536,
        "quality_flag": "accepted"
      },
      "geometry": {
        "type": "Polygon",
        "coordinates": [
          [
            [
              -70.6269351,
              -12.88421025
            ],
            [
              -70.62398675,
              -12.88422856
            ],
            [
              -70.62400539,
              -12.88712108
            ],
            [
              -70.62695378,
              -12.88710277
            ],
            [
              -70.6269351,
              -12.88421025
            ]
          ]
        ]
      }
    },
    {
      "type": "Feature",
      "properties": {
        "patch_id": "huepetuhe_inference_area_r000048_c001376",
        "aoi_id": "huepetuhe_inference_area",
        "probability": 0.4584364,
        "prediction": 0,
        "threshold": 0.536,
        "quality_flag": "accepted"
      },
      "geometry": {
        "type": "Polygon",
        "coordinates": [
          [
            [
              -70.62324966,
              -12.88423313
            ],
            [
              -70.62030131,
              -12.88425139
            ],
            [
              -70.62031991,
              -12.88714392
            ],
            [
              -70.6232683,
              -12.88712565
            ],
            [
              -70.62324966,
              -12.88423313
            ]
          ]
        ]
      }
    },
    {
      "type": "Feature",
      "properties": {
        "patch_id": "huepetuhe_inference_area_r000056_c000040",
        "aoi_id": "huepetuhe_inference_area",
        "probability": 0.2203745,
        "prediction": 0,
        "threshold": 0.536,
        "quality_flag": "accepted"
      },
      "geometry": {
        "type": "Polygon",
        "coordinates": [
          [
            [
              -70.7463443,
              -12.88416421
            ],
            [
              -70.74339613,
              -12.88418385
            ],
            [
              -70.74341614,
              -12.8870762
            ],
            [
              -70.74636434,
              -12.88705655
            ],
            [
              -70.7463443,
              -12.88416421
            ]
          ]
        ]
      }
    },
    {
      "type": "Feature",
      "properties": {
        "patch_id": "huepetuhe_inference_area_r000056_c000288",
        "aoi_id": "huepetuhe_inference_area",
        "probability": 0.4057046,
        "prediction": 0,
        "threshold": 0.536,
        "quality_flag": "accepted"
      },
      "geometry": {
        "type": "Polygon",
        "coordinates": [
          [
            [
              -70.72349589,
              -12.8843156
            ],
            [
              -70.72054768,
              -12.88433499
            ],
            [
              -70.72056743,
              -12.88722738
            ],
            [
              -70.72351567,
              -12.88720798
            ],
            [
              -70.72349589,
              -12.8843156
            ]
          ]
        ]
      }
    },
    {
      "type": "Feature",
      "properties": {
        "patch_id": "huepetuhe_inference_area_r000064_c000808",
        "aoi_id": "huepetuhe_inference_area",
        "probability": 0.6610681,
        "prediction": 1,
        "threshold": 0.536,
        "quality_flag": "accepted"
      },
      "geometry": {
        "type": "Polygon",
        "coordinates": [
          [
            [
              -70.6755918,
              -12.88534969
            ],
            [
              -70.67264351,
              -12.88536855
            ],
            [
              -70.67266271,
              -12.888261
            ],
            [
              -70.67561103,
              -12.88824214
            ],
            [
              -70.6755918,
              -12.88534969
            ]
          ]
        ]
      }
    },
    {
      "type": "Feature",
      "properties": {
        "patch_id": "huepetuhe_inference_area_r000080_c000008",
        "aoi_id": "huepetuhe_inference_area",
        "probability": 0.423425,
        "prediction": 0,
        "threshold": 0.536,
        "quality_flag": "accepted"
      },
      "geometry": {
        "type": "Polygon",
        "coordinates": [
          [
            [
              -70.74930752,
              -12.88631378
            ],
            [
              -70.74635933,
              -12.88633346
            ],
            [
              -70.74637938,
              -12.88922581
            ],
            [
              -70.7493276,
              -12.88920612
            ],
            [
              -70.74930752,
              -12.88631378
            ]
          ]
        ]
      }
    },
    {
      "type": "Feature",
      "properties": {
        "patch_id": "huepetuhe_inference_area_r000080_c001072",
        "aoi_id": "huepetuhe_inference_area",
        "probability": 0.519484,
        "prediction": 0,
        "threshold": 0.536,
        "quality_flag": "accepted"
      },
      "geometry": {
        "type": "Polygon",
        "coordinates": [
          [
            [
              -70.65127775,
              -12.88695048
            ],
            [
              -70.64832941,
              -12.88696906
            ],
            [
              -70.64834833,
              -12.88986155
            ],
            [
              -70.65129671,
              -12.88984296
            ],
            [
              -70.65127775,
              -12.88695048
            ]
          ]
        ]
      }
    },
    {
      "type": "Feature",
      "properties": {
        "patch_id": "huepetuhe_inference_area_r000080_c001432",
        "aoi_id": "huepetuhe_inference_area",
        "probability": 0.3666314,
        "prediction": 0,
        "threshold": 0.536,
        "quality_flag": "accepted"
      },
      "geometry": {
        "type": "Polygon",
        "coordinates": [
          [
            [
              -70.61810862,
              -12.8871576
            ],
            [
              -70.61516022,
              -12.8871758
            ],
            [
              -70.61517877,
              -12.89006834
            ],
            [
              -70.61812719,
              -12.89005013
            ],
            [
              -70.61810862,
              -12.8871576
            ]
          ]
        ]
      }
    },
    {
      "type": "Feature",
      "properties": {
        "patch_id": "huepetuhe_inference_area_r000088_c000232",
        "aoi_id": "huepetuhe_inference_area",
        "probability": 0.5078554,
        "prediction": 0,
        "threshold": 0.536,
        "quality_flag": "accepted"
      },
      "geometry": {
        "type": "Polygon",
        "coordinates": [
          [
            [
              -70.72867507,
              -12.88717396
            ],
            [
              -70.72572684,
              -12.88719341
            ],
            [
              -70.72574666,
              -12.89008579
            ],
            [
              -70.72869492,
              -12.89006633
            ],
            [
              -70.72867507,
              -12.88717396
            ]
          ]
        ]
      }
    },
    {
      "type": "Feature",
      "properties": {
        "patch_id": "huepetuhe_inference_area_r000088_c000240",
        "aoi_id": "huepetuhe_inference_area",
        "probability": 0.5252548,
        "prediction": 0,
        "threshold": 0.536,
        "quality_flag": "accepted"
      },
      "geometry": {
        "type": "Polygon",
        "coordinates": [
          [
            [
              -70.72793802,
              -12.88717883
            ],
            [
              -70.72498979,
              -12.88719827
            ],
            [
              -70.72500959,
              -12.89009065
            ],
            [
              -70.72795785,
              -12.8900712
            ],
            [
              -70.72793802,
              -12.88717883
            ]
          ]
        ]
      }
    },
    {
      "type": "Feature",
      "properties": {
        "patch_id": "huepetuhe_inference_area_r000088_c000312",
        "aoi_id": "huepetuhe_inference_area",
        "probability": 0.5285198,
        "prediction": 0,
        "threshold": 0.536,
        "quality_flag": "accepted"
      },
      "geometry": {
        "type": "Polygon",
        "coordinates": [
          [
            [
              -70.72130449,
              -12.88722253
            ],
            [
              -70.71835625,
              -12.8872419
            ],
            [
              -70.71837598,
              -12.89013428
            ],
            [
              -70.72132425,
              -12.89011491
            ],
            [
              -70.72130449,
              -12.88722253
            ]
          ]
        ]
      }
    },
    {
      "type": "Feature",
      "properties": {
        "patch_id": "huepetuhe_inference_area_r000096_c000032",
        "aoi_id": "huepetuhe_inference_area",
        "probability": 0.6436452,
        "prediction": 1,
        "threshold": 0.536,
        "quality_flag": "accepted"
      },
      "geometry": {
        "type": "Polygon",
        "coordinates": [
          [
            [
              -70.74710641,
              -12.88777472
            ],
            [
              -70.7441582,
              -12.88779438
            ],
            [
              -70.74417823,
              -12.89068672
            ],
            [
              -70.74712647,
              -12.89066706
            ],
            [
              -70.74710641,
              -12.88777472
            ]
          ]
        ]
      }
    },
    {
      "type": "Feature",
      "properties": {
        "patch_id": "huepetuhe_inference_area_r000096_c001480",
        "aoi_id": "huepetuhe_inference_area",
        "probability": 0.6048904,
        "prediction": 1,
        "threshold": 0.536,
        "quality_flag": "accepted"
      },
      "geometry": {
        "type": "Polygon",
        "coordinates": [
          [
            [
              -70.61369528,
              -12.88863117
            ],
            [
              -70.61074687,
              -12.88864933
            ],
            [
              -70.61076536,
              -12.89154187
            ],
            [
              -70.61371381,
              -12.8915237
            ],
            [
              -70.61369528,
              -12.88863117
            ]
          ]
        ]
      }
    },
    {
      "type": "Feature",
      "properties": {
        "patch_id": "huepetuhe_inference_area_r000104_c000832",
        "aoi_id": "huepetuhe_inference_area",
        "probability": 0.5541629,
        "prediction": 1,
        "threshold": 0.536,
        "quality_flag": "accepted"
      },
      "geometry": {
        "type": "Polygon",
        "coordinates": [
          [
            [
              -70.6734046,
              -12.8889794
            ],
            [
              -70.67045626,
              -12.88899823
            ],
            [
              -70.67047544,
              -12.89189069
            ],
            [
              -70.67342381,
              -12.89187185
            ],
            [
              -70.6734046,
              -12.8889794
            ]
          ]
        ]
      }
    },
    {
      "type": "Feature",
      "properties": {
        "patch_id": "huepetuhe_inference_area_r000104_c001072",
        "aoi_id": "huepetuhe_inference_area",
        "probability": 0.4932298,
        "prediction": 0,
        "threshold": 0.536,
        "quality_flag": "accepted"
      },
      "geometry": {
        "type": "Polygon",
        "coordinates": [
          [
            [
              -70.65129197,
              -12.88911984
            ],
            [
              -70.6483436,
              -12.88913842
            ],
            [
              -70.64836253,
              -12.89203091
            ],
            [
              -70.65131093,
              -12.89201232
            ],
            [
              -70.65129197,
              -12.88911984
            ]
          ]
        ]
      }
    },
    {
      "type": "Feature",
      "properties": {
        "patch_id": "huepetuhe_inference_area_r000112_c000240",
        "aoi_id": "huepetuhe_inference_area",
        "probability": 0.6149108,
        "prediction": 1,
        "threshold": 0.536,
        "quality_flag": "accepted"
      },
      "geometry": {
        "type": "Polygon",
        "coordinates": [
          [
            [
              -70.72795289,
              -12.8893481
            ],
            [
              -70.72500464,
              -12.88936755
            ],
            [
              -70.72502445,
              -12.89225993
            ],
            [
              -70.72797274,
              -12.89224047
            ],
            [
              -70.72795289,
              -12.8893481
            ]
          ]
        ]
      }
    },
    {
      "type": "Feature",
      "properties": {
        "patch_id": "huepetuhe_inference_area_r000120_c000568",
        "aoi_id": "huepetuhe_inference_area",
        "probability": 0.7213696,
        "prediction": 1,
        "threshold": 0.536,
        "quality_flag": "accepted"
      },
      "geometry": {
        "type": "Polygon",
        "coordinates": [
          [
            [
              -70.69773792,
              -12.89026897
            ],
            [
              -70.69478961,
              -12.89028808
            ],
            [
              -70.69480907,
              -12.8931805
            ],
            [
              -70.69775742,
              -12.89316139
            ],
            [
              -70.69773792,
              -12.89026897
            ]
          ]
        ]
      }
    },
    {
      "type": "Feature",
      "properties": {
        "patch_id": "huepetuhe_inference_area_r000120_c000680",
        "aoi_id": "huepetuhe_inference_area",
        "probability": 0.536012,
        "prediction": 1,
        "threshold": 0.536,
        "quality_flag": "accepted"
      },
      "geometry": {
        "type": "Polygon",
        "coordinates": [
          [
            [
              -70.68741881,
              -12.89033571
            ],
            [
              -70.68447048,
              -12.8903547
            ],
            [
              -70.68448982,
              -12.89324714
            ],
            [
              -70.68743819,
              -12.89322814
            ],
            [
              -70.68741881,
              -12.89033571
            ]
          ]
        ]
      }
    },
    {
      "type": "Feature",
      "properties": {
        "patch_id": "huepetuhe_inference_area_r000120_c000776",
        "aoi_id": "huepetuhe_inference_area",
        "probability": 0.4856796,
        "prediction": 0,
        "threshold": 0.536,
        "quality_flag": "accepted"
      },
      "geometry": {
        "type": "Polygon",
        "coordinates": [
          [
            [
              -70.67857381,
              -12.89039259
            ],
            [
              -70.67562546,
              -12.89041148
            ],
            [
              -70.67564471,
              -12.89330393
            ],
            [
              -70.67859308,
              -12.89328503
            ],
            [
              -70.67857381,
              -12.89039259
            ]
          ]
        ]
      }
    },
    {
      "type": "Feature",
      "properties": {
        "patch_id": "huepetuhe_inference_area_r000120_c000920",
        "aoi_id": "huepetuhe_inference_area",
        "probability": 0.4080328,
        "prediction": 0,
        "threshold": 0.536,
        "quality_flag": "accepted"
      },
      "geometry": {
        "type": "Polygon",
        "coordinates": [
          [
            [
              -70.66530622,
              -12.89047734
            ],
            [
              -70.66235786,
              -12.89049609
            ],
            [
              -70.66237695,
              -12.89338856
            ],
            [
              -70.66532535,
              -12.89336981
            ],
            [
              -70.66530622,
              -12.89047734
            ]
          ]
        ]
      }
    },
    {
      "type": "Feature",
      "properties": {
        "patch_id": "huepetuhe_inference_area_r000136_c000488",
        "aoi_id": "huepetuhe_inference_area",
        "probability": 0.7072574,
        "prediction": 1,
        "threshold": 0.536,
        "quality_flag": "accepted"
      },
      "geometry": {
        "type": "Polygon",
        "coordinates": [
          [
            [
              -70.70511848,
              -12.89166726
            ],
            [
              -70.70217016,
              -12.89168645
            ],
            [
              -70.70218971,
              -12.89457886
            ],
            [
              -70.70513806,
              -12.89455966
            ],
            [
              -70.70511848,
              -12.89166726
            ]
          ]
        ]
      }
    },
    {
      "type": "Feature",
      "properties": {
        "patch_id": "huepetuhe_inference_area_r000136_c001224",
        "aoi_id": "huepetuhe_inference_area",
        "probability": 0.6681406,
        "prediction": 1,
        "threshold": 0.536,
        "quality_flag": "accepted"
      },
      "geometry": {
        "type": "Polygon",
        "coordinates": [
          [
            [
              -70.63730598,
              -12.89210032
            ],
            [
              -70.63435755,
              -12.89211875
            ],
            [
              -70.63437632,
              -12.89501126
            ],
            [
              -70.63732478,
              -12.89499283
            ],
            [
              -70.63730598,
              -12.89210032
            ]
          ]
        ]
      }
    },
    {
      "type": "Feature",
      "properties": {
        "patch_id": "huepetuhe_inference_area_r000144_c000064",
        "aoi_id": "huepetuhe_inference_area",
        "probability": 0.2476221,
        "prediction": 0,
        "threshold": 0.536,
        "quality_flag": "accepted"
      },
      "geometry": {
        "type": "Polygon",
        "coordinates": [
          [
            [
              -70.74418824,
              -12.89213289
            ],
            [
              -70.74123998,
              -12.89215253
            ],
            [
              -70.74125998,
              -12.89504488
            ],
            [
              -70.74420827,
              -12.89502524
            ],
            [
              -70.74418824,
              -12.89213289
            ]
          ]
        ]
      }
    },
    {
      "type": "Feature",
      "properties": {
        "patch_id": "huepetuhe_inference_area_r000144_c000200",
        "aoi_id": "huepetuhe_inference_area",
        "probability": 0.4916066,
        "prediction": 0,
        "threshold": 0.536,
        "quality_flag": "accepted"
      },
      "geometry": {
        "type": "Polygon",
        "coordinates": [
          [
            [
              -70.73165809,
              -12.89221611
            ],
            [
              -70.72870981,
              -12.89223561
            ],
            [
              -70.72872966,
              -12.89512797
            ],
            [
              -70.73167798,
              -12.89510848
            ],
            [
              -70.73165809,
              -12.89221611
            ]
          ]
        ]
      }
    },
    {
      "type": "Feature",
      "properties": {
        "patch_id": "huepetuhe_inference_area_r000144_c000392",
        "aoi_id": "huepetuhe_inference_area",
        "probability": 0.5682851,
        "prediction": 1,
        "threshold": 0.536,
        "quality_flag": "accepted"
      },
      "geometry": {
        "type": "Polygon",
        "coordinates": [
          [
            [
              -70.71396832,
              -12.89233258
            ],
            [
              -70.71102001,
              -12.89235187
            ],
            [
              -70.71103966,
              -12.89524427
            ],
            [
              -70.71398801,
              -12.89522497
            ],
            [
              -70.71396832,
              -12.89233258
            ]
          ]
        ]
      }
    },
    {
      "type": "Feature",
      "properties": {
        "patch_id": "huepetuhe_inference_area_r000144_c000504",
        "aoi_id": "huepetuhe_inference_area",
        "probability": 0.4276004,
        "prediction": 0,
        "threshold": 0.536,
        "quality_flag": "accepted"
      },
      "geometry": {
        "type": "Polygon",
        "coordinates": [
          [
            [
              -70.70364921,
              -12.89239996
            ],
            [
              -70.70070088,
              -12.89241914
            ],
            [
              -70.70072041,
              -12.89531155
            ],
            [
              -70.70366878,
              -12.89529237
            ],
            [
              -70.70364921,
              -12.89239996
            ]
          ]
        ]
      }
    },
    {
      "type": "Feature",
      "properties": {
        "patch_id": "huepetuhe_inference_area_r000152_c000560",
        "aoi_id": "huepetuhe_inference_area",
        "probability": 0.5359779,
        "prediction": 0,
        "threshold": 0.536,
        "quality_flag": "accepted"
      },
      "geometry": {
        "type": "Polygon",
        "coordinates": [
          [
            [
              -70.69849451,
              -12.89315661
            ],
            [
              -70.69554616,
              -12.89317573
            ],
            [
              -70.69556564,
              -12.89606815
            ],
            [
              -70.69851402,
              -12.89604902
            ],
            [
              -70.69849451,
              -12.89315661
            ]
          ]
        ]
      }
    },
    {
      "type": "Feature",
      "properties": {
        "patch_id": "huepetuhe_inference_area_r000152_c000808",
        "aoi_id": "huepetuhe_inference_area",
        "probability": 0.6522085,
        "prediction": 1,
        "threshold": 0.536,
        "quality_flag": "accepted"
      },
      "geometry": {
        "type": "Polygon",
        "coordinates": [
          [
            [
              -70.67564471,
              -12.89330393
            ],
            [
              -70.67269632,
              -12.89332279
            ],
            [
              -70.67271554,
              -12.89621525
            ],
            [
              -70.67566395,
              -12.89619638
            ],
            [
              -70.67564471,
              -12.89330393
            ]
          ]
        ]
      }
    },
    {
      "type": "Feature",
      "properties": {
        "patch_id": "huepetuhe_inference_area_r000152_c001328",
        "aoi_id": "huepetuhe_inference_area",
        "probability": 0.3219599,
        "prediction": 0,
        "threshold": 0.536,
        "quality_flag": "accepted"
      },
      "geometry": {
        "type": "Polygon",
        "coordinates": [
          [
            [
              -70.62773293,
              -12.89360636
            ],
            [
              -70.62478447,
              -12.89362469
            ],
            [
              -70.62480313,
              -12.89651721
            ],
            [
              -70.62775162,
              -12.89649888
            ],
            [
              -70.62773293,
              -12.89360636
            ]
          ]
        ]
      }
    },
    {
      "type": "Feature",
      "properties": {
        "patch_id": "huepetuhe_inference_area_r000168_c000528",
        "aoi_id": "huepetuhe_inference_area",
        "probability": 0.4988587,
        "prediction": 0,
        "threshold": 0.536,
        "quality_flag": "accepted"
      },
      "geometry": {
        "type": "Polygon",
        "coordinates": [
          [
            [
              -70.70145262,
              -12.89458366
            ],
            [
              -70.69850426,
              -12.89460281
            ],
            [
              -70.69852377,
              -12.89749523
            ],
            [
              -70.70147217,
              -12.89747606
            ],
            [
              -70.70145262,
              -12.89458366
            ]
          ]
        ]
      }
    },
    {
      "type": "Feature",
      "properties": {
        "patch_id": "huepetuhe_inference_area_r000184_c000744",
        "aoi_id": "huepetuhe_inference_area",
        "probability": 0.4951003,
        "prediction": 0,
        "threshold": 0.536,
        "quality_flag": "accepted"
      },
      "geometry": {
        "type": "Polygon",
        "coordinates": [
          [
            [
              -70.68156077,
              -12.89615854
            ],
            [
              -70.67861237,
              -12.89617747
            ],
            [
              -70.67863165,
              -12.89906992
            ],
            [
              -70.68158009,
              -12.89905098
            ],
            [
              -70.68156077,
              -12.89615854
            ]
          ]
        ]
      }
    },
    {
      "type": "Feature",
      "properties": {
        "patch_id": "huepetuhe_inference_area_r000192_c000152",
        "aoi_id": "huepetuhe_inference_area",
        "probability": 0.400799,
        "prediction": 0,
        "threshold": 0.536,
        "quality_flag": "accepted"
      },
      "geometry": {
        "type": "Polygon",
        "coordinates": [
          [
            [
              -70.73611042,
              -12.89652534
            ],
            [
              -70.73316209,
              -12.89654489
            ],
            [
              -70.73318201,
              -12.89943725
            ],
            [
              -70.73613037,
              -12.8994177
            ],
            [
              -70.73611042,
              -12.89652534
            ]
          ]
        ]
      }
    },
    {
      "type": "Feature",
      "properties": {
        "patch_id": "huepetuhe_inference_area_r000216_c000920",
        "aoi_id": "huepetuhe_inference_area",
        "probability": 0.6356345,
        "prediction": 1,
        "threshold": 0.536,
        "quality_flag": "accepted"
      },
      "geometry": {
        "type": "Polygon",
        "coordinates": [
          [
            [
              -70.66536361,
              -12.89915473
            ],
            [
              -70.66241515,
              -12.89917349
            ],
            [
              -70.66243425,
              -12.90206596
            ],
            [
              -70.66538275,
              -12.9020472
            ],
            [
              -70.66536361,
              -12.89915473
            ]
          ]
        ]
      }
    },
    {
      "type": "Feature",
      "properties": {
        "patch_id": "huepetuhe_inference_area_r000224_c000232",
        "aoi_id": "huepetuhe_inference_area",
        "probability": 0.6112983,
        "prediction": 1,
        "threshold": 0.536,
        "quality_flag": "accepted"
      },
      "geometry": {
        "type": "Polygon",
        "coordinates": [
          [
            [
              -70.72875946,
              -12.89946652
            ],
            [
              -70.72581108,
              -12.899486
            ],
            [
              -70.72583092,
              -12.90237837
            ],
            [
              -70.72877933,
              -12.90235889
            ],
            [
              -70.72875946,
              -12.89946652
            ]
          ]
        ]
      }
    },
    {
      "type": "Feature",
      "properties": {
        "patch_id": "huepetuhe_inference_area_r000224_c000728",
        "aoi_id": "huepetuhe_inference_area",
        "probability": 0.5866962,
        "prediction": 1,
        "threshold": 0.536,
        "quality_flag": "accepted"
      },
      "geometry": {
        "type": "Polygon",
        "coordinates": [
          [
            [
              -70.68305915,
              -12.8997646
            ],
            [
              -70.6801107,
              -12.89978356
            ],
            [
              -70.68013001,
              -12.902676
            ],
            [
              -70.68307849,
              -12.90265704
            ],
            [
              -70.68305915,
              -12.8997646
            ]
          ]
        ]
      }
    },
    {
      "type": "Feature",
      "properties": {
        "patch_id": "huepetuhe_inference_area_r000224_c000936",
        "aoi_id": "huepetuhe_inference_area",
        "probability": 0.5389266,
        "prediction": 1,
        "threshold": 0.536,
        "quality_flag": "accepted"
      },
      "geometry": {
        "type": "Polygon",
        "coordinates": [
          [
            [
              -70.66389416,
              -12.89988723
            ],
            [
              -70.66094568,
              -12.89990597
            ],
            [
              -70.66096477,
              -12.90279844
            ],
            [
              -70.66391329,
              -12.9027797
            ],
            [
              -70.66389416,
              -12.89988723
            ]
          ]
        ]
      }
    },
    {
      "type": "Feature",
      "properties": {
        "patch_id": "huepetuhe_inference_area_r000232_c000496",
        "aoi_id": "huepetuhe_inference_area",
        "probability": 0.4144317,
        "prediction": 0,
        "threshold": 0.536,
        "quality_flag": "accepted"
      },
      "geometry": {
        "type": "Polygon",
        "coordinates": [
          [
            [
              -70.70444014,
              -12.90034927
            ],
            [
              -70.70149172,
              -12.90036847
            ],
            [
              -70.70151127,
              -12.90326088
            ],
            [
              -70.70445973,
              -12.90324168
            ],
            [
              -70.70444014,
              -12.90034927
            ]
          ]
        ]
      }
    },
    {
      "type": "Feature",
      "properties": {
        "patch_id": "huepetuhe_inference_area_r000240_c000312",
        "aoi_id": "huepetuhe_inference_area",
        "probability": 0.6797547,
        "prediction": 1,
        "threshold": 0.536,
        "quality_flag": "accepted"
      },
      "geometry": {
        "type": "Polygon",
        "coordinates": [
          [
            [
              -70.72139841,
              -12.90096133
            ],
            [
              -70.71845001,
              -12.90098072
            ],
            [
              -70.71846976,
              -12.9038731
            ],
            [
              -70.72141819,
              -12.90385371
            ],
            [
              -70.72139841,
              -12.90096133
            ]
          ]
        ]
      }
    },
    {
      "type": "Feature",
      "properties": {
        "patch_id": "huepetuhe_inference_area_r000240_c000944",
        "aoi_id": "huepetuhe_inference_area",
        "probability": 0.6031327,
        "prediction": 1,
        "threshold": 0.536,
        "quality_flag": "accepted"
      },
      "geometry": {
        "type": "Polygon",
        "coordinates": [
          [
            [
              -70.6631666,
              -12.90133815
            ],
            [
              -70.66021811,
              -12.90135689
            ],
            [
              -70.66023719,
              -12.90424936
            ],
            [
              -70.66318572,
              -12.90423062
            ],
            [
              -70.6631666,
              -12.90133815
            ]
          ]
        ]
      }
    },
    {
      "type": "Feature",
      "properties": {
        "patch_id": "huepetuhe_inference_area_r000248_c000120",
        "aoi_id": "huepetuhe_inference_area",
        "probability": 0.4701249,
        "prediction": 0,
        "threshold": 0.536,
        "quality_flag": "accepted"
      },
      "geometry": {
        "type": "Polygon",
        "coordinates": [
          [
            [
              -70.73909371,
              -12.90156737
            ],
            [
              -70.73614533,
              -12.90158697
            ],
            [
              -70.73616529,
              -12.90447932
            ],
            [
              -70.7391137,
              -12.90445972
            ],
            [
              -70.73909371,
              -12.90156737
            ]
          ]
        ]
      }
    },
    {
      "type": "Feature",
      "properties": {
        "patch_id": "huepetuhe_inference_area_r000248_c000816",
        "aoi_id": "huepetuhe_inference_area",
        "probability": 0.5005958,
        "prediction": 0,
        "threshold": 0.536,
        "quality_flag": "accepted"
      },
      "geometry": {
        "type": "Polygon",
        "coordinates": [
          [
            [
              -70.67496535,
              -12.90198599
            ],
            [
              -70.67201686,
              -12.90200486
            ],
            [
              -70.67203608,
              -12.90489731
            ],
            [
              -70.6749846,
              -12.90487844
            ],
            [
              -70.67496535,
              -12.90198599
            ]
          ]
        ]
      }
    },
    {
      "type": "Feature",
      "properties": {
        "patch_id": "huepetuhe_inference_area_r000256_c000184",
        "aoi_id": "huepetuhe_inference_area",
        "probability": 0.4565305,
        "prediction": 0,
        "threshold": 0.536,
        "quality_flag": "accepted"
      },
      "geometry": {
        "type": "Polygon",
        "coordinates": [
          [
            [
              -70.73320193,
              -12.90232961
            ],
            [
              -70.73025353,
              -12.90234914
            ],
            [
              -70.73027342,
              -12.9052415
            ],
            [
              -70.73322185,
              -12.90522197
            ],
            [
              -70.73320193,
              -12.90232961
            ]
          ]
        ]
      }
    },
    {
      "type": "Feature",
      "properties": {
        "patch_id": "huepetuhe_inference_area_r000256_c000632",
        "aoi_id": "huepetuhe_inference_area",
        "probability": 0.5101063,
        "prediction": 0,
        "threshold": 0.536,
        "quality_flag": "accepted"
      },
      "geometry": {
        "type": "Polygon",
        "coordinates": [
          [
            [
              -70.6919239,
              -12.90259996
            ],
            [
              -70.68897544,
              -12.90261902
            ],
            [
              -70.68899485,
              -12.90551144
            ],
            [
              -70.69194335,
              -12.90549238
            ],
            [
              -70.6919239,
              -12.90259996
            ]
          ]
        ]
      }
    },
    {
      "type": "Feature",
      "properties": {
        "patch_id": "huepetuhe_inference_area_r000264_c000888",
        "aoi_id": "huepetuhe_inference_area",
        "probability": 0.8135836,
        "prediction": 1,
        "threshold": 0.536,
        "quality_flag": "accepted"
      },
      "geometry": {
        "type": "Polygon",
        "coordinates": [
          [
            [
              -70.66834084,
              -12.90347463
            ],
            [
              -70.66539232,
              -12.90349343
            ],
            [
              -70.66541147,
              -12.90638589
            ],
            [
              -70.66836002,
              -12.90636709
            ],
            [
              -70.66834084,
              -12.90347463
            ]
          ]
        ]
      }
    },
    {
      "type": "Feature",
      "properties": {
        "patch_id": "huepetuhe_inference_area_r000272_c000264",
        "aoi_id": "huepetuhe_inference_area",
        "probability": 0.4604827,
        "prediction": 0,
        "threshold": 0.536,
        "quality_flag": "accepted"
      },
      "geometry": {
        "type": "Polygon",
        "coordinates": [
          [
            [
              -70.72584084,
              -12.90382455
            ],
            [
              -70.72289241,
              -12.903844
            ],
            [
              -70.72291222,
              -12.90673637
            ],
            [
              -70.72586068,
              -12.90671692
            ],
            [
              -70.72584084,
              -12.90382455
            ]
          ]
        ]
      }
    },
    {
      "type": "Feature",
      "properties": {
        "patch_id": "huepetuhe_inference_area_r000272_c000712",
        "aoi_id": "huepetuhe_inference_area",
        "probability": 0.873158,
        "prediction": 1,
        "threshold": 0.536,
        "quality_flag": "accepted"
      },
      "geometry": {
        "type": "Polygon",
        "coordinates": [
          [
            [
              -70.68456241,
              -12.90409376
            ],
            [
              -70.68161392,
              -12.90411274
            ],
            [
              -70.68163325,
              -12.90700518
            ],
            [
              -70.68458178,
              -12.9069862
            ],
            [
              -70.68456241,
              -12.90409376
            ]
          ]
        ]
      }
    },
    {
      "type": "Feature",
      "properties": {
        "patch_id": "huepetuhe_inference_area_r000272_c000888",
        "aoi_id": "huepetuhe_inference_area",
        "probability": 0.6704546,
        "prediction": 1,
        "threshold": 0.536,
        "quality_flag": "accepted"
      },
      "geometry": {
        "type": "Polygon",
        "coordinates": [
          [
            [
              -70.66834563,
              -12.90419774
            ],
            [
              -70.66539711,
              -12.90421654
            ],
            [
              -70.66541626,
              -12.907109
            ],
            [
              -70.66836481,
              -12.9070902
            ],
            [
              -70.66834563,
              -12.90419774
            ]
          ]
        ]
      }
    },
    {
      "type": "Feature",
      "properties": {
        "patch_id": "huepetuhe_inference_area_r000280_c000112",
        "aoi_id": "huepetuhe_inference_area",
        "probability": 0.7505445,
        "prediction": 1,
        "threshold": 0.536,
        "quality_flag": "accepted"
      },
      "geometry": {
        "type": "Polygon",
        "coordinates": [
          [
            [
              -70.73985081,
              -12.90445482
            ],
            [
              -70.73690239,
              -12.90447442
            ],
            [
              -70.73692236,
              -12.90736678
            ],
            [
              -70.73987081,
              -12.90734717
            ],
            [
              -70.73985081,
              -12.90445482
            ]
          ]
        ]
      }
    },
    {
      "type": "Feature",
      "properties": {
        "patch_id": "huepetuhe_inference_area_r000280_c000336",
        "aoi_id": "huepetuhe_inference_area",
        "probability": 0.8585772,
        "prediction": 1,
        "threshold": 0.536,
        "quality_flag": "accepted"
      },
      "geometry": {
        "type": "Polygon",
        "coordinates": [
          [
            [
              -70.71921181,
              -12.90459135
            ],
            [
              -70.71626336,
              -12.90461072
            ],
            [
              -70.71628309,
              -12.90750311
            ],
            [
              -70.71923158,
              -12.90748373
            ],
            [
              -70.71921181,
              -12.90459135
            ]
          ]
        ]
      }
    },
    {
      "type": "Feature",
      "properties": {
        "patch_id": "huepetuhe_inference_area_r000288_c000504",
        "aoi_id": "huepetuhe_inference_area",
        "probability": 0.6317207,
        "prediction": 1,
        "threshold": 0.536,
        "quality_flag": "accepted"
      },
      "geometry": {
        "type": "Polygon",
        "coordinates": [
          [
            [
              -70.7037373,
              -12.90541578
            ],
            [
              -70.70078882,
              -12.90543498
            ],
            [
              -70.70080838,
              -12.90832739
            ],
            [
              -70.70375689,
              -12.90830819
            ],
            [
              -70.7037373,
              -12.90541578
            ]
          ]
        ]
      }
    },
    {
      "type": "Feature",
      "properties": {
        "patch_id": "huepetuhe_inference_area_r000288_c000536",
        "aoi_id": "huepetuhe_inference_area",
        "probability": 0.5375757,
        "prediction": 1,
        "threshold": 0.536,
        "quality_flag": "accepted"
      },
      "geometry": {
        "type": "Polygon",
        "coordinates": [
          [
            [
              -70.70078882,
              -12.90543498
            ],
            [
              -70.69784034,
              -12.90545415
            ],
            [
              -70.69785986,
              -12.90834656
            ],
            [
              -70.70080838,
              -12.90832739
            ],
            [
              -70.70078882,
              -12.90543498
            ]
          ]
        ]
      }
    },
    {
      "type": "Feature",
      "properties": {
        "patch_id": "huepetuhe_inference_area_r000304_c000104",
        "aoi_id": "huepetuhe_inference_area",
        "probability": 0.6500705,
        "prediction": 1,
        "threshold": 0.536,
        "quality_flag": "accepted"
      },
      "geometry": {
        "type": "Polygon",
        "coordinates": [
          [
            [
              -70.74060292,
              -12.90661917
            ],
            [
              -70.73765448,
              -12.90663879
            ],
            [
              -70.73767446,
              -12.90953114
            ],
            [
              -70.74062293,
              -12.90951152
            ],
            [
              -70.74060292,
              -12.90661917
            ]
          ]
        ]
      }
    },
    {
      "type": "Feature",
      "properties": {
        "patch_id": "huepetuhe_inference_area_r000304_c001312",
        "aoi_id": "huepetuhe_inference_area",
        "probability": 0.5796455,
        "prediction": 1,
        "threshold": 0.536,
        "quality_flag": "accepted"
      },
      "geometry": {
        "type": "Polygon",
        "coordinates": [
          [
            [
              -70.62929609,
              -12.90733663
            ],
            [
              -70.62634748,
              -12.90735499
            ],
            [
              -70.62636618,
              -12.91024751
            ],
            [
              -70.62931483,
              -12.91022914
            ],
            [
              -70.62929609,
              -12.90733663
            ]
          ]
        ]
      }
    },
    {
      "type": "Feature",
      "properties": {
        "patch_id": "huepetuhe_inference_area_r000320_c000632",
        "aoi_id": "huepetuhe_inference_area",
        "probability": 0.7384076,
        "prediction": 1,
        "threshold": 0.536,
        "quality_flag": "accepted"
      },
      "geometry": {
        "type": "Polygon",
        "coordinates": [
          [
            [
              -70.69196281,
              -12.9083848
            ],
            [
              -70.68901427,
              -12.90840387
            ],
            [
              -70.6890337,
              -12.91129629
            ],
            [
              -70.69198227,
              -12.91127722
            ],
            [
              -70.69196281,
              -12.9083848
            ]
          ]
        ]
      }
    },
    {
      "type": "Feature",
      "properties": {
        "patch_id": "huepetuhe_inference_area_r000320_c000784",
        "aoi_id": "huepetuhe_inference_area",
        "probability": 0.5433786,
        "prediction": 1,
        "threshold": 0.536,
        "quality_flag": "accepted"
      },
      "geometry": {
        "type": "Polygon",
        "coordinates": [
          [
            [
              -70.67795723,
              -12.90847508
            ],
            [
              -70.67500867,
              -12.908494
            ],
            [
              -70.67502794,
              -12.91138644
            ],
            [
              -70.67797653,
              -12.91136753
            ],
            [
              -70.67795723,
              -12.90847508
            ]
          ]
        ]
      }
    },
    {
      "type": "Feature",
      "properties": {
        "patch_id": "huepetuhe_inference_area_r000320_c001328",
        "aoi_id": "huepetuhe_inference_area",
        "probability": 0.5176115,
        "prediction": 0,
        "threshold": 0.536,
        "quality_flag": "accepted"
      },
      "geometry": {
        "type": "Polygon",
        "coordinates": [
          [
            [
              -70.62783114,
              -12.90879207
            ],
            [
              -70.62488251,
              -12.90881042
            ],
            [
              -70.6249012,
              -12.91170294
            ],
            [
              -70.62784987,
              -12.91168459
            ],
            [
              -70.62783114,
              -12.90879207
            ]
          ]
        ]
      }
    },
    {
      "type": "Feature",
      "properties": {
        "patch_id": "huepetuhe_inference_area_r000328_c000040",
        "aoi_id": "huepetuhe_inference_area",
        "probability": 0.7155512,
        "prediction": 1,
        "threshold": 0.536,
        "quality_flag": "accepted"
      },
      "geometry": {
        "type": "Polygon",
        "coordinates": [
          [
            [
              -70.74651484,
              -12.9087491
            ],
            [
              -70.74356639,
              -12.90876878
            ],
            [
              -70.74358644,
              -12.91166112
            ],
            [
              -70.74653493,
              -12.91164143
            ],
            [
              -70.74651484,
              -12.9087491
            ]
          ]
        ]
      }
    },
    {
      "type": "Feature",
      "properties": {
        "patch_id": "huepetuhe_inference_area_r000328_c000864",
        "aoi_id": "huepetuhe_inference_area",
        "probability": 0.6131503,
        "prediction": 1,
        "threshold": 0.536,
        "quality_flag": "accepted"
      },
      "geometry": {
        "type": "Polygon",
        "coordinates": [
          [
            [
              -70.67059063,
              -12.90924542
            ],
            [
              -70.66764206,
              -12.90926425
            ],
            [
              -70.66766124,
              -12.9121567
            ],
            [
              -70.67060985,
              -12.91213787
            ],
            [
              -70.67059063,
              -12.90924542
            ]
          ]
        ]
      }
    },
    {
      "type": "Feature",
      "properties": {
        "patch_id": "huepetuhe_inference_area_r000328_c001320",
        "aoi_id": "huepetuhe_inference_area",
        "probability": 0.6065711,
        "prediction": 1,
        "threshold": 0.536,
        "quality_flag": "accepted"
      },
      "geometry": {
        "type": "Polygon",
        "coordinates": [
          [
            [
              -70.62857298,
              -12.90951061
            ],
            [
              -70.62562434,
              -12.90952896
            ],
            [
              -70.62564304,
              -12.91242148
            ],
            [
              -70.62859172,
              -12.91240312
            ],
            [
              -70.62857298,
              -12.90951061
            ]
          ]
        ]
      }
    },
    {
      "type": "Feature",
      "properties": {
        "patch_id": "huepetuhe_inference_area_r000352_c000072",
        "aoi_id": "huepetuhe_inference_area",
        "probability": 0.6017653,
        "prediction": 1,
        "threshold": 0.536,
        "quality_flag": "accepted"
      },
      "geometry": {
        "type": "Polygon",
        "coordinates": [
          [
            [
              -70.74358142,
              -12.91093804
            ],
            [
              -70.74063294,
              -12.91095769
            ],
            [
              -70.74065296,
              -12.91385004
            ],
            [
              -70.74360148,
              -12.91383038
            ],
            [
              -70.74358142,
              -12.91093804
            ]
          ]
        ]
      }
    },
    {
      "type": "Feature",
      "properties": {
        "patch_id": "huepetuhe_inference_area_r000360_c000768",
        "aoi_id": "huepetuhe_inference_area",
        "probability": 0.591752,
        "prediction": 1,
        "threshold": 0.536,
        "quality_flag": "accepted"
      },
      "geometry": {
        "type": "Polygon",
        "coordinates": [
          [
            [
              -70.67945565,
              -12.91208116
            ],
            [
              -70.67650705,
              -12.9121001
            ],
            [
              -70.67652634,
              -12.91499254
            ],
            [
              -70.67947497,
              -12.9149736
            ],
            [
              -70.67945565,
              -12.91208116
            ]
          ]
        ]
      }
    },
    {
      "type": "Feature",
      "properties": {
        "patch_id": "huepetuhe_inference_area_r000368_c000512",
        "aoi_id": "huepetuhe_inference_area",
        "probability": 0.4642622,
        "prediction": 0,
        "threshold": 0.536,
        "quality_flag": "accepted"
      },
      "geometry": {
        "type": "Polygon",
        "coordinates": [
          [
            [
              -70.70304915,
              -12.9126516
            ],
            [
              -70.70010058,
              -12.9126708
            ],
            [
              -70.70012014,
              -12.9155632
            ],
            [
              -70.70306874,
              -12.915544
            ],
            [
              -70.70304915,
              -12.9126516
            ]
          ]
        ]
      }
    },
    {
      "type": "Feature",
      "properties": {
        "patch_id": "huepetuhe_inference_area_r000368_c000584",
        "aoi_id": "huepetuhe_inference_area",
        "probability": 0.5493982,
        "prediction": 1,
        "threshold": 0.536,
        "quality_flag": "accepted"
      },
      "geometry": {
        "type": "Polygon",
        "coordinates": [
          [
            [
              -70.69641486,
              -12.91269475
            ],
            [
              -70.69346629,
              -12.91271388
            ],
            [
              -70.69348577,
              -12.91560629
            ],
            [
              -70.69643438,
              -12.91558716
            ],
            [
              -70.69641486,
              -12.91269475
            ]
          ]
        ]
      }
    },
    {
      "type": "Feature",
      "properties": {
        "patch_id": "huepetuhe_inference_area_r000384_c000576",
        "aoi_id": "huepetuhe_inference_area",
        "probability": 0.3900645,
        "prediction": 0,
        "threshold": 0.536,
        "quality_flag": "accepted"
      },
      "geometry": {
        "type": "Polygon",
        "coordinates": [
          [
            [
              -70.69716177,
              -12.91413617
            ],
            [
              -70.69421318,
              -12.91415531
            ],
            [
              -70.69423267,
              -12.91704772
            ],
            [
              -70.6971813,
              -12.91702858
            ],
            [
              -70.69716177,
              -12.91413617
            ]
          ]
        ]
      }
    },
    {
      "type": "Feature",
      "properties": {
        "patch_id": "huepetuhe_inference_area_r000384_c000592",
        "aoi_id": "huepetuhe_inference_area",
        "probability": 0.4660734,
        "prediction": 0,
        "threshold": 0.536,
        "quality_flag": "accepted"
      },
      "geometry": {
        "type": "Polygon",
        "coordinates": [
          [
            [
              -70.69568747,
              -12.91414574
            ],
            [
              -70.69273888,
              -12.91416486
            ],
            [
              -70.69275836,
              -12.91705728
            ],
            [
              -70.69570699,
              -12.91703816
            ],
            [
              -70.69568747,
              -12.91414574
            ]
          ]
        ]
      }
    },
    {
      "type": "Feature",
      "properties": {
        "patch_id": "huepetuhe_inference_area_r000384_c000752",
        "aoi_id": "huepetuhe_inference_area",
        "probability": 0.7012665,
        "prediction": 1,
        "threshold": 0.536,
        "quality_flag": "accepted"
      },
      "geometry": {
        "type": "Polygon",
        "coordinates": [
          [
            [
              -70.68094445,
              -12.91424101
            ],
            [
              -70.67799583,
              -12.91425997
            ],
            [
              -70.67801514,
              -12.91715241
            ],
            [
              -70.68096379,
              -12.91713345
            ],
            [
              -70.68094445,
              -12.91424101
            ]
          ]
        ]
      }
    },
    {
      "type": "Feature",
      "properties": {
        "patch_id": "huepetuhe_inference_area_r000384_c001080",
        "aoi_id": "huepetuhe_inference_area",
        "probability": 0.6098465,
        "prediction": 1,
        "threshold": 0.536,
        "quality_flag": "accepted"
      },
      "geometry": {
        "type": "Polygon",
        "coordinates": [
          [
            [
              -70.65072088,
              -12.91443372
            ],
            [
              -70.64777221,
              -12.91445233
            ],
            [
              -70.64779118,
              -12.91734481
            ],
            [
              -70.65073988,
              -12.9173262
            ],
            [
              -70.65072088,
              -12.91443372
            ]
          ]
        ]
      }
    },
    {
      "type": "Feature",
      "properties": {
        "patch_id": "huepetuhe_inference_area_r000400_c000016",
        "aoi_id": "huepetuhe_inference_area",
        "probability": 0.5733934,
        "prediction": 1,
        "threshold": 0.536,
        "quality_flag": "accepted"
      },
      "geometry": {
        "type": "Polygon",
        "coordinates": [
          [
            [
              -70.74877144,
              -12.91524206
            ],
            [
              -70.74582291,
              -12.91526178
            ],
            [
              -70.745843,
              -12.91815412
            ],
            [
              -70.74879156,
              -12.91813439
            ],
            [
              -70.74877144,
              -12.91524206
            ]
          ]
        ]
      }
    },
    {
      "type": "Feature",
      "properties": {
        "patch_id": "huepetuhe_inference_area_r000400_c000256",
        "aoi_id": "huepetuhe_inference_area",
        "probability": 0.5511468,
        "prediction": 1,
        "threshold": 0.536,
        "quality_flag": "accepted"
      },
      "geometry": {
        "type": "Polygon",
        "coordinates": [
          [
            [
              -70.72665737,
              -12.91538916
            ],
            [
              -70.72370881,
              -12.91540863
            ],
            [
              -70.72372865,
              -12.918301
            ],
            [
              -70.72667724,
              -12.91828152
            ],
            [
              -70.72665737,
              -12.91538916
            ]
          ]
        ]
      }
    },
    {
      "type": "Feature",
      "properties": {
        "patch_id": "huepetuhe_inference_area_r000408_c000872",
        "aoi_id": "huepetuhe_inference_area",
        "probability": 0.5585919,
        "prediction": 1,
        "threshold": 0.536,
        "quality_flag": "accepted"
      },
      "geometry": {
        "type": "Polygon",
        "coordinates": [
          [
            [
              -70.66990151,
              -12.91648126
            ],
            [
              -70.66695285,
              -12.91650009
            ],
            [
              -70.66697204,
              -12.91939255
            ],
            [
              -70.66992073,
              -12.91937371
            ],
            [
              -70.66990151,
              -12.91648126
            ]
          ]
        ]
      }
    },
    {
      "type": "Feature",
      "properties": {
        "patch_id": "huepetuhe_inference_area_r000416_c000400",
        "aoi_id": "huepetuhe_inference_area",
        "probability": 0.4297944,
        "prediction": 0,
        "threshold": 0.536,
        "quality_flag": "accepted"
      },
      "geometry": {
        "type": "Polygon",
        "coordinates": [
          [
            [
              -70.71339866,
              -12.91692271
            ],
            [
              -70.71045006,
              -12.91694203
            ],
            [
              -70.71046975,
              -12.91983442
            ],
            [
              -70.71341838,
              -12.9198151
            ],
            [
              -70.71339866,
              -12.91692271
            ]
          ]
        ]
      }
    },
    {
      "type": "Feature",
      "properties": {
        "patch_id": "huepetuhe_inference_area_r000416_c000496",
        "aoi_id": "huepetuhe_inference_area",
        "probability": 0.4970099,
        "prediction": 0,
        "threshold": 0.536,
        "quality_flag": "accepted"
      },
      "geometry": {
        "type": "Polygon",
        "coordinates": [
          [
            [
              -70.70455285,
              -12.91698058
            ],
            [
              -70.70160423,
              -12.91699981
            ],
            [
              -70.70162381,
              -12.91989221
            ],
            [
              -70.70457246,
              -12.91987298
            ],
            [
              -70.70455285,
              -12.91698058
            ]
          ]
        ]
      }
    },
    {
      "type": "Feature",
      "properties": {
        "patch_id": "huepetuhe_inference_area_r000416_c000888",
        "aoi_id": "huepetuhe_inference_area",
        "probability": 0.5232811,
        "prediction": 0,
        "threshold": 0.536,
        "quality_flag": "accepted"
      },
      "geometry": {
        "type": "Polygon",
        "coordinates": [
          [
            [
              -70.66843198,
              -12.91721379
            ],
            [
              -70.66548331,
              -12.91723261
            ],
            [
              -70.66550248,
              -12.92012507
            ],
            [
              -70.66845119,
              -12.92010624
            ],
            [
              -70.66843198,
              -12.91721379
            ]
          ]
        ]
      }
    },
    {
      "type": "Feature",
      "properties": {
        "patch_id": "huepetuhe_inference_area_r000416_c001016",
        "aoi_id": "huepetuhe_inference_area",
        "probability": 0.5119323,
        "prediction": 0,
        "threshold": 0.536,
        "quality_flag": "accepted"
      },
      "geometry": {
        "type": "Polygon",
        "coordinates": [
          [
            [
              -70.65663726,
              -12.91728886
            ],
            [
              -70.65368857,
              -12.91730754
            ],
            [
              -70.6537076,
              -12.92020002
            ],
            [
              -70.65665633,
              -12.92018133
            ],
            [
              -70.65663726,
              -12.91728886
            ]
          ]
        ]
      }
    },
    {
      "type": "Feature",
      "properties": {
        "patch_id": "huepetuhe_inference_area_r000432_c001488",
        "aoi_id": "huepetuhe_inference_area",
        "probability": 0.3983555,
        "prediction": 0,
        "threshold": 0.536,
        "quality_flag": "accepted"
      },
      "geometry": {
        "type": "Polygon",
        "coordinates": [
          [
            [
              -70.61315288,
              -12.91900735
            ],
            [
              -70.6102041,
              -12.91902554
            ],
            [
              -70.61022264,
              -12.92191808
            ],
            [
              -70.61317145,
              -12.92189988
            ],
            [
              -70.61315288,
              -12.91900735
            ]
          ]
        ]
      }
    },
    {
      "type": "Feature",
      "properties": {
        "patch_id": "huepetuhe_inference_area_r000464_c000992",
        "aoi_id": "huepetuhe_inference_area",
        "probability": 0.7125549,
        "prediction": 1,
        "threshold": 0.536,
        "quality_flag": "accepted"
      },
      "geometry": {
        "type": "Polygon",
        "coordinates": [
          [
            [
              -70.65887742,
              -12.92161353
            ],
            [
              -70.65592868,
              -12.92163224
            ],
            [
              -70.65594775,
              -12.92452471
            ],
            [
              -70.65889652,
              -12.92450599
            ],
            [
              -70.65887742,
              -12.92161353
            ]
          ]
        ]
      }
    },
    {
      "type": "Feature",
      "properties": {
        "patch_id": "huepetuhe_inference_area_r000472_c000088",
        "aoi_id": "huepetuhe_inference_area",
        "probability": 0.6771093,
        "prediction": 1,
        "threshold": 0.536,
        "quality_flag": "accepted"
      },
      "geometry": {
        "type": "Polygon",
        "coordinates": [
          [
            [
              -70.74218236,
              -12.92179415
            ],
            [
              -70.73923375,
              -12.92181381
            ],
            [
              -70.73925377,
              -12.92470616
            ],
            [
              -70.74220242,
              -12.92468649
            ],
            [
              -70.74218236,
              -12.92179415
            ]
          ]
        ]
      }
    },
    {
      "type": "Feature",
      "properties": {
        "patch_id": "huepetuhe_inference_area_r000472_c000488",
        "aoi_id": "huepetuhe_inference_area",
        "probability": 0.3944842,
        "prediction": 0,
        "threshold": 0.536,
        "quality_flag": "accepted"
      },
      "geometry": {
        "type": "Polygon",
        "coordinates": [
          [
            [
              -70.70532435,
              -12.92203747
            ],
            [
              -70.70237567,
              -12.92205671
            ],
            [
              -70.70239527,
              -12.92494911
            ],
            [
              -70.70534398,
              -12.92492986
            ],
            [
              -70.70532435,
              -12.92203747
            ]
          ]
        ]
      }
    },
    {
      "type": "Feature",
      "properties": {
        "patch_id": "huepetuhe_inference_area_r000472_c001176",
        "aoi_id": "huepetuhe_inference_area",
        "probability": 0.9579616,
        "prediction": 1,
        "threshold": 0.536,
        "quality_flag": "accepted"
      },
      "geometry": {
        "type": "Polygon",
        "coordinates": [
          [
            [
              -70.64192683,
              -12.92244381
            ],
            [
              -70.63897806,
              -12.92246234
            ],
            [
              -70.63899693,
              -12.92535483
            ],
            [
              -70.64194574,
              -12.9253363
            ],
            [
              -70.64192683,
              -12.92244381
            ]
          ]
        ]
      }
    },
    {
      "type": "Feature",
      "properties": {
        "patch_id": "huepetuhe_inference_area_r000472_c001448",
        "aoi_id": "huepetuhe_inference_area",
        "probability": 0.3783526,
        "prediction": 0,
        "threshold": 0.536,
        "quality_flag": "accepted"
      },
      "geometry": {
        "type": "Polygon",
        "coordinates": [
          [
            [
              -70.61686211,
              -12.92260022
            ],
            [
              -70.6139133,
              -12.92261846
            ],
            [
              -70.61393188,
              -12.92551099
            ],
            [
              -70.61688073,
              -12.92549274
            ],
            [
              -70.61686211,
              -12.92260022
            ]
          ]
        ]
      }
    },
    {
      "type": "Feature",
      "properties": {
        "patch_id": "huepetuhe_inference_area_r000480_c000952",
        "aoi_id": "huepetuhe_inference_area",
        "probability": 0.345309,
        "prediction": 0,
        "threshold": 0.536,
        "quality_flag": "accepted"
      },
      "geometry": {
        "type": "Polygon",
        "coordinates": [
          [
            [
              -70.66257291,
              -12.92303632
            ],
            [
              -70.65962416,
              -12.92305507
            ],
            [
              -70.65964327,
              -12.92594754
            ],
            [
              -70.66259205,
              -12.92592878
            ],
            [
              -70.66257291,
              -12.92303632
            ]
          ]
        ]
      }
    },
    {
      "type": "Feature",
      "properties": {
        "patch_id": "huepetuhe_inference_area_r000488_c000520",
        "aoi_id": "huepetuhe_inference_area",
        "probability": 0.3641937,
        "prediction": 0,
        "threshold": 0.536,
        "quality_flag": "accepted"
      },
      "geometry": {
        "type": "Polygon",
        "coordinates": [
          [
            [
              -70.70238547,
              -12.92350291
            ],
            [
              -70.69943678,
              -12.92352212
            ],
            [
              -70.69945635,
              -12.92641452
            ],
            [
              -70.70240508,
              -12.92639531
            ],
            [
              -70.70238547,
              -12.92350291
            ]
          ]
        ]
      }
    },
    {
      "type": "Feature",
      "properties": {
        "patch_id": "huepetuhe_inference_area_r000488_c000744",
        "aoi_id": "huepetuhe_inference_area",
        "probability": 0.6335767,
        "prediction": 1,
        "threshold": 0.536,
        "quality_flag": "accepted"
      },
      "geometry": {
        "type": "Polygon",
        "coordinates": [
          [
            [
              -70.68174451,
              -12.92363668
            ],
            [
              -70.67879578,
              -12.92365565
            ],
            [
              -70.67881511,
              -12.92654809
            ],
            [
              -70.68176387,
              -12.92652911
            ],
            [
              -70.68174451,
              -12.92363668
            ]
          ]
        ]
      }
    },
    {
      "type": "Feature",
      "properties": {
        "patch_id": "huepetuhe_inference_area_r000504_c001264",
        "aoi_id": "huepetuhe_inference_area",
        "probability": 0.4875474,
        "prediction": 0,
        "threshold": 0.536,
        "quality_flag": "accepted"
      },
      "geometry": {
        "type": "Polygon",
        "coordinates": [
          [
            [
              -70.63383651,
              -12.92538718
            ],
            [
              -70.63088768,
              -12.92540562
            ],
            [
              -70.63090647,
              -12.92829812
            ],
            [
              -70.63385532,
              -12.92827968
            ],
            [
              -70.63383651,
              -12.92538718
            ]
          ]
        ]
      }
    },
    {
      "type": "Feature",
      "properties": {
        "patch_id": "huepetuhe_inference_area_r000512_c000360",
        "aoi_id": "huepetuhe_inference_area",
        "probability": 0.672608,
        "prediction": 1,
        "threshold": 0.536,
        "quality_flag": "accepted"
      },
      "geometry": {
        "type": "Polygon",
        "coordinates": [
          [
            [
              -70.71714371,
              -12.92557565
            ],
            [
              -70.71419501,
              -12.92559503
            ],
            [
              -70.71421475,
              -12.92848741
            ],
            [
              -70.71716348,
              -12.92846802
            ],
            [
              -70.71714371,
              -12.92557565
            ]
          ]
        ]
      }
    },
    {
      "type": "Feature",
      "properties": {
        "patch_id": "huepetuhe_inference_area_r000512_c000472",
        "aoi_id": "huepetuhe_inference_area",
        "probability": 0.5717226,
        "prediction": 1,
        "threshold": 0.536,
        "quality_flag": "accepted"
      },
      "geometry": {
        "type": "Polygon",
        "coordinates": [
          [
            [
              -70.70682325,
              -12.92564333
            ],
            [
              -70.70387453,
              -12.92566259
            ],
            [
              -70.70389416,
              -12.92855499
            ],
            [
              -70.7068429,
              -12.92853572
            ],
            [
              -70.70682325,
              -12.92564333
            ]
          ]
        ]
      }
    },
    {
      "type": "Feature",
      "properties": {
        "patch_id": "huepetuhe_inference_area_r000520_c000312",
        "aoi_id": "huepetuhe_inference_area",
        "probability": 0.7646743,
        "prediction": 1,
        "threshold": 0.536,
        "quality_flag": "accepted"
      },
      "geometry": {
        "type": "Polygon",
        "coordinates": [
          [
            [
              -70.7215717,
              -12.92626961
            ],
            [
              -70.718623,
              -12.92628904
            ],
            [
              -70.71864279,
              -12.92918141
            ],
            [
              -70.72159153,
              -12.92916198
            ],
            [
              -70.7215717,
              -12.92626961
            ]
          ]
        ]
      }
    },
    {
      "type": "Feature",
      "properties": {
        "patch_id": "huepetuhe_inference_area_r000528_c000368",
        "aoi_id": "huepetuhe_inference_area",
        "probability": 0.6842286,
        "prediction": 1,
        "threshold": 0.536,
        "quality_flag": "accepted"
      },
      "geometry": {
        "type": "Polygon",
        "coordinates": [
          [
            [
              -70.71641641,
              -12.92702668
            ],
            [
              -70.7134677,
              -12.92704606
            ],
            [
              -70.71348744,
              -12.92993844
            ],
            [
              -70.71643618,
              -12.92991906
            ],
            [
              -70.71641641,
              -12.92702668
            ]
          ]
        ]
      }
    },
    {
      "type": "Feature",
      "properties": {
        "patch_id": "huepetuhe_inference_area_r000528_c000400",
        "aoi_id": "huepetuhe_inference_area",
        "probability": 0.6202741,
        "prediction": 1,
        "threshold": 0.536,
        "quality_flag": "accepted"
      },
      "geometry": {
        "type": "Polygon",
        "coordinates": [
          [
            [
              -70.7134677,
              -12.92704606
            ],
            [
              -70.71051898,
              -12.9270654
            ],
            [
              -70.71053868,
              -12.92995778
            ],
            [
              -70.71348744,
              -12.92993844
            ],
            [
              -70.7134677,
              -12.92704606
            ]
          ]
        ]
      }
    },
    {
      "type": "Feature",
      "properties": {
        "patch_id": "huepetuhe_inference_area_r000528_c000968",
        "aoi_id": "huepetuhe_inference_area",
        "probability": 0.4776901,
        "prediction": 0,
        "threshold": 0.536,
        "quality_flag": "accepted"
      },
      "geometry": {
        "type": "Polygon",
        "coordinates": [
          [
            [
              -70.66112722,
              -12.92738439
            ],
            [
              -70.65817842,
              -12.92740314
            ],
            [
              -70.65819752,
              -12.93029561
            ],
            [
              -70.66114636,
              -12.93027685
            ],
            [
              -70.66112722,
              -12.92738439
            ]
          ]
        ]
      }
    },
    {
      "type": "Feature",
      "properties": {
        "patch_id": "huepetuhe_inference_area_r000536_c000000",
        "aoi_id": "huepetuhe_inference_area",
        "probability": 0.3184247,
        "prediction": 0,
        "threshold": 0.536,
        "quality_flag": "accepted"
      },
      "geometry": {
        "type": "Polygon",
        "coordinates": [
          [
            [
              -70.75033133,
              -12.92752458
            ],
            [
              -70.74738266,
              -12.92754434
            ],
            [
              -70.74740279,
              -12.93043667
            ],
            [
              -70.75035149,
              -12.93041691
            ],
            [
              -70.75033133,
              -12.92752458
            ]
          ]
        ]
      }
    },
    {
      "type": "Feature",
      "properties": {
        "patch_id": "huepetuhe_inference_area_r000536_c000552",
        "aoi_id": "huepetuhe_inference_area",
        "probability": 0.5557642,
        "prediction": 1,
        "threshold": 0.536,
        "quality_flag": "accepted"
      },
      "geometry": {
        "type": "Polygon",
        "coordinates": [
          [
            [
              -70.69946613,
              -12.92786073
            ],
            [
              -70.69651738,
              -12.92787991
            ],
            [
              -70.69653692,
              -12.93077232
            ],
            [
              -70.69948571,
              -12.93075313
            ],
            [
              -70.69946613,
              -12.92786073
            ]
          ]
        ]
      }
    },
    {
      "type": "Feature",
      "properties": {
        "patch_id": "huepetuhe_inference_area_r000552_c000560",
        "aoi_id": "huepetuhe_inference_area",
        "probability": 0.4454325,
        "prediction": 0,
        "threshold": 0.536,
        "quality_flag": "accepted"
      },
      "geometry": {
        "type": "Polygon",
        "coordinates": [
          [
            [
              -70.69873873,
              -12.92931173
            ],
            [
              -70.69578996,
              -12.9293309
            ],
            [
              -70.6958095,
              -12.93222331
            ],
            [
              -70.6987583,
              -12.93220413
            ],
            [
              -70.69873873,
              -12.92931173
            ]
          ]
        ]
      }
    },
    {
      "type": "Feature",
      "properties": {
        "patch_id": "huepetuhe_inference_area_r000568_c000784",
        "aoi_id": "huepetuhe_inference_area",
        "probability": 0.5420523,
        "prediction": 1,
        "threshold": 0.536,
        "quality_flag": "accepted"
      },
      "geometry": {
        "type": "Polygon",
        "coordinates": [
          [
            [
              -70.67810691,
              -12.93089148
            ],
            [
              -70.67515809,
              -12.93091043
            ],
            [
              -70.6751774,
              -12.93380287
            ],
            [
              -70.67812625,
              -12.93378392
            ],
            [
              -70.67810691,
              -12.93089148
            ]
          ]
        ]
      }
    },
    {
      "type": "Feature",
      "properties": {
        "patch_id": "huepetuhe_inference_area_r000576_c000136",
        "aoi_id": "huepetuhe_inference_area",
        "probability": 0.746952,
        "prediction": 1,
        "threshold": 0.536,
        "quality_flag": "accepted"
      },
      "geometry": {
        "type": "Polygon",
        "coordinates": [
          [
            [
              -70.73782448,
              -12.93122375
            ],
            [
              -70.73487575,
              -12.93124337
            ],
            [
              -70.73489574,
              -12.93413572
            ],
            [
              -70.7378445,
              -12.9341161
            ],
            [
              -70.73782448,
              -12.93122375
            ]
          ]
        ]
      }
    },
    {
      "type": "Feature",
      "properties": {
        "patch_id": "huepetuhe_inference_area_r000576_c000520",
        "aoi_id": "huepetuhe_inference_area",
        "probability": 0.6986984,
        "prediction": 1,
        "threshold": 0.536,
        "quality_flag": "accepted"
      },
      "geometry": {
        "type": "Polygon",
        "coordinates": [
          [
            [
              -70.70243939,
              -12.93145701
            ],
            [
              -70.6994906,
              -12.93147623
            ],
            [
              -70.69951019,
              -12.93436864
            ],
            [
              -70.70245901,
              -12.93434941
            ],
            [
              -70.70243939,
              -12.93145701
            ]
          ]
        ]
      }
    },
    {
      "type": "Feature",
      "properties": {
        "patch_id": "huepetuhe_inference_area_r000576_c000888",
        "aoi_id": "huepetuhe_inference_area",
        "probability": 0.4435236,
        "prediction": 0,
        "threshold": 0.536,
        "quality_flag": "accepted"
      },
      "geometry": {
        "type": "Polygon",
        "coordinates": [
          [
            [
              -70.66852804,
              -12.93167605
            ],
            [
              -70.6655792,
              -12.93169489
            ],
            [
              -70.66559839,
              -12.93458734
            ],
            [
              -70.66854727,
              -12.9345685
            ],
            [
              -70.66852804,
              -12.93167605
            ]
          ]
        ]
      }
    },
    {
      "type": "Feature",
      "properties": {
        "patch_id": "huepetuhe_inference_area_r000576_c001296",
        "aoi_id": "huepetuhe_inference_area",
        "probability": 0.4101101,
        "prediction": 0,
        "threshold": 0.536,
        "quality_flag": "accepted"
      },
      "geometry": {
        "type": "Polygon",
        "coordinates": [
          [
            [
              -70.63092995,
              -12.93191375
            ],
            [
              -70.62798105,
              -12.93193217
            ],
            [
              -70.62799981,
              -12.93482468
            ],
            [
              -70.63094874,
              -12.93480626
            ],
            [
              -70.63092995,
              -12.93191375
            ]
          ]
        ]
      }
    },
    {
      "type": "Feature",
      "properties": {
        "patch_id": "huepetuhe_inference_area_r000584_c000952",
        "aoi_id": "huepetuhe_inference_area",
        "probability": 0.39238,
        "prediction": 0,
        "threshold": 0.536,
        "quality_flag": "accepted"
      },
      "geometry": {
        "type": "Polygon",
        "coordinates": [
          [
            [
              -70.66263514,
              -12.93243681
            ],
            [
              -70.65968628,
              -12.93245558
            ],
            [
              -70.6597054,
              -12.93534805
            ],
            [
              -70.6626543,
              -12.93532927
            ],
            [
              -70.66263514,
              -12.93243681
            ]
          ]
        ]
      }
    },
    {
      "type": "Feature",
      "properties": {
        "patch_id": "huepetuhe_inference_area_r000592_c000216",
        "aoi_id": "huepetuhe_inference_area",
        "probability": 0.5302024,
        "prediction": 0,
        "threshold": 0.536,
        "quality_flag": "accepted"
      },
      "geometry": {
        "type": "Polygon",
        "coordinates": [
          [
            [
              -70.73046261,
              -12.93271892
            ],
            [
              -70.72751385,
              -12.93273846
            ],
            [
              -70.72753376,
              -12.93563082
            ],
            [
              -70.73048255,
              -12.93561128
            ],
            [
              -70.73046261,
              -12.93271892
            ]
          ]
        ]
      }
    },
    {
      "type": "Feature",
      "properties": {
        "patch_id": "huepetuhe_inference_area_r000592_c000920",
        "aoi_id": "huepetuhe_inference_area",
        "probability": 0.4319166,
        "prediction": 0,
        "threshold": 0.536,
        "quality_flag": "accepted"
      },
      "geometry": {
        "type": "Polygon",
        "coordinates": [
          [
            [
              -70.66558879,
              -12.93314112
            ],
            [
              -70.66263993,
              -12.93315992
            ],
            [
              -70.66265909,
              -12.93605238
            ],
            [
              -70.66560799,
              -12.93603357
            ],
            [
              -70.66558879,
              -12.93314112
            ]
          ]
        ]
      }
    },
    {
      "type": "Feature",
      "properties": {
        "patch_id": "huepetuhe_inference_area_r000592_c001040",
        "aoi_id": "huepetuhe_inference_area",
        "probability": 0.5321992,
        "prediction": 0,
        "threshold": 0.536,
        "quality_flag": "accepted"
      },
      "geometry": {
        "type": "Polygon",
        "coordinates": [
          [
            [
              -70.65453053,
              -12.93321147
            ],
            [
              -70.65158165,
              -12.93323016
            ],
            [
              -70.65160068,
              -12.93612263
            ],
            [
              -70.6545496,
              -12.93610394
            ],
            [
              -70.65453053,
              -12.93321147
            ]
          ]
        ]
      }
    },
    {
      "type": "Feature",
      "properties": {
        "patch_id": "huepetuhe_inference_area_r000600_c000352",
        "aoi_id": "huepetuhe_inference_area",
        "probability": 0.5966927,
        "prediction": 1,
        "threshold": 0.536,
        "quality_flag": "accepted"
      },
      "geometry": {
        "type": "Polygon",
        "coordinates": [
          [
            [
              -70.7179353,
              -12.93352483
            ],
            [
              -70.71498651,
              -12.93354423
            ],
            [
              -70.71500627,
              -12.93643661
            ],
            [
              -70.7179551,
              -12.93641721
            ],
            [
              -70.7179353,
              -12.93352483
            ]
          ]
        ]
      }
    },
    {
      "type": "Feature",
      "properties": {
        "patch_id": "huepetuhe_inference_area_r000600_c000736",
        "aoi_id": "huepetuhe_inference_area",
        "probability": 0.5831541,
        "prediction": 1,
        "threshold": 0.536,
        "quality_flag": "accepted"
      },
      "geometry": {
        "type": "Polygon",
        "coordinates": [
          [
            [
              -70.68254952,
              -12.93375543
            ],
            [
              -70.67960067,
              -12.93377443
            ],
            [
              -70.67962003,
              -12.93666687
            ],
            [
              -70.68256891,
              -12.93664786
            ],
            [
              -70.68254952,
              -12.93375543
            ]
          ]
        ]
      }
    },
    {
      "type": "Feature",
      "properties": {
        "patch_id": "huepetuhe_inference_area_r000616_c000184",
        "aoi_id": "huepetuhe_inference_area",
        "probability": 0.6392399,
        "prediction": 1,
        "threshold": 0.536,
        "quality_flag": "accepted"
      },
      "geometry": {
        "type": "Polygon",
        "coordinates": [
          [
            [
              -70.73342635,
              -12.93486861
            ],
            [
              -70.73047757,
              -12.93488819
            ],
            [
              -70.73049751,
              -12.93778054
            ],
            [
              -70.73344632,
              -12.93776096
            ],
            [
              -70.73342635,
              -12.93486861
            ]
          ]
        ]
      }
    },
    {
      "type": "Feature",
      "properties": {
        "patch_id": "huepetuhe_inference_area_r000624_c000152",
        "aoi_id": "huepetuhe_inference_area",
        "probability": 0.7183011,
        "prediction": 1,
        "threshold": 0.536,
        "quality_flag": "accepted"
      },
      "geometry": {
        "type": "Polygon",
        "coordinates": [
          [
            [
              -70.73638012,
              -12.93557209
            ],
            [
              -70.73343134,
              -12.9355917
            ],
            [
              -70.73345132,
              -12.93848405
            ],
            [
              -70.73640014,
              -12.93846443
            ],
            [
              -70.73638012,
              -12.93557209
            ]
          ]
        ]
      }
    },
    {
      "type": "Feature",
      "properties": {
        "patch_id": "huepetuhe_inference_area_r000632_c000448",
        "aoi_id": "huepetuhe_inference_area",
        "probability": 0.6081921,
        "prediction": 1,
        "threshold": 0.536,
        "quality_flag": "accepted"
      },
      "geometry": {
        "type": "Polygon",
        "coordinates": [
          [
            [
              -70.70910861,
              -12.93647532
            ],
            [
              -70.70615978,
              -12.93649462
            ],
            [
              -70.70617944,
              -12.93938702
            ],
            [
              -70.70912831,
              -12.93936771
            ],
            [
              -70.70910861,
              -12.93647532
            ]
          ]
        ]
      }
    },
    {
      "type": "Feature",
      "properties": {
        "patch_id": "huepetuhe_inference_area_r000632_c000472",
        "aoi_id": "huepetuhe_inference_area",
        "probability": 0.6863663,
        "prediction": 1,
        "threshold": 0.536,
        "quality_flag": "accepted"
      },
      "geometry": {
        "type": "Polygon",
        "coordinates": [
          [
            [
              -70.70689699,
              -12.9364898
            ],
            [
              -70.70394815,
              -12.93650908
            ],
            [
              -70.70396779,
              -12.93940148
            ],
            [
              -70.70691666,
              -12.93938219
            ],
            [
              -70.70689699,
              -12.9364898
            ]
          ]
        ]
      }
    },
    {
      "type": "Feature",
      "properties": {
        "patch_id": "huepetuhe_inference_area_r000632_c000528",
        "aoi_id": "huepetuhe_inference_area",
        "probability": 0.5950772,
        "prediction": 1,
        "threshold": 0.536,
        "quality_flag": "accepted"
      },
      "geometry": {
        "type": "Polygon",
        "coordinates": [
          [
            [
              -70.70173651,
              -12.93652352
            ],
            [
              -70.69878766,
              -12.93654274
            ],
            [
              -70.69880724,
              -12.93943514
            ],
            [
              -70.70175613,
              -12.93941592
            ],
            [
              -70.70173651,
              -12.93652352
            ]
          ]
        ]
      }
    },
    {
      "type": "Feature",
      "properties": {
        "patch_id": "huepetuhe_inference_area_r000640_c000248",
        "aoi_id": "huepetuhe_inference_area",
        "probability": 0.5404702,
        "prediction": 1,
        "threshold": 0.536,
        "quality_flag": "accepted"
      },
      "geometry": {
        "type": "Polygon",
        "coordinates": [
          [
            [
              -70.72754371,
              -12.937077
            ],
            [
              -70.7245949,
              -12.93709652
            ],
            [
              -70.72461478,
              -12.93998888
            ],
            [
              -70.72756363,
              -12.93996936
            ],
            [
              -70.72754371,
              -12.937077
            ]
          ]
        ]
      }
    },
    {
      "type": "Feature",
      "properties": {
        "patch_id": "huepetuhe_inference_area_r000640_c000776",
        "aoi_id": "huepetuhe_inference_area",
        "probability": 0.5061899,
        "prediction": 0,
        "threshold": 0.536,
        "quality_flag": "accepted"
      },
      "geometry": {
        "type": "Polygon",
        "coordinates": [
          [
            [
              -70.67888765,
              -12.93739472
            ],
            [
              -70.67593875,
              -12.93741368
            ],
            [
              -70.67595807,
              -12.94030612
            ],
            [
              -70.678907,
              -12.94028715
            ],
            [
              -70.67888765,
              -12.93739472
            ]
          ]
        ]
      }
    },
    {
      "type": "Feature",
      "properties": {
        "patch_id": "huepetuhe_inference_area_r000648_c000344",
        "aoi_id": "huepetuhe_inference_area",
        "probability": 0.6545202,
        "prediction": 1,
        "threshold": 0.536,
        "quality_flag": "accepted"
      },
      "geometry": {
        "type": "Polygon",
        "coordinates": [
          [
            [
              -70.7187022,
              -12.93785854
            ],
            [
              -70.71575337,
              -12.93787795
            ],
            [
              -70.71577315,
              -12.94077033
            ],
            [
              -70.71872202,
              -12.94075091
            ],
            [
              -70.7187022,
              -12.93785854
            ]
          ]
        ]
      }
    },
    {
      "type": "Feature",
      "properties": {
        "patch_id": "huepetuhe_inference_area_r000656_c000752",
        "aoi_id": "huepetuhe_inference_area",
        "probability": 0.4497886,
        "prediction": 0,
        "threshold": 0.536,
        "quality_flag": "accepted"
      },
      "geometry": {
        "type": "Polygon",
        "coordinates": [
          [
            [
              -70.681109,
              -12.93882669
            ],
            [
              -70.6781601,
              -12.93884568
            ],
            [
              -70.67817944,
              -12.94173812
            ],
            [
              -70.68112838,
              -12.94171912
            ],
            [
              -70.681109,
              -12.93882669
            ]
          ]
        ]
      }
    },
    {
      "type": "Feature",
      "properties": {
        "patch_id": "huepetuhe_inference_area_r000672_c000616",
        "aoi_id": "huepetuhe_inference_area",
        "probability": 0.4547265,
        "prediction": 0,
        "threshold": 0.536,
        "quality_flag": "accepted"
      },
      "geometry": {
        "type": "Polygon",
        "coordinates": [
          [
            [
              -70.69365157,
              -12.94019181
            ],
            [
              -70.69070266,
              -12.94021095
            ],
            [
              -70.69072216,
              -12.94310336
            ],
            [
              -70.6936711,
              -12.94308422
            ],
            [
              -70.69365157,
              -12.94019181
            ]
          ]
        ]
      }
    },
    {
      "type": "Feature",
      "properties": {
        "patch_id": "huepetuhe_inference_area_r000696_c000384",
        "aoi_id": "huepetuhe_inference_area",
        "probability": 0.4337376,
        "prediction": 0,
        "threshold": 0.536,
        "quality_flag": "accepted"
      },
      "geometry": {
        "type": "Polygon",
        "coordinates": [
          [
            [
              -70.71504581,
              -12.94222137
            ],
            [
              -70.71209692,
              -12.94224075
            ],
            [
              -70.71211666,
              -12.94513313
            ],
            [
              -70.71506559,
              -12.94511375
            ],
            [
              -70.71504581,
              -12.94222137
            ]
          ]
        ]
      }
    },
    {
      "type": "Feature",
      "properties": {
        "patch_id": "huepetuhe_inference_area_r000696_c000568",
        "aoi_id": "huepetuhe_inference_area",
        "probability": 0.4358094,
        "prediction": 0,
        "threshold": 0.536,
        "quality_flag": "accepted"
      },
      "geometry": {
        "type": "Polygon",
        "coordinates": [
          [
            [
              -70.6980896,
              -12.94233235
            ],
            [
              -70.69514068,
              -12.94235154
            ],
            [
              -70.69516023,
              -12.94524394
            ],
            [
              -70.69810918,
              -12.94522475
            ],
            [
              -70.6980896,
              -12.94233235
            ]
          ]
        ]
      }
    },
    {
      "type": "Feature",
      "properties": {
        "patch_id": "huepetuhe_inference_area_r000712_c000336",
        "aoi_id": "huepetuhe_inference_area",
        "probability": 0.6276821,
        "prediction": 1,
        "threshold": 0.536,
        "quality_flag": "accepted"
      },
      "geometry": {
        "type": "Polygon",
        "coordinates": [
          [
            [
              -70.71947906,
              -12.94363842
            ],
            [
              -70.71653016,
              -12.94365785
            ],
            [
              -70.71654995,
              -12.94655023
            ],
            [
              -70.71949889,
              -12.94653079
            ],
            [
              -70.71947906,
              -12.94363842
            ]
          ]
        ]
      }
    },
    {
      "type": "Feature",
      "properties": {
        "patch_id": "huepetuhe_inference_area_r000728_c000632",
        "aoi_id": "huepetuhe_inference_area",
        "probability": 0.3677905,
        "prediction": 0,
        "threshold": 0.536,
        "quality_flag": "accepted"
      },
      "geometry": {
        "type": "Polygon",
        "coordinates": [
          [
            [
              -70.69221127,
              -12.9452631
            ],
            [
              -70.6892623,
              -12.94528223
            ],
            [
              -70.68928178,
              -12.94817465
            ],
            [
              -70.69223078,
              -12.94815552
            ],
            [
              -70.69221127,
              -12.9452631
            ]
          ]
        ]
      }
    },
    {
      "type": "Feature",
      "properties": {
        "patch_id": "huepetuhe_inference_area_r000728_c001032",
        "aoi_id": "huepetuhe_inference_area",
        "probability": 0.8034877,
        "prediction": 1,
        "threshold": 0.536,
        "quality_flag": "accepted"
      },
      "geometry": {
        "type": "Polygon",
        "coordinates": [
          [
            [
              -70.65534885,
              -12.94549979
            ],
            [
              -70.65239983,
              -12.9455185
            ],
            [
              -70.65241889,
              -12.94841097
            ],
            [
              -70.65536794,
              -12.94839225
            ],
            [
              -70.65534885,
              -12.94549979
            ]
          ]
        ]
      }
    },
    {
      "type": "Feature",
      "properties": {
        "patch_id": "huepetuhe_inference_area_r000744_c000184",
        "aoi_id": "huepetuhe_inference_area",
        "probability": 0.585025,
        "prediction": 1,
        "threshold": 0.536,
        "quality_flag": "accepted"
      },
      "geometry": {
        "type": "Polygon",
        "coordinates": [
          [
            [
              -70.73350629,
              -12.94643801
            ],
            [
              -70.73055737,
              -12.94645761
            ],
            [
              -70.73057734,
              -12.94934996
            ],
            [
              -70.73352629,
              -12.94933036
            ],
            [
              -70.73350629,
              -12.94643801
            ]
          ]
        ]
      }
    },
    {
      "type": "Feature",
      "properties": {
        "patch_id": "huepetuhe_inference_area_r000744_c000568",
        "aoi_id": "huepetuhe_inference_area",
        "probability": 0.4737059,
        "prediction": 0,
        "threshold": 0.536,
        "quality_flag": "accepted"
      },
      "geometry": {
        "type": "Polygon",
        "coordinates": [
          [
            [
              -70.69811898,
              -12.94667095
            ],
            [
              -70.69517,
              -12.94669015
            ],
            [
              -70.69518956,
              -12.94958256
            ],
            [
              -70.69813857,
              -12.94956336
            ],
            [
              -70.69811898,
              -12.94667095
            ]
          ]
        ]
      }
    },
    {
      "type": "Feature",
      "properties": {
        "patch_id": "huepetuhe_inference_area_r000744_c000952",
        "aoi_id": "huepetuhe_inference_area",
        "probability": 0.5630355,
        "prediction": 1,
        "threshold": 0.536,
        "quality_flag": "accepted"
      },
      "geometry": {
        "type": "Polygon",
        "coordinates": [
          [
            [
              -70.66273098,
              -12.94689909
            ],
            [
              -70.65978195,
              -12.94691789
            ],
            [
              -70.6598011,
              -12.94981035
            ],
            [
              -70.66275016,
              -12.94979155
            ],
            [
              -70.66273098,
              -12.94689909
            ]
          ]
        ]
      }
    },
    {
      "type": "Feature",
      "properties": {
        "patch_id": "huepetuhe_inference_area_r000744_c001000",
        "aoi_id": "huepetuhe_inference_area",
        "probability": 0.6294711,
        "prediction": 1,
        "threshold": 0.536,
        "quality_flag": "accepted"
      },
      "geometry": {
        "type": "Polygon",
        "coordinates": [
          [
            [
              -70.65830743,
              -12.94692728
            ],
            [
              -70.6553584,
              -12.94694602
            ],
            [
              -70.65537749,
              -12.94983849
            ],
            [
              -70.65832657,
              -12.94981974
            ],
            [
              -70.65830743,
              -12.94692728
            ]
          ]
        ]
      }
    },
    {
      "type": "Feature",
      "properties": {
        "patch_id": "huepetuhe_inference_area_r000744_c001408",
        "aoi_id": "huepetuhe_inference_area",
        "probability": 0.3509633,
        "prediction": 0,
        "threshold": 0.536,
        "quality_flag": "accepted"
      },
      "geometry": {
        "type": "Polygon",
        "coordinates": [
          [
            [
              -70.62070687,
              -12.94716378
            ],
            [
              -70.61775777,
              -12.9471821
            ],
            [
              -70.61777643,
              -12.95007462
            ],
            [
              -70.62072556,
              -12.9500563
            ],
            [
              -70.62070687,
              -12.94716378
            ]
          ]
        ]
      }
    },
    {
      "type": "Feature",
      "properties": {
        "patch_id": "huepetuhe_inference_area_r000760_c001488",
        "aoi_id": "huepetuhe_inference_area",
        "probability": 0.3108256,
        "prediction": 0,
        "threshold": 0.536,
        "quality_flag": "accepted"
      },
      "geometry": {
        "type": "Polygon",
        "coordinates": [
          [
            [
              -70.61334342,
              -12.94865578
            ],
            [
              -70.6103943,
              -12.94867402
            ],
            [
              -70.61041288,
              -12.95156655
            ],
            [
              -70.61336204,
              -12.95154831
            ],
            [
              -70.61334342,
              -12.94865578
            ]
          ]
        ]
      }
    },
    {
      "type": "Feature",
      "properties": {
        "patch_id": "huepetuhe_inference_area_r000768_c000600",
        "aoi_id": "huepetuhe_inference_area",
        "probability": 0.6478271,
        "prediction": 1,
        "threshold": 0.536,
        "quality_flag": "accepted"
      },
      "geometry": {
        "type": "Polygon",
        "coordinates": [
          [
            [
              -70.69518467,
              -12.94885945
            ],
            [
              -70.69223567,
              -12.94887862
            ],
            [
              -70.69225519,
              -12.95177103
            ],
            [
              -70.69520423,
              -12.95175186
            ],
            [
              -70.69518467,
              -12.94885945
            ]
          ]
        ]
      }
    },
    {
      "type": "Feature",
      "properties": {
        "patch_id": "huepetuhe_inference_area_r000768_c000824",
        "aoi_id": "huepetuhe_inference_area",
        "probability": 0.656634,
        "prediction": 1,
        "threshold": 0.536,
        "quality_flag": "accepted"
      },
      "geometry": {
        "type": "Polygon",
        "coordinates": [
          [
            [
              -70.67454154,
              -12.94899291
            ],
            [
              -70.67159251,
              -12.94901184
            ],
            [
              -70.67161179,
              -12.95190428
            ],
            [
              -70.67456086,
              -12.95188535
            ],
            [
              -70.67454154,
              -12.94899291
            ]
          ]
        ]
      }
    },
    {
      "type": "Feature",
      "properties": {
        "patch_id": "huepetuhe_inference_area_r000768_c001296",
        "aoi_id": "huepetuhe_inference_area",
        "probability": 0.3711063,
        "prediction": 0,
        "threshold": 0.536,
        "quality_flag": "accepted"
      },
      "geometry": {
        "type": "Polygon",
        "coordinates": [
          [
            [
              -70.63104278,
              -12.94926877
            ],
            [
              -70.62809367,
              -12.94928721
            ],
            [
              -70.62811246,
              -12.95217972
            ],
            [
              -70.6310616,
              -12.95216127
            ],
            [
              -70.63104278,
              -12.94926877
            ]
          ]
        ]
      }
    },
    {
      "type": "Feature",
      "properties": {
        "patch_id": "huepetuhe_inference_area_r000768_c001432",
        "aoi_id": "huepetuhe_inference_area",
        "probability": 0.3481747,
        "prediction": 0,
        "threshold": 0.536,
        "quality_flag": "accepted"
      },
      "geometry": {
        "type": "Polygon",
        "coordinates": [
          [
            [
              -70.61850905,
              -12.94934691
            ],
            [
              -70.61555992,
              -12.94936521
            ],
            [
              -70.61557857,
              -12.95225773
            ],
            [
              -70.61852772,
              -12.95223943
            ],
            [
              -70.61850905,
              -12.94934691
            ]
          ]
        ]
      }
    },
    {
      "type": "Feature",
      "properties": {
        "patch_id": "huepetuhe_inference_area_r000784_c000608",
        "aoi_id": "huepetuhe_inference_area",
        "probability": 0.4254191,
        "prediction": 0,
        "threshold": 0.536,
        "quality_flag": "accepted"
      },
      "geometry": {
        "type": "Polygon",
        "coordinates": [
          [
            [
              -70.69445719,
              -12.95031045
            ],
            [
              -70.69150817,
              -12.95032961
            ],
            [
              -70.69152769,
              -12.95322202
            ],
            [
              -70.69447675,
              -12.95320286
            ],
            [
              -70.69445719,
              -12.95031045
            ]
          ]
        ]
      }
    },
    {
      "type": "Feature",
      "properties": {
        "patch_id": "huepetuhe_inference_area_r000800_c001160",
        "aoi_id": "huepetuhe_inference_area",
        "probability": 0.6956686,
        "prediction": 1,
        "threshold": 0.536,
        "quality_flag": "accepted"
      },
      "geometry": {
        "type": "Polygon",
        "coordinates": [
          [
            [
              -70.64359539,
              -12.95208251
            ],
            [
              -70.64064627,
              -12.9521011
            ],
            [
              -70.6406652,
              -12.95499359
            ],
            [
              -70.64361436,
              -12.95497499
            ],
            [
              -70.64359539,
              -12.95208251
            ]
          ]
        ]
      }
    },
    {
      "type": "Feature",
      "properties": {
        "patch_id": "huepetuhe_inference_area_r000800_c001456",
        "aoi_id": "huepetuhe_inference_area",
        "probability": 0.3611318,
        "prediction": 0,
        "threshold": 0.536,
        "quality_flag": "accepted"
      },
      "geometry": {
        "type": "Polygon",
        "coordinates": [
          [
            [
              -70.61631586,
              -12.95225316
            ],
            [
              -70.61336669,
              -12.95227144
            ],
            [
              -70.61338532,
              -12.95516396
            ],
            [
              -70.61633451,
              -12.95514568
            ],
            [
              -70.61631586,
              -12.95225316
            ]
          ]
        ]
      }
    },
    {
      "type": "Feature",
      "properties": {
        "patch_id": "huepetuhe_inference_area_r000808_c000248",
        "aoi_id": "huepetuhe_inference_area",
        "probability": 0.4835884,
        "prediction": 0,
        "threshold": 0.536,
        "quality_flag": "accepted"
      },
      "geometry": {
        "type": "Polygon",
        "coordinates": [
          [
            [
              -70.72764832,
              -12.95226188
            ],
            [
              -70.72469932,
              -12.95228142
            ],
            [
              -70.72471923,
              -12.95517378
            ],
            [
              -70.72766825,
              -12.95515424
            ],
            [
              -70.72764832,
              -12.95226188
            ]
          ]
        ]
      }
    },
    {
      "type": "Feature",
      "properties": {
        "patch_id": "huepetuhe_inference_area_r000816_c000472",
        "aoi_id": "huepetuhe_inference_area",
        "probability": 0.6908892,
        "prediction": 1,
        "threshold": 0.536,
        "quality_flag": "accepted"
      },
      "geometry": {
        "type": "Polygon",
        "coordinates": [
          [
            [
              -70.70701018,
              -12.95312104
            ],
            [
              -70.70406115,
              -12.95314035
            ],
            [
              -70.70408082,
              -12.95603274
            ],
            [
              -70.70702989,
              -12.95601343
            ],
            [
              -70.70701018,
              -12.95312104
            ]
          ]
        ]
      }
    },
    {
      "type": "Feature",
      "properties": {
        "patch_id": "huepetuhe_inference_area_r000824_c000800",
        "aoi_id": "huepetuhe_inference_area",
        "probability": 0.7735447,
        "prediction": 1,
        "threshold": 0.536,
        "quality_flag": "accepted"
      },
      "geometry": {
        "type": "Polygon",
        "coordinates": [
          [
            [
              -70.67678718,
              -12.95404045
            ],
            [
              -70.67383808,
              -12.95405941
            ],
            [
              -70.67385741,
              -12.95695185
            ],
            [
              -70.67680653,
              -12.95693288
            ],
            [
              -70.67678718,
              -12.95404045
            ]
          ]
        ]
      }
    },
    {
      "type": "Feature",
      "properties": {
        "patch_id": "huepetuhe_inference_area_r000832_c000952",
        "aoi_id": "huepetuhe_inference_area",
        "probability": 0.7429839,
        "prediction": 1,
        "threshold": 0.536,
        "quality_flag": "accepted"
      },
      "geometry": {
        "type": "Polygon",
        "coordinates": [
          [
            [
              -70.66278374,
              -12.95485334
            ],
            [
              -70.65983462,
              -12.95487215
            ],
            [
              -70.65985378,
              -12.95776461
            ],
            [
              -70.66280294,
              -12.9577458
            ],
            [
              -70.66278374,
              -12.95485334
            ]
          ]
        ]
      }
    },
    {
      "type": "Feature",
      "properties": {
        "patch_id": "huepetuhe_inference_area_r000840_c000568",
        "aoi_id": "huepetuhe_inference_area",
        "probability": 0.5984353,
        "prediction": 1,
        "threshold": 0.536,
        "quality_flag": "accepted"
      },
      "geometry": {
        "type": "Polygon",
        "coordinates": [
          [
            [
              -70.69817776,
              -12.95534816
            ],
            [
              -70.69522868,
              -12.95536737
            ],
            [
              -70.69524826,
              -12.95825977
            ],
            [
              -70.69819736,
              -12.95824056
            ],
            [
              -70.69817776,
              -12.95534816
            ]
          ]
        ]
      }
    },
    {
      "type": "Feature",
      "properties": {
        "patch_id": "huepetuhe_inference_area_r000848_c000040",
        "aoi_id": "huepetuhe_inference_area",
        "probability": 0.4815956,
        "prediction": 0,
        "threshold": 0.536,
        "quality_flag": "accepted"
      },
      "geometry": {
        "type": "Polygon",
        "coordinates": [
          [
            [
              -70.74684186,
              -12.95574949
            ],
            [
              -70.74389285,
              -12.95576925
            ],
            [
              -70.74391299,
              -12.95866158
            ],
            [
              -70.74686202,
              -12.95864181
            ],
            [
              -70.74684186,
              -12.95574949
            ]
          ]
        ]
      }
    },
    {
      "type": "Feature",
      "properties": {
        "patch_id": "huepetuhe_inference_area_r000848_c000328",
        "aoi_id": "huepetuhe_inference_area",
        "probability": 0.4475565,
        "prediction": 0,
        "threshold": 0.536,
        "quality_flag": "accepted"
      },
      "geometry": {
        "type": "Polygon",
        "coordinates": [
          [
            [
              -70.72030064,
              -12.95592612
            ],
            [
              -70.71735159,
              -12.95594558
            ],
            [
              -70.71737142,
              -12.95883796
            ],
            [
              -70.7203205,
              -12.95881849
            ],
            [
              -70.72030064,
              -12.95592612
            ]
          ]
        ]
      }
    },
    {
      "type": "Feature",
      "properties": {
        "patch_id": "huepetuhe_inference_area_r000848_c000592",
        "aoi_id": "huepetuhe_inference_area",
        "probability": 0.9069582,
        "prediction": 1,
        "threshold": 0.536,
        "quality_flag": "accepted"
      },
      "geometry": {
        "type": "Polygon",
        "coordinates": [
          [
            [
              -70.69597085,
              -12.95608567
            ],
            [
              -70.69302176,
              -12.95610485
            ],
            [
              -70.69304131,
              -12.95899726
            ],
            [
              -70.69599043,
              -12.95897807
            ],
            [
              -70.69597085,
              -12.95608567
            ]
          ]
        ]
      }
    },
    {
      "type": "Feature",
      "properties": {
        "patch_id": "huepetuhe_inference_area_r000856_c000688",
        "aoi_id": "huepetuhe_inference_area",
        "probability": 0.5663873,
        "prediction": 1,
        "threshold": 0.536,
        "quality_flag": "accepted"
      },
      "geometry": {
        "type": "Polygon",
        "coordinates": [
          [
            [
              -70.68712844,
              -12.95686623
            ],
            [
              -70.68417933,
              -12.95688531
            ],
            [
              -70.68419877,
              -12.95977773
            ],
            [
              -70.68714792,
              -12.95975864
            ],
            [
              -70.68712844,
              -12.95686623
            ]
          ]
        ]
      }
    },
    {
      "type": "Feature",
      "properties": {
        "patch_id": "huepetuhe_inference_area_r000856_c000968",
        "aoi_id": "huepetuhe_inference_area",
        "probability": 0.6257255,
        "prediction": 1,
        "threshold": 0.536,
        "quality_flag": "accepted"
      },
      "geometry": {
        "type": "Polygon",
        "coordinates": [
          [
            [
              -70.66132356,
              -12.95703209
            ],
            [
              -70.65837441,
              -12.95705089
            ],
            [
              -70.65839356,
              -12.95994335
            ],
            [
              -70.66134275,
              -12.95992455
            ],
            [
              -70.66132356,
              -12.95703209
            ]
          ]
        ]
      }
    },
    {
      "type": "Feature",
      "properties": {
        "patch_id": "huepetuhe_inference_area_r000856_c001128",
        "aoi_id": "huepetuhe_inference_area",
        "probability": 0.7947826,
        "prediction": 1,
        "threshold": 0.536,
        "quality_flag": "accepted"
      },
      "geometry": {
        "type": "Polygon",
        "coordinates": [
          [
            [
              -70.64657776,
              -12.95712573
            ],
            [
              -70.64362859,
              -12.95714436
            ],
            [
              -70.64364756,
              -12.96003684
            ],
            [
              -70.64659677,
              -12.96001821
            ],
            [
              -70.64657776,
              -12.95712573
            ]
          ]
        ]
      }
    },
    {
      "type": "Feature",
      "properties": {
        "patch_id": "huepetuhe_inference_area_r000864_c000344",
        "aoi_id": "huepetuhe_inference_area",
        "probability": 0.6886206,
        "prediction": 1,
        "threshold": 0.536,
        "quality_flag": "accepted"
      },
      "geometry": {
        "type": "Polygon",
        "coordinates": [
          [
            [
              -70.71883604,
              -12.95738204
            ],
            [
              -70.71588697,
              -12.95740149
            ],
            [
              -70.71590678,
              -12.96029386
            ],
            [
              -70.71885588,
              -12.96027441
            ],
            [
              -70.71883604,
              -12.95738204
            ]
          ]
        ]
      }
    },
    {
      "type": "Feature",
      "properties": {
        "patch_id": "huepetuhe_inference_area_r000864_c000560",
        "aoi_id": "huepetuhe_inference_area",
        "probability": 0.5339772,
        "prediction": 0,
        "threshold": 0.536,
        "quality_flag": "accepted"
      },
      "geometry": {
        "type": "Polygon",
        "coordinates": [
          [
            [
              -70.69892974,
              -12.95751265
            ],
            [
              -70.69598064,
              -12.95753187
            ],
            [
              -70.69600022,
              -12.96042427
            ],
            [
              -70.69894935,
              -12.96040505
            ],
            [
              -70.69892974,
              -12.95751265
            ]
          ]
        ]
      }
    },
    {
      "type": "Feature",
      "properties": {
        "patch_id": "huepetuhe_inference_area_r000864_c001152",
        "aoi_id": "huepetuhe_inference_area",
        "probability": 0.9957502,
        "prediction": 1,
        "threshold": 0.536,
        "quality_flag": "accepted"
      },
      "geometry": {
        "type": "Polygon",
        "coordinates": [
          [
            [
              -70.64437063,
              -12.95786282
            ],
            [
              -70.64142144,
              -12.95788143
            ],
            [
              -70.64144039,
              -12.96077391
            ],
            [
              -70.64438961,
              -12.9607553
            ],
            [
              -70.64437063,
              -12.95786282
            ]
          ]
        ]
      }
    },
    {
      "type": "Feature",
      "properties": {
        "patch_id": "huepetuhe_inference_area_r000888_c000648",
        "aoi_id": "huepetuhe_inference_area",
        "probability": 0.3627669,
        "prediction": 0,
        "threshold": 0.536,
        "quality_flag": "accepted"
      },
      "geometry": {
        "type": "Polygon",
        "coordinates": [
          [
            [
              -70.69083434,
              -12.95973473
            ],
            [
              -70.6878852,
              -12.95975387
            ],
            [
              -70.6879047,
              -12.96264628
            ],
            [
              -70.69085387,
              -12.96262714
            ],
            [
              -70.69083434,
              -12.95973473
            ]
          ]
        ]
      }
    },
    {
      "type": "Feature",
      "properties": {
        "patch_id": "huepetuhe_inference_area_r000896_c001400",
        "aoi_id": "huepetuhe_inference_area",
        "probability": 0.4377932,
        "prediction": 0,
        "threshold": 0.536,
        "quality_flag": "accepted"
      },
      "geometry": {
        "type": "Polygon",
        "coordinates": [
          [
            [
              -70.62153303,
              -12.96089864
            ],
            [
              -70.61858378,
              -12.96091698
            ],
            [
              -70.61860247,
              -12.9638095
            ],
            [
              -70.62155176,
              -12.96379115
            ],
            [
              -70.62153303,
              -12.96089864
            ]
          ]
        ]
      }
    },
    {
      "type": "Feature",
      "properties": {
        "patch_id": "huepetuhe_inference_area_r000904_c000096",
        "aoi_id": "huepetuhe_inference_area",
        "probability": 0.6238326,
        "prediction": 1,
        "threshold": 0.536,
        "quality_flag": "accepted"
      },
      "geometry": {
        "type": "Polygon",
        "coordinates": [
          [
            [
              -70.74171629,
              -12.96084563
            ],
            [
              -70.73876721,
              -12.96086534
            ],
            [
              -70.7387873,
              -12.96375768
            ],
            [
              -70.7417364,
              -12.96373796
            ],
            [
              -70.74171629,
              -12.96084563
            ]
          ]
        ]
      }
    },
    {
      "type": "Feature",
      "properties": {
        "patch_id": "huepetuhe_inference_area_r000904_c001288",
        "aoi_id": "huepetuhe_inference_area",
        "probability": 0.4028635,
        "prediction": 0,
        "threshold": 0.536,
        "quality_flag": "accepted"
      },
      "geometry": {
        "type": "Polygon",
        "coordinates": [
          [
            [
              -70.63186011,
              -12.96155728
            ],
            [
              -70.62891086,
              -12.96157574
            ],
            [
              -70.62892967,
              -12.96446824
            ],
            [
              -70.63187895,
              -12.96444977
            ],
            [
              -70.63186011,
              -12.96155728
            ]
          ]
        ]
      }
    },
    {
      "type": "Feature",
      "properties": {
        "patch_id": "huepetuhe_inference_area_r000912_c000448",
        "aoi_id": "huepetuhe_inference_area",
        "probability": 0.5767237,
        "prediction": 1,
        "threshold": 0.536,
        "quality_flag": "accepted"
      },
      "geometry": {
        "type": "Polygon",
        "coordinates": [
          [
            [
              -70.70928115,
              -12.96178369
            ],
            [
              -70.70633202,
              -12.96180304
            ],
            [
              -70.70635173,
              -12.96469542
            ],
            [
              -70.7093009,
              -12.96467607
            ],
            [
              -70.70928115,
              -12.96178369
            ]
          ]
        ]
      }
    },
    {
      "type": "Feature",
      "properties": {
        "patch_id": "huepetuhe_inference_area_r000912_c000536",
        "aoi_id": "huepetuhe_inference_area",
        "probability": 0.7546689,
        "prediction": 1,
        "threshold": 0.536,
        "quality_flag": "accepted"
      },
      "geometry": {
        "type": "Polygon",
        "coordinates": [
          [
            [
              -70.70117102,
              -12.96183681
            ],
            [
              -70.69822188,
              -12.96185606
            ],
            [
              -70.69824149,
              -12.96474846
            ],
            [
              -70.70119067,
              -12.9647292
            ],
            [
              -70.70117102,
              -12.96183681
            ]
          ]
        ]
      }
    },
    {
      "type": "Feature",
      "properties": {
        "patch_id": "huepetuhe_inference_area_r000920_c000312",
        "aoi_id": "huepetuhe_inference_area",
        "probability": 0.4896501,
        "prediction": 0,
        "threshold": 0.536,
        "quality_flag": "accepted"
      },
      "geometry": {
        "type": "Polygon",
        "coordinates": [
          [
            [
              -70.72181989,
              -12.9624242
            ],
            [
              -70.71887077,
              -12.96244369
            ],
            [
              -70.71889063,
              -12.96533605
            ],
            [
              -70.72183978,
              -12.96531656
            ],
            [
              -70.72181989,
              -12.9624242
            ]
          ]
        ]
      }
    },
    {
      "type": "Feature",
      "properties": {
        "patch_id": "huepetuhe_inference_area_r000920_c000592",
        "aoi_id": "huepetuhe_inference_area",
        "probability": 0.5478996,
        "prediction": 1,
        "threshold": 0.536,
        "quality_flag": "accepted"
      },
      "geometry": {
        "type": "Polygon",
        "coordinates": [
          [
            [
              -70.69601491,
              -12.96259358
            ],
            [
              -70.69306575,
              -12.96261277
            ],
            [
              -70.6930853,
              -12.96550518
            ],
            [
              -70.6960345,
              -12.96548598
            ],
            [
              -70.69601491,
              -12.96259358
            ]
          ]
        ]
      }
    },
    {
      "type": "Feature",
      "properties": {
        "patch_id": "huepetuhe_inference_area_r000920_c001328",
        "aoi_id": "huepetuhe_inference_area",
        "probability": 0.3654788,
        "prediction": 0,
        "threshold": 0.536,
        "quality_flag": "accepted"
      },
      "geometry": {
        "type": "Polygon",
        "coordinates": [
          [
            [
              -70.62818295,
              -12.96302661
            ],
            [
              -70.62523368,
              -12.96304503
            ],
            [
              -70.62525245,
              -12.96593754
            ],
            [
              -70.62820175,
              -12.96591911
            ],
            [
              -70.62818295,
              -12.96302661
            ]
          ]
        ]
      }
    },
    {
      "type": "Feature",
      "properties": {
        "patch_id": "huepetuhe_inference_area_r000936_c000080",
        "aoi_id": "huepetuhe_inference_area",
        "probability": 0.6657045,
        "prediction": 1,
        "threshold": 0.536,
        "quality_flag": "accepted"
      },
      "geometry": {
        "type": "Polygon",
        "coordinates": [
          [
            [
              -70.74321095,
              -12.96372809
            ],
            [
              -70.74026185,
              -12.96374782
            ],
            [
              -70.74028195,
              -12.96664016
            ],
            [
              -70.74323109,
              -12.96662042
            ],
            [
              -70.74321095,
              -12.96372809
            ]
          ]
        ]
      }
    },
    {
      "type": "Feature",
      "properties": {
        "patch_id": "huepetuhe_inference_area_r000936_c000624",
        "aoi_id": "huepetuhe_inference_area",
        "probability": 0.3149703,
        "prediction": 0,
        "threshold": 0.536,
        "quality_flag": "accepted"
      },
      "geometry": {
        "type": "Polygon",
        "coordinates": [
          [
            [
              -70.69307552,
              -12.96405897
            ],
            [
              -70.69012634,
              -12.96407814
            ],
            [
              -70.69014586,
              -12.96697055
            ],
            [
              -70.69309508,
              -12.96695138
            ],
            [
              -70.69307552,
              -12.96405897
            ]
          ]
        ]
      }
    },
    {
      "type": "Feature",
      "properties": {
        "patch_id": "huepetuhe_inference_area_r000936_c000864",
        "aoi_id": "huepetuhe_inference_area",
        "probability": 0.3394378,
        "prediction": 0,
        "threshold": 0.536,
        "quality_flag": "accepted"
      },
      "geometry": {
        "type": "Polygon",
        "coordinates": [
          [
            [
              -70.67095651,
              -12.96420188
            ],
            [
              -70.66800729,
              -12.9642208
            ],
            [
              -70.66802656,
              -12.96711324
            ],
            [
              -70.67097582,
              -12.96709432
            ],
            [
              -70.67095651,
              -12.96420188
            ]
          ]
        ]
      }
    },
    {
      "type": "Feature",
      "properties": {
        "patch_id": "huepetuhe_inference_area_r000936_c000888",
        "aoi_id": "huepetuhe_inference_area",
        "probability": 0.3555467,
        "prediction": 0,
        "threshold": 0.536,
        "quality_flag": "accepted"
      },
      "geometry": {
        "type": "Polygon",
        "coordinates": [
          [
            [
              -70.6687446,
              -12.96421607
            ],
            [
              -70.66579537,
              -12.96423496
            ],
            [
              -70.66581462,
              -12.96712741
            ],
            [
              -70.66876388,
              -12.96710851
            ],
            [
              -70.6687446,
              -12.96421607
            ]
          ]
        ]
      }
    },
    {
      "type": "Feature",
      "properties": {
        "patch_id": "huepetuhe_inference_area_r000944_c000480",
        "aoi_id": "huepetuhe_inference_area",
        "probability": 0.5022183,
        "prediction": 0,
        "threshold": 0.536,
        "quality_flag": "accepted"
      },
      "geometry": {
        "type": "Polygon",
        "coordinates": [
          [
            [
              -70.70635173,
              -12.96469542
            ],
            [
              -70.70340256,
              -12.96471474
            ],
            [
              -70.70342224,
              -12.96760713
            ],
            [
              -70.70637144,
              -12.96758781
            ],
            [
              -70.70635173,
              -12.96469542
            ]
          ]
        ]
      }
    },
    {
      "type": "Feature",
      "properties": {
        "patch_id": "huepetuhe_inference_area_r000968_c000560",
        "aoi_id": "huepetuhe_inference_area",
        "probability": 0.6749499,
        "prediction": 1,
        "threshold": 0.536,
        "quality_flag": "accepted"
      },
      "geometry": {
        "type": "Polygon",
        "coordinates": [
          [
            [
              -70.69899351,
              -12.96691294
            ],
            [
              -70.6960443,
              -12.96693218
            ],
            [
              -70.69606389,
              -12.96982458
            ],
            [
              -70.69901314,
              -12.96980534
            ],
            [
              -70.69899351,
              -12.96691294
            ]
          ]
        ]
      }
    },
    {
      "type": "Feature",
      "properties": {
        "patch_id": "huepetuhe_inference_area_r000968_c000992",
        "aoi_id": "huepetuhe_inference_area",
        "probability": 0.2750952,
        "prediction": 0,
        "threshold": 0.536,
        "quality_flag": "accepted"
      },
      "geometry": {
        "type": "Polygon",
        "coordinates": [
          [
            [
              -70.65917877,
              -12.96716979
            ],
            [
              -70.65622949,
              -12.96718858
            ],
            [
              -70.65624863,
              -12.97008104
            ],
            [
              -70.65919794,
              -12.97006225
            ],
            [
              -70.65917877,
              -12.96716979
            ]
          ]
        ]
      }
    },
    {
      "type": "Feature",
      "properties": {
        "patch_id": "huepetuhe_inference_area_r000976_c000512",
        "aoi_id": "huepetuhe_inference_area",
        "probability": 0.5647515,
        "prediction": 1,
        "threshold": 0.536,
        "quality_flag": "accepted"
      },
      "geometry": {
        "type": "Polygon",
        "coordinates": [
          [
            [
              -70.70342224,
              -12.96760713
            ],
            [
              -70.70047302,
              -12.96762641
            ],
            [
              -70.70049267,
              -12.97051881
            ],
            [
              -70.70344192,
              -12.97049952
            ],
            [
              -70.70342224,
              -12.96760713
            ]
          ]
        ]
      }
    },
    {
      "type": "Feature",
      "properties": {
        "patch_id": "huepetuhe_inference_area_r000976_c000688",
        "aoi_id": "huepetuhe_inference_area",
        "probability": 0.561585,
        "prediction": 1,
        "threshold": 0.536,
        "quality_flag": "accepted"
      },
      "geometry": {
        "type": "Polygon",
        "coordinates": [
          [
            [
              -70.68720151,
              -12.96771279
            ],
            [
              -70.68425227,
              -12.96773189
            ],
            [
              -70.68427174,
              -12.97062431
            ],
            [
              -70.68722101,
              -12.9706052
            ],
            [
              -70.68720151,
              -12.96771279
            ]
          ]
        ]
      }
    },
    {
      "type": "Feature",
      "properties": {
        "patch_id": "huepetuhe_inference_area_r000984_c001136",
        "aoi_id": "huepetuhe_inference_area",
        "probability": 0.3720953,
        "prediction": 0,
        "threshold": 0.536,
        "quality_flag": "accepted"
      },
      "geometry": {
        "type": "Polygon",
        "coordinates": [
          [
            [
              -70.64591651,
              -12.96870029
            ],
            [
              -70.6429672,
              -12.96871893
            ],
            [
              -70.64298618,
              -12.97161141
            ],
            [
              -70.64593553,
              -12.97159277
            ],
            [
              -70.64591651,
              -12.96870029
            ]
          ]
        ]
      }
    },
    {
      "type": "Feature",
      "properties": {
        "patch_id": "huepetuhe_inference_area_r000984_c001352",
        "aoi_id": "huepetuhe_inference_area",
        "probability": 0.4529582,
        "prediction": 0,
        "threshold": 0.536,
        "quality_flag": "accepted"
      },
      "geometry": {
        "type": "Polygon",
        "coordinates": [
          [
            [
              -70.62600856,
              -12.96882544
            ],
            [
              -70.62305922,
              -12.96884385
            ],
            [
              -70.62307798,
              -12.97173636
            ],
            [
              -70.62602735,
              -12.97171794
            ],
            [
              -70.62600856,
              -12.96882544
            ]
          ]
        ]
      }
    },
    {
      "type": "Feature",
      "properties": {
        "patch_id": "huepetuhe_inference_area_r000992_c000128",
        "aoi_id": "huepetuhe_inference_area",
        "probability": 0.4796823,
        "prediction": 0,
        "threshold": 0.536,
        "quality_flag": "accepted"
      },
      "geometry": {
        "type": "Polygon",
        "coordinates": [
          [
            [
              -70.73882245,
              -12.96881926
            ],
            [
              -70.73587328,
              -12.96883895
            ],
            [
              -70.73589334,
              -12.97173129
            ],
            [
              -70.73884254,
              -12.9717116
            ],
            [
              -70.73882245,
              -12.96881926
            ]
          ]
        ]
      }
    },
    {
      "type": "Feature",
      "properties": {
        "patch_id": "huepetuhe_inference_area_r000992_c000280",
        "aoi_id": "huepetuhe_inference_area",
        "probability": 0.4756218,
        "prediction": 0,
        "threshold": 0.536,
        "quality_flag": "accepted"
      },
      "geometry": {
        "type": "Polygon",
        "coordinates": [
          [
            [
              -70.72481384,
              -12.96891249
            ],
            [
              -70.72186465,
              -12.96893202
            ],
            [
              -70.72188455,
              -12.97182438
            ],
            [
              -70.72483378,
              -12.97180484
            ],
            [
              -70.72481384,
              -12.96891249
            ]
          ]
        ]
      }
    },
    {
      "type": "Feature",
      "properties": {
        "patch_id": "huepetuhe_inference_area_r000992_c000584",
        "aoi_id": "huepetuhe_inference_area",
        "probability": 0.3260047,
        "prediction": 0,
        "threshold": 0.536,
        "quality_flag": "accepted"
      },
      "geometry": {
        "type": "Polygon",
        "coordinates": [
          [
            [
              -70.6967963,
              -12.96909667
            ],
            [
              -70.69384706,
              -12.96911589
            ],
            [
              -70.69386664,
              -12.97200829
            ],
            [
              -70.69681591,
              -12.97198907
            ],
            [
              -70.6967963,
              -12.96909667
            ]
          ]
        ]
      }
    },
    {
      "type": "Feature",
      "properties": {
        "patch_id": "huepetuhe_inference_area_r000992_c000904",
        "aoi_id": "huepetuhe_inference_area",
        "probability": 0.3691925,
        "prediction": 0,
        "threshold": 0.536,
        "quality_flag": "accepted"
      },
      "geometry": {
        "type": "Polygon",
        "coordinates": [
          [
            [
              -70.6673037,
              -12.9692873
            ],
            [
              -70.66435441,
              -12.96930618
            ],
            [
              -70.66437364,
              -12.97219862
            ],
            [
              -70.66732296,
              -12.97217974
            ],
            [
              -70.6673037,
              -12.9692873
            ]
          ]
        ]
      }
    },
    {
      "type": "Feature",
      "properties": {
        "patch_id": "huepetuhe_inference_area_r001000_c000952",
        "aoi_id": "huepetuhe_inference_area",
        "probability": 0.3575277,
        "prediction": 0,
        "threshold": 0.536,
        "quality_flag": "accepted"
      },
      "geometry": {
        "type": "Polygon",
        "coordinates": [
          [
            [
              -70.66288457,
              -12.97003872
            ],
            [
              -70.65993527,
              -12.97005755
            ],
            [
              -70.65995445,
              -12.97295
            ],
            [
              -70.66290379,
              -12.97293117
            ],
            [
              -70.66288457,
              -12.97003872
            ]
          ]
        ]
      }
    },
    {
      "type": "Feature",
      "properties": {
        "patch_id": "huepetuhe_inference_area_r001016_c000456",
        "aoi_id": "huepetuhe_inference_area",
        "probability": 0.8337198,
        "prediction": 1,
        "threshold": 0.536,
        "quality_flag": "accepted"
      },
      "geometry": {
        "type": "Polygon",
        "coordinates": [
          [
            [
              -70.70860802,
              -12.97118877
            ],
            [
              -70.70565878,
              -12.97120812
            ],
            [
              -70.70567849,
              -12.97410051
            ],
            [
              -70.70862777,
              -12.97408116
            ],
            [
              -70.70860802,
              -12.97118877
            ]
          ]
        ]
      }
    },
    {
      "type": "Feature",
      "properties": {
        "patch_id": "huepetuhe_inference_area_r001024_c000904",
        "aoi_id": "huepetuhe_inference_area",
        "probability": 0.3832117,
        "prediction": 0,
        "threshold": 0.536,
        "quality_flag": "accepted"
      },
      "geometry": {
        "type": "Polygon",
        "coordinates": [
          [
            [
              -70.66732296,
              -12.97217974
            ],
            [
              -70.66437364,
              -12.97219862
            ],
            [
              -70.66439288,
              -12.97509107
            ],
            [
              -70.66734224,
              -12.97507218
            ],
            [
              -70.66732296,
              -12.97217974
            ]
          ]
        ]
      }
    },
    {
      "type": "Feature",
      "properties": {
        "patch_id": "huepetuhe_inference_area_r001032_c000432",
        "aoi_id": "huepetuhe_inference_area",
        "probability": 0.7348404,
        "prediction": 1,
        "threshold": 0.536,
        "quality_flag": "accepted"
      },
      "geometry": {
        "type": "Polygon",
        "coordinates": [
          [
            [
              -70.71082984,
              -12.97262043
            ],
            [
              -70.70788058,
              -12.97263981
            ],
            [
              -70.70790033,
              -12.97553219
            ],
            [
              -70.71084962,
              -12.97551281
            ],
            [
              -70.71082984,
              -12.97262043
            ]
          ]
        ]
      }
    },
    {
      "type": "Feature",
      "properties": {
        "patch_id": "huepetuhe_inference_area_r001032_c000504",
        "aoi_id": "huepetuhe_inference_area",
        "probability": 0.8902001,
        "prediction": 1,
        "threshold": 0.536,
        "quality_flag": "accepted"
      },
      "geometry": {
        "type": "Polygon",
        "coordinates": [
          [
            [
              -70.704194,
              -12.97266398
            ],
            [
              -70.70124473,
              -12.97268328
            ],
            [
              -70.7012644,
              -12.97557567
            ],
            [
              -70.7042137,
              -12.97555637
            ],
            [
              -70.704194,
              -12.97266398
            ]
          ]
        ]
      }
    },
    {
      "type": "Feature",
      "properties": {
        "patch_id": "huepetuhe_inference_area_r001032_c001248",
        "aoi_id": "huepetuhe_inference_area",
        "probability": 0.3794279,
        "prediction": 0,
        "threshold": 0.536,
        "quality_flag": "accepted"
      },
      "geometry": {
        "type": "Polygon",
        "coordinates": [
          [
            [
              -70.63562225,
              -12.97310411
            ],
            [
              -70.63267287,
              -12.97312263
            ],
            [
              -70.63269175,
              -12.97601513
            ],
            [
              -70.63564116,
              -12.9759966
            ],
            [
              -70.63562225,
              -12.97310411
            ]
          ]
        ]
      }
    },
    {
      "type": "Feature",
      "properties": {
        "patch_id": "huepetuhe_inference_area_r001032_c001480",
        "aoi_id": "huepetuhe_inference_area",
        "probability": 0.3054342,
        "prediction": 0,
        "threshold": 0.536,
        "quality_flag": "accepted"
      },
      "geometry": {
        "type": "Polygon",
        "coordinates": [
          [
            [
              -70.61423915,
              -12.97323766
            ],
            [
              -70.61128974,
              -12.97325594
            ],
            [
              -70.61130837,
              -12.97614847
            ],
            [
              -70.61425781,
              -12.97613018
            ],
            [
              -70.61423915,
              -12.97323766
            ]
          ]
        ]
      }
    },
    {
      "type": "Feature",
      "properties": {
        "patch_id": "huepetuhe_inference_area_r001040_c000376",
        "aoi_id": "huepetuhe_inference_area",
        "probability": 0.468106,
        "prediction": 0,
        "threshold": 0.536,
        "quality_flag": "accepted"
      },
      "geometry": {
        "type": "Polygon",
        "coordinates": [
          [
            [
              -70.71599599,
              -12.97330953
            ],
            [
              -70.71304673,
              -12.97332897
            ],
            [
              -70.71306654,
              -12.97622134
            ],
            [
              -70.71601583,
              -12.9762019
            ],
            [
              -70.71599599,
              -12.97330953
            ]
          ]
        ]
      }
    },
    {
      "type": "Feature",
      "properties": {
        "patch_id": "huepetuhe_inference_area_r001056_c000720",
        "aoi_id": "huepetuhe_inference_area",
        "probability": 0.8453923,
        "prediction": 1,
        "threshold": 0.536,
        "quality_flag": "accepted"
      },
      "geometry": {
        "type": "Polygon",
        "coordinates": [
          [
            [
              -70.68430094,
              -12.97496293
            ],
            [
              -70.68135161,
              -12.97498201
            ],
            [
              -70.68137105,
              -12.97787443
            ],
            [
              -70.68432041,
              -12.97785535
            ],
            [
              -70.68430094,
              -12.97496293
            ]
          ]
        ]
      }
    },
    {
      "type": "Feature",
      "properties": {
        "patch_id": "huepetuhe_inference_area_r001064_c000176",
        "aoi_id": "huepetuhe_inference_area",
        "probability": 0.5527091,
        "prediction": 1,
        "threshold": 0.536,
        "quality_flag": "accepted"
      },
      "geometry": {
        "type": "Polygon",
        "coordinates": [
          [
            [
              -70.7344438,
              -12.97535655
            ],
            [
              -70.73149454,
              -12.9753762
            ],
            [
              -70.73151456,
              -12.97826855
            ],
            [
              -70.73446385,
              -12.97824889
            ],
            [
              -70.7344438,
              -12.97535655
            ]
          ]
        ]
      }
    },
    {
      "type": "Feature",
      "properties": {
        "patch_id": "huepetuhe_inference_area_r001064_c000760",
        "aoi_id": "huepetuhe_inference_area",
        "probability": 0.7313397,
        "prediction": 1,
        "threshold": 0.536,
        "quality_flag": "accepted"
      },
      "geometry": {
        "type": "Polygon",
        "coordinates": [
          [
            [
              -70.68061914,
              -12.97570988
            ],
            [
              -70.67766979,
              -12.97572892
            ],
            [
              -70.67768919,
              -12.97862135
            ],
            [
              -70.68063857,
              -12.9786023
            ],
            [
              -70.68061914,
              -12.97570988
            ]
          ]
        ]
      }
    },
    {
      "type": "Feature",
      "properties": {
        "patch_id": "huepetuhe_inference_area_r001064_c000936",
        "aoi_id": "huepetuhe_inference_area",
        "probability": 0.375047,
        "prediction": 0,
        "threshold": 0.536,
        "quality_flag": "accepted"
      },
      "geometry": {
        "type": "Polygon",
        "coordinates": [
          [
            [
              -70.66439769,
              -12.97581418
            ],
            [
              -70.66144833,
              -12.97583304
            ],
            [
              -70.66146754,
              -12.97872549
            ],
            [
              -70.66441694,
              -12.97870663
            ],
            [
              -70.66439769,
              -12.97581418
            ]
          ]
        ]
      }
    },
    {
      "type": "Feature",
      "properties": {
        "patch_id": "huepetuhe_inference_area_r001064_c001112",
        "aoi_id": "huepetuhe_inference_area",
        "probability": 0.3740218,
        "prediction": 0,
        "threshold": 0.536,
        "quality_flag": "accepted"
      },
      "geometry": {
        "type": "Polygon",
        "coordinates": [
          [
            [
              -70.64817611,
              -12.97591747
            ],
            [
              -70.64522672,
              -12.97593615
            ],
            [
              -70.64524574,
              -12.97882862
            ],
            [
              -70.64819517,
              -12.97880994
            ],
            [
              -70.64817611,
              -12.97591747
            ]
          ]
        ]
      }
    },
    {
      "type": "Feature",
      "properties": {
        "patch_id": "huepetuhe_inference_area_r001064_c001320",
        "aoi_id": "huepetuhe_inference_area",
        "probability": 0.4167518,
        "prediction": 0,
        "threshold": 0.536,
        "quality_flag": "accepted"
      },
      "geometry": {
        "type": "Polygon",
        "coordinates": [
          [
            [
              -70.62900497,
              -12.97603824
            ],
            [
              -70.62605555,
              -12.9760567
            ],
            [
              -70.62607435,
              -12.9789492
            ],
            [
              -70.62902381,
              -12.97893074
            ],
            [
              -70.62900497,
              -12.97603824
            ]
          ]
        ]
      }
    },
    {
      "type": "Feature",
      "properties": {
        "patch_id": "huepetuhe_inference_area_r001080_c000368",
        "aoi_id": "huepetuhe_inference_area",
        "probability": 0.3965191,
        "prediction": 0,
        "threshold": 0.536,
        "quality_flag": "accepted"
      },
      "geometry": {
        "type": "Polygon",
        "coordinates": [
          [
            [
              -70.71675812,
              -12.97692013
            ],
            [
              -70.71380882,
              -12.97693958
            ],
            [
              -70.71382864,
              -12.97983195
            ],
            [
              -70.71677797,
              -12.9798125
            ],
            [
              -70.71675812,
              -12.97692013
            ]
          ]
        ]
      }
    },
    {
      "type": "Feature",
      "properties": {
        "patch_id": "huepetuhe_inference_area_r001088_c001024",
        "aoi_id": "huepetuhe_inference_area",
        "probability": 0.3760881,
        "prediction": 0,
        "threshold": 0.536,
        "quality_flag": "accepted"
      },
      "geometry": {
        "type": "Polygon",
        "coordinates": [
          [
            [
              -70.65630129,
              -12.9780353
            ],
            [
              -70.65335188,
              -12.97805407
            ],
            [
              -70.653371,
              -12.98094653
            ],
            [
              -70.65632044,
              -12.98092776
            ],
            [
              -70.65630129,
              -12.9780353
            ]
          ]
        ]
      }
    },
    {
      "type": "Feature",
      "properties": {
        "patch_id": "huepetuhe_inference_area_r001088_c001240",
        "aoi_id": "huepetuhe_inference_area",
        "probability": 0.418864,
        "prediction": 0,
        "threshold": 0.536,
        "quality_flag": "accepted"
      },
      "geometry": {
        "type": "Polygon",
        "coordinates": [
          [
            [
              -70.6363927,
              -12.97816133
            ],
            [
              -70.63344327,
              -12.97817987
            ],
            [
              -70.63346216,
              -12.98107236
            ],
            [
              -70.63641163,
              -12.98105381
            ],
            [
              -70.6363927,
              -12.97816133
            ]
          ]
        ]
      }
    },
    {
      "type": "Feature",
      "properties": {
        "patch_id": "huepetuhe_inference_area_r001088_c001400",
        "aoi_id": "huepetuhe_inference_area",
        "probability": 0.8227481,
        "prediction": 1,
        "threshold": 0.536,
        "quality_flag": "accepted"
      },
      "geometry": {
        "type": "Polygon",
        "coordinates": [
          [
            [
              -70.62164547,
              -12.9782537
            ],
            [
              -70.61869601,
              -12.97827207
            ],
            [
              -70.61871473,
              -12.98116458
            ],
            [
              -70.62166423,
              -12.9811462
            ],
            [
              -70.62164547,
              -12.9782537
            ]
          ]
        ]
      }
    },
    {
      "type": "Feature",
      "properties": {
        "patch_id": "huepetuhe_inference_area_r001088_c001488",
        "aoi_id": "huepetuhe_inference_area",
        "probability": 0.359412,
        "prediction": 0,
        "threshold": 0.536,
        "quality_flag": "accepted"
      },
      "geometry": {
        "type": "Polygon",
        "coordinates": [
          [
            [
              -70.61353444,
              -12.97830414
            ],
            [
              -70.61058497,
              -12.97832243
            ],
            [
              -70.6106036,
              -12.98121495
            ],
            [
              -70.61355311,
              -12.98119666
            ],
            [
              -70.61353444,
              -12.97830414
            ]
          ]
        ]
      }
    },
    {
      "type": "Feature",
      "properties": {
        "patch_id": "huepetuhe_inference_area_r001096_c000576",
        "aoi_id": "huepetuhe_inference_area",
        "probability": 0.9307067,
        "prediction": 1,
        "threshold": 0.536,
        "quality_flag": "accepted"
      },
      "geometry": {
        "type": "Polygon",
        "coordinates": [
          [
            [
              -70.69759739,
              -12.97849216
            ],
            [
              -70.69464804,
              -12.97851139
            ],
            [
              -70.69466764,
              -12.98140379
            ],
            [
              -70.69761702,
              -12.98138455
            ],
            [
              -70.69759739,
              -12.97849216
            ]
          ]
        ]
      }
    },
    {
      "type": "Feature",
      "properties": {
        "patch_id": "huepetuhe_inference_area_r001104_c000840",
        "aoi_id": "huepetuhe_inference_area",
        "probability": 0.6590973,
        "prediction": 1,
        "threshold": 0.536,
        "quality_flag": "accepted"
      },
      "geometry": {
        "type": "Polygon",
        "coordinates": [
          [
            [
              -70.67326996,
              -12.97937296
            ],
            [
              -70.67032056,
              -12.97939192
            ],
            [
              -70.67033988,
              -12.98228436
            ],
            [
              -70.67328931,
              -12.98226539
            ],
            [
              -70.67326996,
              -12.97937296
            ]
          ]
        ]
      }
    },
    {
      "type": "Feature",
      "properties": {
        "patch_id": "huepetuhe_inference_area_r001104_c001112",
        "aoi_id": "huepetuhe_inference_area",
        "probability": 0.3358665,
        "prediction": 0,
        "threshold": 0.536,
        "quality_flag": "accepted"
      },
      "geometry": {
        "type": "Polygon",
        "coordinates": [
          [
            [
              -70.64819994,
              -12.97953306
            ],
            [
              -70.6452505,
              -12.97955174
            ],
            [
              -70.64526953,
              -12.98244421
            ],
            [
              -70.648219,
              -12.98242553
            ],
            [
              -70.64819994,
              -12.97953306
            ]
          ]
        ]
      }
    },
    {
      "type": "Feature",
      "properties": {
        "patch_id": "huepetuhe_inference_area_r001104_c001240",
        "aoi_id": "huepetuhe_inference_area",
        "probability": 0.2921513,
        "prediction": 0,
        "threshold": 0.536,
        "quality_flag": "accepted"
      },
      "geometry": {
        "type": "Polygon",
        "coordinates": [
          [
            [
              -70.63640217,
              -12.97960757
            ],
            [
              -70.63345271,
              -12.97962611
            ],
            [
              -70.6334716,
              -12.9825186
            ],
            [
              -70.63642109,
              -12.98250005
            ],
            [
              -70.63640217,
              -12.97960757
            ]
          ]
        ]
      }
    },
    {
      "type": "Feature",
      "properties": {
        "patch_id": "huepetuhe_inference_area_r001112_c000384",
        "aoi_id": "huepetuhe_inference_area",
        "probability": 0.4212423,
        "prediction": 0,
        "threshold": 0.536,
        "quality_flag": "accepted"
      },
      "geometry": {
        "type": "Polygon",
        "coordinates": [
          [
            [
              -70.7153033,
              -12.97982223
            ],
            [
              -70.71235397,
              -12.97984166
            ],
            [
              -70.71237377,
              -12.98273404
            ],
            [
              -70.71532314,
              -12.9827146
            ],
            [
              -70.7153033,
              -12.97982223
            ]
          ]
        ]
      }
    },
    {
      "type": "Feature",
      "properties": {
        "patch_id": "huepetuhe_inference_area_r001112_c000696",
        "aoi_id": "huepetuhe_inference_area",
        "probability": 0.5136448,
        "prediction": 0,
        "threshold": 0.536,
        "quality_flag": "accepted"
      },
      "geometry": {
        "type": "Polygon",
        "coordinates": [
          [
            [
              -70.68654706,
              -12.98001032
            ],
            [
              -70.68359768,
              -12.98002944
            ],
            [
              -70.68361715,
              -12.98292185
            ],
            [
              -70.68656657,
              -12.98290274
            ],
            [
              -70.68654706,
              -12.98001032
            ]
          ]
        ]
      }
    },
    {
      "type": "Feature",
      "properties": {
        "patch_id": "huepetuhe_inference_area_r001112_c000944",
        "aoi_id": "huepetuhe_inference_area",
        "probability": 0.4515183,
        "prediction": 0,
        "threshold": 0.536,
        "quality_flag": "accepted"
      },
      "geometry": {
        "type": "Polygon",
        "coordinates": [
          [
            [
              -70.66368921,
              -12.98015757
            ],
            [
              -70.66073979,
              -12.98017642
            ],
            [
              -70.660759,
              -12.98306888
            ],
            [
              -70.66370845,
              -12.98305002
            ],
            [
              -70.66368921,
              -12.98015757
            ]
          ]
        ]
      }
    },
    {
      "type": "Feature",
      "properties": {
        "patch_id": "huepetuhe_inference_area_r001112_c001288",
        "aoi_id": "huepetuhe_inference_area",
        "probability": 0.3420907,
        "prediction": 0,
        "threshold": 0.536,
        "quality_flag": "accepted"
      },
      "geometry": {
        "type": "Polygon",
        "coordinates": [
          [
            [
              -70.6319827,
              -12.98035849
            ],
            [
              -70.62903323,
              -12.98037699
            ],
            [
              -70.62905207,
              -12.98326949
            ],
            [
              -70.63200158,
              -12.98325099
            ],
            [
              -70.6319827,
              -12.98035849
            ]
          ]
        ]
      }
    },
    {
      "type": "Feature",
      "properties": {
        "patch_id": "huepetuhe_inference_area_r001120_c000904",
        "aoi_id": "huepetuhe_inference_area",
        "probability": 0.3730661,
        "prediction": 0,
        "threshold": 0.536,
        "quality_flag": "accepted"
      },
      "geometry": {
        "type": "Polygon",
        "coordinates": [
          [
            [
              -70.6673808,
              -12.98085707
            ],
            [
              -70.66443138,
              -12.98087596
            ],
            [
              -70.66445063,
              -12.98376841
            ],
            [
              -70.66740009,
              -12.98374951
            ],
            [
              -70.6673808,
              -12.98085707
            ]
          ]
        ]
      }
    },
    {
      "type": "Feature",
      "properties": {
        "patch_id": "huepetuhe_inference_area_r001120_c001224",
        "aoi_id": "huepetuhe_inference_area",
        "probability": 0.3294837,
        "prediction": 0,
        "threshold": 0.536,
        "quality_flag": "accepted"
      },
      "geometry": {
        "type": "Polygon",
        "coordinates": [
          [
            [
              -70.63788636,
              -12.98104453
            ],
            [
              -70.63493689,
              -12.98106309
            ],
            [
              -70.63495581,
              -12.98395558
            ],
            [
              -70.63790531,
              -12.98393701
            ],
            [
              -70.63788636,
              -12.98104453
            ]
          ]
        ]
      }
    },
    {
      "type": "Feature",
      "properties": {
        "patch_id": "huepetuhe_inference_area_r001128_c000256",
        "aoi_id": "huepetuhe_inference_area",
        "probability": 0.4625425,
        "prediction": 0,
        "threshold": 0.536,
        "quality_flag": "accepted"
      },
      "geometry": {
        "type": "Polygon",
        "coordinates": [
          [
            [
              -70.72711059,
              -12.98119032
            ],
            [
              -70.72416126,
              -12.98120989
            ],
            [
              -70.7241812,
              -12.98410224
            ],
            [
              -70.72713057,
              -12.98408267
            ],
            [
              -70.72711059,
              -12.98119032
            ]
          ]
        ]
      }
    },
    {
      "type": "Feature",
      "properties": {
        "patch_id": "huepetuhe_inference_area_r001144_c000312",
        "aoi_id": "huepetuhe_inference_area",
        "probability": 0.5700586,
        "prediction": 1,
        "threshold": 0.536,
        "quality_flag": "accepted"
      },
      "geometry": {
        "type": "Polygon",
        "coordinates": [
          [
            [
              -70.72195921,
              -12.98267073
            ],
            [
              -70.71900985,
              -12.98269025
            ],
            [
              -70.71902974,
              -12.98558261
            ],
            [
              -70.72197913,
              -12.98556309
            ],
            [
              -70.72195921,
              -12.98267073
            ]
          ]
        ]
      }
    },
    {
      "type": "Feature",
      "properties": {
        "patch_id": "huepetuhe_inference_area_r001144_c000368",
        "aoi_id": "huepetuhe_inference_area",
        "probability": 0.5463968,
        "prediction": 1,
        "threshold": 0.536,
        "quality_flag": "accepted"
      },
      "geometry": {
        "type": "Polygon",
        "coordinates": [
          [
            [
              -70.71679783,
              -12.98270486
            ],
            [
              -70.71384846,
              -12.98272432
            ],
            [
              -70.71386829,
              -12.98561669
            ],
            [
              -70.71681769,
              -12.98559723
            ],
            [
              -70.71679783,
              -12.98270486
            ]
          ]
        ]
      }
    },
    {
      "type": "Feature",
      "properties": {
        "patch_id": "huepetuhe_inference_area_r001152_c000048",
        "aoi_id": "huepetuhe_inference_area",
        "probability": 0.5448155,
        "prediction": 1,
        "threshold": 0.536,
        "quality_flag": "accepted"
      },
      "geometry": {
        "type": "Polygon",
        "coordinates": [
          [
            [
              -70.7462963,
              -12.98323151
            ],
            [
              -70.74334698,
              -12.9832513
            ],
            [
              -70.74336715,
              -12.98614363
            ],
            [
              -70.74631651,
              -12.98612383
            ],
            [
              -70.7462963,
              -12.98323151
            ]
          ]
        ]
      }
    },
    {
      "type": "Feature",
      "properties": {
        "patch_id": "huepetuhe_inference_area_r001160_c001376",
        "aoi_id": "huepetuhe_inference_area",
        "probability": 0.7045242,
        "prediction": 1,
        "threshold": 0.536,
        "quality_flag": "accepted"
      },
      "geometry": {
        "type": "Polygon",
        "coordinates": [
          [
            [
              -70.62389983,
              -12.98474803
            ],
            [
              -70.62095029,
              -12.98476644
            ],
            [
              -70.62096905,
              -12.98765894
            ],
            [
              -70.62391862,
              -12.98764053
            ],
            [
              -70.62389983,
              -12.98474803
            ]
          ]
        ]
      }
    },
    {
      "type": "Feature",
      "properties": {
        "patch_id": "huepetuhe_inference_area_r001176_c000216",
        "aoi_id": "huepetuhe_inference_area",
        "probability": 0.5570961,
        "prediction": 1,
        "threshold": 0.536,
        "quality_flag": "accepted"
      },
      "geometry": {
        "type": "Polygon",
        "coordinates": [
          [
            [
              -70.73082729,
              -12.98550432
            ],
            [
              -70.72787791,
              -12.98552394
            ],
            [
              -70.7278979,
              -12.98841629
            ],
            [
              -70.73084732,
              -12.98839666
            ],
            [
              -70.73082729,
              -12.98550432
            ]
          ]
        ]
      }
    },
    {
      "type": "Feature",
      "properties": {
        "patch_id": "huepetuhe_inference_area_r001176_c000656",
        "aoi_id": "huepetuhe_inference_area",
        "probability": 0.5215089,
        "prediction": 0,
        "threshold": 0.536,
        "quality_flag": "accepted"
      },
      "geometry": {
        "type": "Polygon",
        "coordinates": [
          [
            [
              -70.69027289,
              -12.9857712
            ],
            [
              -70.68732344,
              -12.98579036
            ],
            [
              -70.68734297,
              -12.98868277
            ],
            [
              -70.69029245,
              -12.9886636
            ],
            [
              -70.69027289,
              -12.9857712
            ]
          ]
        ]
      }
    },
    {
      "type": "Feature",
      "properties": {
        "patch_id": "huepetuhe_inference_area_r001176_c001064",
        "aoi_id": "huepetuhe_inference_area",
        "probability": 0.3772952,
        "prediction": 0,
        "threshold": 0.536,
        "quality_flag": "accepted"
      },
      "geometry": {
        "type": "Polygon",
        "coordinates": [
          [
            [
              -70.6526671,
              -12.98601302
            ],
            [
              -70.64971759,
              -12.98603176
            ],
            [
              -70.64973668,
              -12.98892423
            ],
            [
              -70.65268622,
              -12.98890548
            ],
            [
              -70.6526671,
              -12.98601302
            ]
          ]
        ]
      }
    },
    {
      "type": "Feature",
      "properties": {
        "patch_id": "huepetuhe_inference_area_r001192_c000864",
        "aoi_id": "huepetuhe_inference_area",
        "probability": 0.3700717,
        "prediction": 0,
        "threshold": 0.536,
        "quality_flag": "accepted"
      },
      "geometry": {
        "type": "Polygon",
        "coordinates": [
          [
            [
              -70.67111107,
              -12.98734138
            ],
            [
              -70.66816158,
              -12.98736033
            ],
            [
              -70.66818089,
              -12.99025276
            ],
            [
              -70.67113041,
              -12.99023381
            ],
            [
              -70.67111107,
              -12.98734138
            ]
          ]
        ]
      }
    },
    {
      "type": "Feature",
      "properties": {
        "patch_id": "huepetuhe_inference_area_r001192_c001112",
        "aoi_id": "huepetuhe_inference_area",
        "probability": 0.2990684,
        "prediction": 0,
        "threshold": 0.536,
        "quality_flag": "accepted"
      },
      "geometry": {
        "type": "Polygon",
        "coordinates": [
          [
            [
              -70.64825237,
              -12.98748735
            ],
            [
              -70.64530284,
              -12.98750604
            ],
            [
              -70.64532189,
              -12.99039851
            ],
            [
              -70.64827145,
              -12.99037982
            ],
            [
              -70.64825237,
              -12.98748735
            ]
          ]
        ]
      }
    },
    {
      "type": "Feature",
      "properties": {
        "patch_id": "huepetuhe_inference_area_r001192_c001304",
        "aoi_id": "huepetuhe_inference_area",
        "probability": 0.1782557,
        "prediction": 0,
        "threshold": 0.536,
        "quality_flag": "accepted"
      },
      "geometry": {
        "type": "Polygon",
        "coordinates": [
          [
            [
              -70.63055513,
              -12.98759898
            ],
            [
              -70.62760557,
              -12.98761747
            ],
            [
              -70.62762441,
              -12.99050997
            ],
            [
              -70.630574,
              -12.99049147
            ],
            [
              -70.63055513,
              -12.98759898
            ]
          ]
        ]
      }
    },
    {
      "type": "Feature",
      "properties": {
        "patch_id": "huepetuhe_inference_area_r001200_c000464",
        "aoi_id": "huepetuhe_inference_area",
        "probability": 0.5750072,
        "prediction": 1,
        "threshold": 0.536,
        "quality_flag": "accepted"
      },
      "geometry": {
        "type": "Polygon",
        "coordinates": [
          [
            [
              -70.70798429,
              -12.9878248
            ],
            [
              -70.70503485,
              -12.98784417
            ],
            [
              -70.70505458,
              -12.99073655
            ],
            [
              -70.70800406,
              -12.99071718
            ],
            [
              -70.70798429,
              -12.9878248
            ]
          ]
        ]
      }
    },
    {
      "type": "Feature",
      "properties": {
        "patch_id": "huepetuhe_inference_area_r001200_c000664",
        "aoi_id": "huepetuhe_inference_area",
        "probability": 0.559935,
        "prediction": 1,
        "threshold": 0.536,
        "quality_flag": "accepted"
      },
      "geometry": {
        "type": "Polygon",
        "coordinates": [
          [
            [
              -70.68955019,
              -12.9879453
            ],
            [
              -70.68660072,
              -12.98796446
            ],
            [
              -70.68662024,
              -12.99085687
            ],
            [
              -70.68956975,
              -12.9908377
            ],
            [
              -70.68955019,
              -12.9879453
            ]
          ]
        ]
      }
    },
    {
      "type": "Feature",
      "properties": {
        "patch_id": "huepetuhe_inference_area_r001200_c000720",
        "aoi_id": "huepetuhe_inference_area",
        "probability": 0.6183186,
        "prediction": 1,
        "threshold": 0.536,
        "quality_flag": "accepted"
      },
      "geometry": {
        "type": "Polygon",
        "coordinates": [
          [
            [
              -70.68438861,
              -12.9879788
            ],
            [
              -70.68143913,
              -12.9879979
            ],
            [
              -70.68145859,
              -12.99089032
            ],
            [
              -70.68440811,
              -12.99087122
            ],
            [
              -70.68438861,
              -12.9879788
            ]
          ]
        ]
      }
    },
    {
      "type": "Feature",
      "properties": {
        "patch_id": "huepetuhe_inference_area_r001208_c000720",
        "aoi_id": "huepetuhe_inference_area",
        "probability": 0.5934473,
        "prediction": 1,
        "threshold": 0.536,
        "quality_flag": "accepted"
      },
      "geometry": {
        "type": "Polygon",
        "coordinates": [
          [
            [
              -70.68439348,
              -12.98870191
            ],
            [
              -70.68144399,
              -12.98872101
            ],
            [
              -70.68146346,
              -12.99161342
            ],
            [
              -70.68441298,
              -12.99159432
            ],
            [
              -70.68439348,
              -12.98870191
            ]
          ]
        ]
      }
    },
    {
      "type": "Feature",
      "properties": {
        "patch_id": "huepetuhe_inference_area_r001208_c001168",
        "aoi_id": "huepetuhe_inference_area",
        "probability": 0.3846892,
        "prediction": 0,
        "threshold": 0.536,
        "quality_flag": "accepted"
      },
      "geometry": {
        "type": "Polygon",
        "coordinates": [
          [
            [
              -70.6431002,
              -12.98896627
            ],
            [
              -70.64015065,
              -12.9889849
            ],
            [
              -70.64016963,
              -12.99187738
            ],
            [
              -70.64311922,
              -12.99185875
            ],
            [
              -70.6431002,
              -12.98896627
            ]
          ]
        ]
      }
    },
    {
      "type": "Feature",
      "properties": {
        "patch_id": "huepetuhe_inference_area_r001216_c000208",
        "aoi_id": "huepetuhe_inference_area",
        "probability": 0.7276157,
        "prediction": 1,
        "threshold": 0.536,
        "quality_flag": "accepted"
      },
      "geometry": {
        "type": "Polygon",
        "coordinates": [
          [
            [
              -70.73158968,
              -12.98911484
            ],
            [
              -70.72864026,
              -12.98913447
            ],
            [
              -70.72866027,
              -12.99202682
            ],
            [
              -70.73160973,
              -12.99200718
            ],
            [
              -70.73158968,
              -12.98911484
            ]
          ]
        ]
      }
    },
    {
      "type": "Feature",
      "properties": {
        "patch_id": "huepetuhe_inference_area_r001224_c001208",
        "aoi_id": "huepetuhe_inference_area",
        "probability": 0.4119052,
        "prediction": 0,
        "threshold": 0.536,
        "quality_flag": "accepted"
      },
      "geometry": {
        "type": "Polygon",
        "coordinates": [
          [
            [
              -70.63942275,
              -12.9904358
            ],
            [
              -70.63647317,
              -12.99045439
            ],
            [
              -70.63649211,
              -12.99334687
            ],
            [
              -70.63944172,
              -12.99332828
            ],
            [
              -70.63942275,
              -12.9904358
            ]
          ]
        ]
      }
    },
    {
      "type": "Feature",
      "properties": {
        "patch_id": "huepetuhe_inference_area_r001232_c000456",
        "aoi_id": "huepetuhe_inference_area",
        "probability": 0.5882367,
        "prediction": 1,
        "threshold": 0.536,
        "quality_flag": "accepted"
      },
      "geometry": {
        "type": "Polygon",
        "coordinates": [
          [
            [
              -70.70874143,
              -12.99071233
            ],
            [
              -70.70579195,
              -12.99073171
            ],
            [
              -70.7058117,
              -12.99362409
            ],
            [
              -70.70876121,
              -12.99360471
            ],
            [
              -70.70874143,
              -12.99071233
            ]
          ]
        ]
      }
    },
    {
      "type": "Feature",
      "properties": {
        "patch_id": "huepetuhe_inference_area_r001232_c001016",
        "aoi_id": "huepetuhe_inference_area",
        "probability": 0.3864297,
        "prediction": 0,
        "threshold": 0.536,
        "quality_flag": "accepted"
      },
      "geometry": {
        "type": "Polygon",
        "coordinates": [
          [
            [
              -70.65712491,
              -12.99104665
            ],
            [
              -70.65417535,
              -12.99106545
            ],
            [
              -70.6541945,
              -12.9939579
            ],
            [
              -70.6571441,
              -12.9939391
            ],
            [
              -70.65712491,
              -12.99104665
            ]
          ]
        ]
      }
    },
    {
      "type": "Feature",
      "properties": {
        "patch_id": "huepetuhe_inference_area_r001240_c000168",
        "aoi_id": "huepetuhe_inference_area",
        "probability": 0.6222015,
        "prediction": 1,
        "threshold": 0.536,
        "quality_flag": "accepted"
      },
      "geometry": {
        "type": "Polygon",
        "coordinates": [
          [
            [
              -70.73529152,
              -12.9912595
            ],
            [
              -70.73234208,
              -12.99127918
            ],
            [
              -70.73236213,
              -12.99417152
            ],
            [
              -70.73531161,
              -12.99415183
            ],
            [
              -70.73529152,
              -12.9912595
            ]
          ]
        ]
      }
    },
    {
      "type": "Feature",
      "properties": {
        "patch_id": "huepetuhe_inference_area_r001240_c000976",
        "aoi_id": "huepetuhe_inference_area",
        "probability": 0.3882173,
        "prediction": 0,
        "threshold": 0.536,
        "quality_flag": "accepted"
      },
      "geometry": {
        "type": "Polygon",
        "coordinates": [
          [
            [
              -70.66081666,
              -12.99174622
            ],
            [
              -70.6578671,
              -12.99176506
            ],
            [
              -70.65788629,
              -12.99465751
            ],
            [
              -70.66083589,
              -12.99463867
            ],
            [
              -70.66081666,
              -12.99174622
            ]
          ]
        ]
      }
    },
    {
      "type": "Feature",
      "properties": {
        "patch_id": "huepetuhe_inference_area_r001248_c000952",
        "aoi_id": "huepetuhe_inference_area",
        "probability": 0.3805652,
        "prediction": 0,
        "threshold": 0.536,
        "quality_flag": "accepted"
      },
      "geometry": {
        "type": "Polygon",
        "coordinates": [
          [
            [
              -70.66303364,
              -12.99245518
            ],
            [
              -70.66008407,
              -12.99247405
            ],
            [
              -70.66010329,
              -12.9953665
            ],
            [
              -70.66305289,
              -12.99534763
            ],
            [
              -70.66303364,
              -12.99245518
            ]
          ]
        ]
      }
    },
    {
      "type": "Feature",
      "properties": {
        "patch_id": "huepetuhe_inference_area_r001256_c000056",
        "aoi_id": "huepetuhe_inference_area",
        "probability": 0.6376522,
        "prediction": 1,
        "threshold": 0.536,
        "quality_flag": "accepted"
      },
      "geometry": {
        "type": "Polygon",
        "coordinates": [
          [
            [
              -70.74562463,
              -12.99263651
            ],
            [
              -70.74267519,
              -12.99265631
            ],
            [
              -70.74269536,
              -12.99554863
            ],
            [
              -70.74564484,
              -12.99552882
            ],
            [
              -70.74562463,
              -12.99263651
            ]
          ]
        ]
      }
    },
    {
      "type": "Feature",
      "properties": {
        "patch_id": "huepetuhe_inference_area_r001256_c000120",
        "aoi_id": "huepetuhe_inference_area",
        "probability": 0.7594901,
        "prediction": 1,
        "threshold": 0.536,
        "quality_flag": "accepted"
      },
      "geometry": {
        "type": "Polygon",
        "coordinates": [
          [
            [
              -70.73972574,
              -12.99267607
            ],
            [
              -70.73677629,
              -12.99269581
            ],
            [
              -70.7367964,
              -12.99558814
            ],
            [
              -70.73974588,
              -12.9955684
            ],
            [
              -70.73972574,
              -12.99267607
            ]
          ]
        ]
      }
    },
    {
      "type": "Feature",
      "properties": {
        "patch_id": "huepetuhe_inference_area_r001256_c000624",
        "aoi_id": "huepetuhe_inference_area",
        "probability": 0.5155291,
        "prediction": 0,
        "threshold": 0.536,
        "quality_flag": "accepted"
      },
      "geometry": {
        "type": "Polygon",
        "coordinates": [
          [
            [
              -70.69327132,
              -12.992983
            ],
            [
              -70.6903218,
              -12.99300221
            ],
            [
              -70.69034137,
              -12.99589462
            ],
            [
              -70.69329093,
              -12.9958754
            ],
            [
              -70.69327132,
              -12.992983
            ]
          ]
        ]
      }
    },
    {
      "type": "Feature",
      "properties": {
        "patch_id": "huepetuhe_inference_area_r001272_c001312",
        "aoi_id": "huepetuhe_inference_area",
        "probability": 0.4720319,
        "prediction": 0,
        "threshold": 0.536,
        "quality_flag": "accepted"
      },
      "geometry": {
        "type": "Polygon",
        "coordinates": [
          [
            [
              -70.62986491,
              -12.99483484
            ],
            [
              -70.62691526,
              -12.99485333
            ],
            [
              -70.6269341,
              -12.99774583
            ],
            [
              -70.62988378,
              -12.99772733
            ],
            [
              -70.62986491,
              -12.99483484
            ]
          ]
        ]
      }
    },
    {
      "type": "Feature",
      "properties": {
        "patch_id": "huepetuhe_inference_area_r001280_c000208",
        "aoi_id": "huepetuhe_inference_area",
        "probability": 0.5268577,
        "prediction": 0,
        "threshold": 0.536,
        "quality_flag": "accepted"
      },
      "geometry": {
        "type": "Polygon",
        "coordinates": [
          [
            [
              -70.73162977,
              -12.99489952
            ],
            [
              -70.72868028,
              -12.99491916
            ],
            [
              -70.7287003,
              -12.99781151
            ],
            [
              -70.73164983,
              -12.99779186
            ],
            [
              -70.73162977,
              -12.99489952
            ]
          ]
        ]
      }
    },
    {
      "type": "Feature",
      "properties": {
        "patch_id": "huepetuhe_inference_area_r001280_c000328",
        "aoi_id": "huepetuhe_inference_area",
        "probability": 0.645811,
        "prediction": 1,
        "threshold": 0.536,
        "quality_flag": "accepted"
      },
      "geometry": {
        "type": "Polygon",
        "coordinates": [
          [
            [
              -70.72056916,
              -12.99497302
            ],
            [
              -70.71761965,
              -12.99499254
            ],
            [
              -70.71763955,
              -12.9978849
            ],
            [
              -70.72058909,
              -12.99786538
            ],
            [
              -70.72056916,
              -12.99497302
            ]
          ]
        ]
      }
    },
    {
      "type": "Feature",
      "properties": {
        "patch_id": "huepetuhe_inference_area_r001280_c001360",
        "aoi_id": "huepetuhe_inference_area",
        "probability": 0.0466919,
        "prediction": 0,
        "threshold": 0.536,
        "quality_flag": "accepted"
      },
      "geometry": {
        "type": "Polygon",
        "coordinates": [
          [
            [
              -70.62544514,
              -12.99558569
            ],
            [
              -70.62249548,
              -12.99560413
            ],
            [
              -70.62251428,
              -12.99849663
            ],
            [
              -70.62546397,
              -12.99847819
            ],
            [
              -70.62544514,
              -12.99558569
            ]
          ]
        ]
      }
    },
    {
      "type": "Feature",
      "properties": {
        "patch_id": "huepetuhe_inference_area_r001280_c001432",
        "aoi_id": "huepetuhe_inference_area",
        "probability": 0.4396005,
        "prediction": 0,
        "threshold": 0.536,
        "quality_flag": "accepted"
      },
      "geometry": {
        "type": "Polygon",
        "coordinates": [
          [
            [
              -70.6188084,
              -12.99562713
            ],
            [
              -70.61585873,
              -12.9956455
            ],
            [
              -70.61587745,
              -12.99853801
            ],
            [
              -70.61882715,
              -12.99851964
            ],
            [
              -70.6188084,
              -12.99562713
            ]
          ]
        ]
      }
    },
    {
      "type": "Feature",
      "properties": {
        "patch_id": "huepetuhe_inference_area_r001296_c000168",
        "aoi_id": "huepetuhe_inference_area",
        "probability": 0.5781781,
        "prediction": 1,
        "threshold": 0.536,
        "quality_flag": "accepted"
      },
      "geometry": {
        "type": "Polygon",
        "coordinates": [
          [
            [
              -70.73532668,
              -12.99632108
            ],
            [
              -70.73237718,
              -12.99634077
            ],
            [
              -70.73239724,
              -12.99923311
            ],
            [
              -70.73534678,
              -12.99921342
            ],
            [
              -70.73532668,
              -12.99632108
            ]
          ]
        ]
      }
    },
    {
      "type": "Feature",
      "properties": {
        "patch_id": "huepetuhe_inference_area_r001296_c001400",
        "aoi_id": "huepetuhe_inference_area",
        "probability": 0.3819503,
        "prediction": 0,
        "threshold": 0.536,
        "quality_flag": "accepted"
      },
      "geometry": {
        "type": "Polygon",
        "coordinates": [
          [
            [
              -70.62176746,
              -12.99705499
            ],
            [
              -70.61881778,
              -12.99707339
            ],
            [
              -70.61883653,
              -12.9999659
            ],
            [
              -70.62178624,
              -12.99994749
            ],
            [
              -70.62176746,
              -12.99705499
            ]
          ]
        ]
      }
    },
    {
      "type": "Feature",
      "properties": {
        "patch_id": "huepetuhe_inference_area_r001304_c000144",
        "aoi_id": "huepetuhe_inference_area",
        "probability": 0.5999288,
        "prediction": 1,
        "threshold": 0.536,
        "quality_flag": "accepted"
      },
      "geometry": {
        "type": "Polygon",
        "coordinates": [
          [
            [
              -70.73754383,
              -12.99702938
            ],
            [
              -70.73459432,
              -12.99704909
            ],
            [
              -70.73461442,
              -12.99994143
            ],
            [
              -70.73756396,
              -12.99992171
            ],
            [
              -70.73754383,
              -12.99702938
            ]
          ]
        ]
      }
    }
  ]
}
