aoi_id,aoi_role,target_year,window_start,window_end,item_id,acquisition_datetime,cloud_cover_pct,platform,processing_baseline,proj_epsg,collection,source_uri,bbox,required_assets_present,missing_assets,B02_href,B03_href,B04_href,B08_href,SCL_href,local_path,query_timestamp_utc,status
la_pampa,dataset_development,2018,2018-06-01,2018-09-30,S2B_MSIL2A_20180912T145719_R039_T19LDF_20201009T003247,2018-09-12T14:57:19.024000Z,3.651689,Sentinel-2B,02.12,32719,sentinel-2-l2a,https://planetarycomputer.microsoft.com/api/stac/v1/collections/sentinel-2-l2a/items/S2B_MSIL2A_20180912T145719_R039_T19LDF_20201009T003247,"[-69.92499,-13.655284502793606,-69.62964,-12.662412634168817]",True,,https://sentinel2l2a01.blob.core.windows.net/sentinel2-l2/19/L/DF/2018/09/12/S2B_MSIL2A_20180912T145719_N0212_R039_T19LDF_20201009T003247.SAFE/GRANULE/L2A_T19LDF_A007930_20180912T145825/IMG_DATA/R10m/T19LDF_20180912T145719_B02_10m.tif,https://sentinel2l2a01.blob.core.windows.net/sentinel2-l2/19/L/DF/2018/09/12/S2B_MSIL2A_20180912T145719_N0212_R039_T19LDF_20201009T003247.SAFE/GRANULE/L2A_T19LDF_A007930_20180912T145825/IMG_DATA/R10m/T19LDF_20180912T145719_B03_10m.tif,https://sentinel2l2a01.blob.core.windows.net/sentinel2-l2/19/L/DF/2018/09/12/S2B_MSIL2A_20180912T145719_N0212_R039_T19LDF_20201009T003247.SAFE/GRANULE/L2A_T19LDF_A007930_20180912T145825/IMG_DATA/R10m/T19LDF_20180912T145719_B04_10m.tif,https://sentinel2l2a01.blob.core.windows.net/sentinel2-l2/19/L/DF/2018/09/12/S2B_MSIL2A_20180912T145719_N0212_R039_T19LDF_20201009T003247.SAFE/GRANULE/L2A_T19LDF_A007930_20180912T145825/IMG_DATA/R10m/T19LDF_20180912T145719_B08_10m.tif,https://sentinel2l2a01.blob.core.windows.net/sentinel2-l2/19/L/DF/2018/09/12/S2B_MSIL2A_20180912T145719_N0212_R039_T19LDF_20201009T003247.SAFE/GRANULE/L2A_T19LDF_A007930_20180912T145825/IMG_DATA/R20m/T19LDF_20180912T145719_SCL_20m.tif,,2026-08-09T23:20:24.475049Z,discovered
la_pampa,dataset_development,2018,2018-06-01,2018-09-30,S2B_MSIL2A_20180909T144719_R139_T19LDF_20201008T232544,2018-09-09T14:47:19.024000Z,1.060929,Sentinel-2B,02.12,32719,sentinel-2-l2a,https://planetarycomputer.microsoft.com/api/stac/v1/collections/sentinel-2-l2a/items/S2B_MSIL2A_20180909T144719_R139_T19LDF_20201008T232544,"[-69.92499,-13.656868384073984,-68.90976,-12.662460660363838]",True,,https://sentinel2l2a01.blob.core.windows.net/sentinel2-l2/19/L/DF/2018/09/09/S2B_MSIL2A_20180909T144719_N0212_R139_T19LDF_20201008T232544.SAFE/GRANULE/L2A_T19LDF_A007887_20180909T145159/IMG_DATA/R10m/T19LDF_20180909T144719_B02_10m.tif,https://sentinel2l2a01.blob.core.windows.net/sentinel2-l2/19/L/DF/2018/09/09/S2B_MSIL2A_20180909T144719_N0212_R139_T19LDF_20201008T232544.SAFE/GRANULE/L2A_T19LDF_A007887_20180909T145159/IMG_DATA/R10m/T19LDF_20180909T144719_B03_10m.tif,https://sentinel2l2a01.blob.core.windows.net/sentinel2-l2/19/L/DF/2018/09/09/S2B_MSIL2A_20180909T144719_N0212_R139_T19LDF_20201008T232544.SAFE/GRANULE/L2A_T19LDF_A007887_20180909T145159/IMG_DATA/R10m/T19LDF_20180909T144719_B04_10m.tif,https://sentinel2l2a01.blob.core.windows.net/sentinel2-l2/19/L/DF/2018/09/09/S2B_MSIL2A_20180909T144719_N0212_R139_T19LDF_20201008T232544.SAFE/GRANULE/L2A_T19LDF_A007887_20180909T145159/IMG_DATA/R10m/T19LDF_20180909T144719_B08_10m.tif,https://sentinel2l2a01.blob.core.windows.net/sentinel2-l2/19/L/DF/2018/09/09/S2B_MSIL2A_20180909T144719_N0212_R139_T19LDF_20201008T232544.SAFE/GRANULE/L2A_T19LDF_A007887_20180909T145159/IMG_DATA/R20m/T19LDF_20180909T144719_SCL_20m.tif,,2026-08-09T23:20:24.475049Z,discovered
la_pampa,dataset_development,2018,2018-06-01,2018-09-30,S2B_MSIL2A_20180909T144719_R139_T19LCF_20201008T232531,2018-09-09T14:47:19.024000Z,0.419456,Sentinel-2B,02.12,32719,sentinel-2-l2a,https://planetarycomputer.microsoft.com/api/stac/v1/collections/sentinel-2-l2a/items/S2B_MSIL2A_20180909T144719_R139_T19LCF_20201008T232531,"[-70.12067,-13.655483318755016,-69.83066,-12.66241042610519]",True,,https://sentinel2l2a01.blob.core.windows.net/sentinel2-l2/19/L/CF/2018/09/09/S2B_MSIL2A_20180909T144719_N0212_R139_T19LCF_20201008T232531.SAFE/GRANULE/L2A_T19LCF_A007887_20180909T145159/IMG_DATA/R10m/T19LCF_20180909T144719_B02_10m.tif,https://sentinel2l2a01.blob.core.windows.net/sentinel2-l2/19/L/CF/2018/09/09/S2B_MSIL2A_20180909T144719_N0212_R139_T19LCF_20201008T232531.SAFE/GRANULE/L2A_T19LCF_A007887_20180909T145159/IMG_DATA/R10m/T19LCF_20180909T144719_B03_10m.tif,https://sentinel2l2a01.blob.core.windows.net/sentinel2-l2/19/L/CF/2018/09/09/S2B_MSIL2A_20180909T144719_N0212_R139_T19LCF_20201008T232531.SAFE/GRANULE/L2A_T19LCF_A007887_20180909T145159/IMG_DATA/R10m/T19LCF_20180909T144719_B04_10m.tif,https://sentinel2l2a01.blob.core.windows.net/sentinel2-l2/19/L/CF/2018/09/09/S2B_MSIL2A_20180909T144719_N0212_R139_T19LCF_20201008T232531.SAFE/GRANULE/L2A_T19LCF_A007887_20180909T145159/IMG_DATA/R10m/T19LCF_20180909T144719_B08_10m.tif,https://sentinel2l2a01.blob.core.windows.net/sentinel2-l2/19/L/CF/2018/09/09/S2B_MSIL2A_20180909T144719_N0212_R139_T19LCF_20201008T232531.SAFE/GRANULE/L2A_T19LCF_A007887_20180909T145159/IMG_DATA/R20m/T19LCF_20180909T144719_SCL_20m.tif,,2026-08-09T23:20:24.475049Z,discovered
la_pampa,dataset_development,2018,2018-06-01,2018-09-30,S2A_MSIL2A_20180907T145721_R039_T19LDF_20201011T093948,2018-09-07T14:57:21.024000Z,0.656002,Sentinel-2A,02.12,32719,sentinel-2-l2a,https://planetarycomputer.microsoft.com/api/stac/v1/collections/sentinel-2-l2a/items/S2A_MSIL2A_20180907T145721_R039_T19LDF_20201011T093948,"[-69.92499,-13.65525815145018,-69.64459,-12.662412634168817]",True,,https://sentinel2l2a01.blob.core.windows.net/sentinel2-l2/19/L/DF/2018/09/07/S2A_MSIL2A_20180907T145721_N0212_R039_T19LDF_20201011T093948.SAFE/GRANULE/L2A_T19LDF_A016767_20180907T150208/IMG_DATA/R10m/T19LDF_20180907T145721_B02_10m.tif,https://sentinel2l2a01.blob.core.windows.net/sentinel2-l2/19/L/DF/2018/09/07/S2A_MSIL2A_20180907T145721_N0212_R039_T19LDF_20201011T093948.SAFE/GRANULE/L2A_T19LDF_A016767_20180907T150208/IMG_DATA/R10m/T19LDF_20180907T145721_B03_10m.tif,https://sentinel2l2a01.blob.core.windows.net/sentinel2-l2/19/L/DF/2018/09/07/S2A_MSIL2A_20180907T145721_N0212_R039_T19LDF_20201011T093948.SAFE/GRANULE/L2A_T19LDF_A016767_20180907T150208/IMG_DATA/R10m/T19LDF_20180907T145721_B04_10m.tif,https://sentinel2l2a01.blob.core.windows.net/sentinel2-l2/19/L/DF/2018/09/07/S2A_MSIL2A_20180907T145721_N0212_R039_T19LDF_20201011T093948.SAFE/GRANULE/L2A_T19LDF_A016767_20180907T150208/IMG_DATA/R10m/T19LDF_20180907T145721_B08_10m.tif,https://sentinel2l2a01.blob.core.windows.net/sentinel2-l2/19/L/DF/2018/09/07/S2A_MSIL2A_20180907T145721_N0212_R039_T19LDF_20201011T093948.SAFE/GRANULE/L2A_T19LDF_A016767_20180907T150208/IMG_DATA/R20m/T19LDF_20180907T145721_SCL_20m.tif,,2026-08-09T23:20:24.475049Z,discovered
la_pampa,dataset_development,2018,2018-06-01,2018-09-30,S2A_MSIL2A_20180907T145721_R039_T19LCF_20201011T093958,2018-09-07T14:57:21.024000Z,7.25854,Sentinel-2A,02.12,32719,sentinel-2-l2a,https://planetarycomputer.microsoft.com/api/stac/v1/collections/sentinel-2-l2a/items/S2A_MSIL2A_20180907T145721_R039_T19LCF_20201011T093958,"[-70.84897,-13.655304068939095,-69.83066,-12.657636587187465]",True,,https://sentinel2l2a01.blob.core.windows.net/sentinel2-l2/19/L/CF/2018/09/07/S2A_MSIL2A_20180907T145721_N0212_R039_T19LCF_20201011T093958.SAFE/GRANULE/L2A_T19LCF_A016767_20180907T150208/IMG_DATA/R10m/T19LCF_20180907T145721_B02_10m.tif,https://sentinel2l2a01.blob.core.windows.net/sentinel2-l2/19/L/CF/2018/09/07/S2A_MSIL2A_20180907T145721_N0212_R039_T19LCF_20201011T093958.SAFE/GRANULE/L2A_T19LCF_A016767_20180907T150208/IMG_DATA/R10m/T19LCF_20180907T145721_B03_10m.tif,https://sentinel2l2a01.blob.core.windows.net/sentinel2-l2/19/L/CF/2018/09/07/S2A_MSIL2A_20180907T145721_N0212_R039_T19LCF_20201011T093958.SAFE/GRANULE/L2A_T19LCF_A016767_20180907T150208/IMG_DATA/R10m/T19LCF_20180907T145721_B04_10m.tif,https://sentinel2l2a01.blob.core.windows.net/sentinel2-l2/19/L/CF/2018/09/07/S2A_MSIL2A_20180907T145721_N0212_R039_T19LCF_20201011T093958.SAFE/GRANULE/L2A_T19LCF_A016767_20180907T150208/IMG_DATA/R10m/T19LCF_20180907T145721_B08_10m.tif,https://sentinel2l2a01.blob.core.windows.net/sentinel2-l2/19/L/CF/2018/09/07/S2A_MSIL2A_20180907T145721_N0212_R039_T19LCF_20201011T093958.SAFE/GRANULE/L2A_T19LCF_A016767_20180907T150208/IMG_DATA/R20m/T19LCF_20180907T145721_SCL_20m.tif,,2026-08-09T23:20:24.475049Z,discovered
la_pampa,dataset_development,2018,2018-06-01,2018-09-30,S2A_MSIL2A_20180904T144731_R139_T19LDF_20201011T082926,2018-09-04T14:47:31.024000Z,2.252363,Sentinel-2A,02.12,32719,sentinel-2-l2a,https://planetarycomputer.microsoft.com/api/stac/v1/collections/sentinel-2-l2a/items/S2A_MSIL2A_20180904T144731_R139_T19LDF_20201011T082926,"[-69.92499,-13.656868384073984,-68.90976,-12.662438451488594]",True,,https://sentinel2l2a01.blob.core.windows.net/sentinel2-l2/19/L/DF/2018/09/04/S2A_MSIL2A_20180904T144731_N0212_R139_T19LDF_20201011T082926.SAFE/GRANULE/L2A_T19LDF_A016724_20180904T144728/IMG_DATA/R10m/T19LDF_20180904T144731_B02_10m.tif,https://sentinel2l2a01.blob.core.windows.net/sentinel2-l2/19/L/DF/2018/09/04/S2A_MSIL2A_20180904T144731_N0212_R139_T19LDF_20201011T082926.SAFE/GRANULE/L2A_T19LDF_A016724_20180904T144728/IMG_DATA/R10m/T19LDF_20180904T144731_B03_10m.tif,https://sentinel2l2a01.blob.core.windows.net/sentinel2-l2/19/L/DF/2018/09/04/S2A_MSIL2A_20180904T144731_N0212_R139_T19LDF_20201011T082926.SAFE/GRANULE/L2A_T19LDF_A016724_20180904T144728/IMG_DATA/R10m/T19LDF_20180904T144731_B04_10m.tif,https://sentinel2l2a01.blob.core.windows.net/sentinel2-l2/19/L/DF/2018/09/04/S2A_MSIL2A_20180904T144731_N0212_R139_T19LDF_20201011T082926.SAFE/GRANULE/L2A_T19LDF_A016724_20180904T144728/IMG_DATA/R10m/T19LDF_20180904T144731_B08_10m.tif,https://sentinel2l2a01.blob.core.windows.net/sentinel2-l2/19/L/DF/2018/09/04/S2A_MSIL2A_20180904T144731_N0212_R139_T19LDF_20201011T082926.SAFE/GRANULE/L2A_T19LDF_A016724_20180904T144728/IMG_DATA/R20m/T19LDF_20180904T144731_SCL_20m.tif,,2026-08-09T23:20:24.475049Z,discovered
la_pampa,dataset_development,2018,2018-06-01,2018-09-30,S2A_MSIL2A_20180904T144731_R139_T19LCF_20201011T082925,2018-09-04T14:47:31.024000Z,10.707588,Sentinel-2A,02.12,32719,sentinel-2-l2a,https://planetarycomputer.microsoft.com/api/stac/v1/collections/sentinel-2-l2a/items/S2A_MSIL2A_20180904T144731_R139_T19LCF_20201011T082925,"[-70.131744,-13.655483318755016,-69.83066,-12.662339104797566]",True,,https://sentinel2l2a01.blob.core.windows.net/sentinel2-l2/19/L/CF/2018/09/04/S2A_MSIL2A_20180904T144731_N0212_R139_T19LCF_20201011T082925.SAFE/GRANULE/L2A_T19LCF_A016724_20180904T144728/IMG_DATA/R10m/T19LCF_20180904T144731_B02_10m.tif,https://sentinel2l2a01.blob.core.windows.net/sentinel2-l2/19/L/CF/2018/09/04/S2A_MSIL2A_20180904T144731_N0212_R139_T19LCF_20201011T082925.SAFE/GRANULE/L2A_T19LCF_A016724_20180904T144728/IMG_DATA/R10m/T19LCF_20180904T144731_B03_10m.tif,https://sentinel2l2a01.blob.core.windows.net/sentinel2-l2/19/L/CF/2018/09/04/S2A_MSIL2A_20180904T144731_N0212_R139_T19LCF_20201011T082925.SAFE/GRANULE/L2A_T19LCF_A016724_20180904T144728/IMG_DATA/R10m/T19LCF_20180904T144731_B04_10m.tif,https://sentinel2l2a01.blob.core.windows.net/sentinel2-l2/19/L/CF/2018/09/04/S2A_MSIL2A_20180904T144731_N0212_R139_T19LCF_20201011T082925.SAFE/GRANULE/L2A_T19LCF_A016724_20180904T144728/IMG_DATA/R10m/T19LCF_20180904T144731_B08_10m.tif,https://sentinel2l2a01.blob.core.windows.net/sentinel2-l2/19/L/CF/2018/09/04/S2A_MSIL2A_20180904T144731_N0212_R139_T19LCF_20201011T082925.SAFE/GRANULE/L2A_T19LCF_A016724_20180904T144728/IMG_DATA/R20m/T19LCF_20180904T144731_SCL_20m.tif,,2026-08-09T23:20:24.475049Z,discovered
la_pampa,dataset_development,2018,2018-06-01,2018-09-30,S2B_MSIL2A_20180830T144719_R139_T19LDF_20201103T163536,2018-08-30T14:47:19.024000Z,0.884742,Sentinel-2B,02.12,32719,sentinel-2-l2a,https://planetarycomputer.microsoft.com/api/stac/v1/collections/sentinel-2-l2a/items/S2B_MSIL2A_20180830T144719_R139_T19LDF_20201103T163536,"[-69.92497680524843,-13.656868384073984,-68.90975423786753,-12.662473924711325]",True,,https://sentinel2l2a01.blob.core.windows.net/sentinel2-l2/19/L/DF/2018/08/30/S2B_MSIL2A_20180830T144719_N0212_R139_T19LDF_20201103T163536.SAFE/GRANULE/L2A_T19LDF_A007744_20180830T144952/IMG_DATA/R10m/T19LDF_20180830T144719_B02_10m.tif,https://sentinel2l2a01.blob.core.windows.net/sentinel2-l2/19/L/DF/2018/08/30/S2B_MSIL2A_20180830T144719_N0212_R139_T19LDF_20201103T163536.SAFE/GRANULE/L2A_T19LDF_A007744_20180830T144952/IMG_DATA/R10m/T19LDF_20180830T144719_B03_10m.tif,https://sentinel2l2a01.blob.core.windows.net/sentinel2-l2/19/L/DF/2018/08/30/S2B_MSIL2A_20180830T144719_N0212_R139_T19LDF_20201103T163536.SAFE/GRANULE/L2A_T19LDF_A007744_20180830T144952/IMG_DATA/R10m/T19LDF_20180830T144719_B04_10m.tif,https://sentinel2l2a01.blob.core.windows.net/sentinel2-l2/19/L/DF/2018/08/30/S2B_MSIL2A_20180830T144719_N0212_R139_T19LDF_20201103T163536.SAFE/GRANULE/L2A_T19LDF_A007744_20180830T144952/IMG_DATA/R10m/T19LDF_20180830T144719_B08_10m.tif,https://sentinel2l2a01.blob.core.windows.net/sentinel2-l2/19/L/DF/2018/08/30/S2B_MSIL2A_20180830T144719_N0212_R139_T19LDF_20201103T163536.SAFE/GRANULE/L2A_T19LDF_A007744_20180830T144952/IMG_DATA/R20m/T19LDF_20180830T144719_SCL_20m.tif,,2026-08-09T23:20:24.475049Z,discovered
la_pampa,dataset_development,2018,2018-06-01,2018-09-30,S2B_MSIL2A_20180830T144719_R139_T19LCF_20201103T163518,2018-08-30T14:47:19.024000Z,4.017965,Sentinel-2B,02.12,32719,sentinel-2-l2a,https://planetarycomputer.microsoft.com/api/stac/v1/collections/sentinel-2-l2a/items/S2B_MSIL2A_20180830T144719_R139_T19LCF_20201103T163518,"[-70.11167002091872,-13.655483318755016,-69.83065200221534,-12.662453023046183]",True,,https://sentinel2l2a01.blob.core.windows.net/sentinel2-l2/19/L/CF/2018/08/30/S2B_MSIL2A_20180830T144719_N0212_R139_T19LCF_20201103T163518.SAFE/GRANULE/L2A_T19LCF_A007744_20180830T144952/IMG_DATA/R10m/T19LCF_20180830T144719_B02_10m.tif,https://sentinel2l2a01.blob.core.windows.net/sentinel2-l2/19/L/CF/2018/08/30/S2B_MSIL2A_20180830T144719_N0212_R139_T19LCF_20201103T163518.SAFE/GRANULE/L2A_T19LCF_A007744_20180830T144952/IMG_DATA/R10m/T19LCF_20180830T144719_B03_10m.tif,https://sentinel2l2a01.blob.core.windows.net/sentinel2-l2/19/L/CF/2018/08/30/S2B_MSIL2A_20180830T144719_N0212_R139_T19LCF_20201103T163518.SAFE/GRANULE/L2A_T19LCF_A007744_20180830T144952/IMG_DATA/R10m/T19LCF_20180830T144719_B04_10m.tif,https://sentinel2l2a01.blob.core.windows.net/sentinel2-l2/19/L/CF/2018/08/30/S2B_MSIL2A_20180830T144719_N0212_R139_T19LCF_20201103T163518.SAFE/GRANULE/L2A_T19LCF_A007744_20180830T144952/IMG_DATA/R10m/T19LCF_20180830T144719_B08_10m.tif,https://sentinel2l2a01.blob.core.windows.net/sentinel2-l2/19/L/CF/2018/08/30/S2B_MSIL2A_20180830T144719_N0212_R139_T19LCF_20201103T163518.SAFE/GRANULE/L2A_T19LCF_A007744_20180830T144952/IMG_DATA/R20m/T19LCF_20180830T144719_SCL_20m.tif,,2026-08-09T23:20:24.475049Z,discovered
la_pampa,dataset_development,2018,2018-06-01,2018-09-30,S2A_MSIL2A_20180828T145721_R039_T19LDF_20201027T054507,2018-08-28T14:57:21.024000Z,2.77943,Sentinel-2A,02.12,32719,sentinel-2-l2a,https://planetarycomputer.microsoft.com/api/stac/v1/collections/sentinel-2-l2a/items/S2A_MSIL2A_20180828T145721_R039_T19LDF_20201027T054507,"[-69.92497680524843,-13.65526299846551,-69.64259691372229,-12.662412634168817]",True,,https://sentinel2l2a01.blob.core.windows.net/sentinel2-l2/19/L/DF/2018/08/28/S2A_MSIL2A_20180828T145721_N0212_R039_T19LDF_20201027T054507.SAFE/GRANULE/L2A_T19LDF_A016624_20180828T145854/IMG_DATA/R10m/T19LDF_20180828T145721_B02_10m.tif,https://sentinel2l2a01.blob.core.windows.net/sentinel2-l2/19/L/DF/2018/08/28/S2A_MSIL2A_20180828T145721_N0212_R039_T19LDF_20201027T054507.SAFE/GRANULE/L2A_T19LDF_A016624_20180828T145854/IMG_DATA/R10m/T19LDF_20180828T145721_B03_10m.tif,https://sentinel2l2a01.blob.core.windows.net/sentinel2-l2/19/L/DF/2018/08/28/S2A_MSIL2A_20180828T145721_N0212_R039_T19LDF_20201027T054507.SAFE/GRANULE/L2A_T19LDF_A016624_20180828T145854/IMG_DATA/R10m/T19LDF_20180828T145721_B04_10m.tif,https://sentinel2l2a01.blob.core.windows.net/sentinel2-l2/19/L/DF/2018/08/28/S2A_MSIL2A_20180828T145721_N0212_R039_T19LDF_20201027T054507.SAFE/GRANULE/L2A_T19LDF_A016624_20180828T145854/IMG_DATA/R10m/T19LDF_20180828T145721_B08_10m.tif,https://sentinel2l2a01.blob.core.windows.net/sentinel2-l2/19/L/DF/2018/08/28/S2A_MSIL2A_20180828T145721_N0212_R039_T19LDF_20201027T054507.SAFE/GRANULE/L2A_T19LDF_A016624_20180828T145854/IMG_DATA/R20m/T19LDF_20180828T145721_SCL_20m.tif,,2026-08-09T23:20:24.475049Z,discovered
la_pampa,dataset_development,2018,2018-06-01,2018-09-30,S2A_MSIL2A_20180828T145721_R039_T19LCF_20201027T054517,2018-08-28T14:57:21.024000Z,12.441118,Sentinel-2A,02.12,32719,sentinel-2-l2a,https://planetarycomputer.microsoft.com/api/stac/v1/collections/sentinel-2-l2a/items/S2A_MSIL2A_20180828T145721_R039_T19LCF_20201027T054517,"[-70.84895839954056,-13.655319631943023,-69.83065200221534,-12.657636587187465]",True,,https://sentinel2l2a01.blob.core.windows.net/sentinel2-l2/19/L/CF/2018/08/28/S2A_MSIL2A_20180828T145721_N0212_R039_T19LCF_20201027T054517.SAFE/GRANULE/L2A_T19LCF_A016624_20180828T145854/IMG_DATA/R10m/T19LCF_20180828T145721_B02_10m.tif,https://sentinel2l2a01.blob.core.windows.net/sentinel2-l2/19/L/CF/2018/08/28/S2A_MSIL2A_20180828T145721_N0212_R039_T19LCF_20201027T054517.SAFE/GRANULE/L2A_T19LCF_A016624_20180828T145854/IMG_DATA/R10m/T19LCF_20180828T145721_B03_10m.tif,https://sentinel2l2a01.blob.core.windows.net/sentinel2-l2/19/L/CF/2018/08/28/S2A_MSIL2A_20180828T145721_N0212_R039_T19LCF_20201027T054517.SAFE/GRANULE/L2A_T19LCF_A016624_20180828T145854/IMG_DATA/R10m/T19LCF_20180828T145721_B04_10m.tif,https://sentinel2l2a01.blob.core.windows.net/sentinel2-l2/19/L/CF/2018/08/28/S2A_MSIL2A_20180828T145721_N0212_R039_T19LCF_20201027T054517.SAFE/GRANULE/L2A_T19LCF_A016624_20180828T145854/IMG_DATA/R10m/T19LCF_20180828T145721_B08_10m.tif,https://sentinel2l2a01.blob.core.windows.net/sentinel2-l2/19/L/CF/2018/08/28/S2A_MSIL2A_20180828T145721_N0212_R039_T19LCF_20201027T054517.SAFE/GRANULE/L2A_T19LCF_A016624_20180828T145854/IMG_DATA/R20m/T19LCF_20180828T145721_SCL_20m.tif,,2026-08-09T23:20:24.475049Z,discovered
la_pampa,dataset_development,2018,2018-06-01,2018-09-30,S2B_MSIL2A_20180823T145719_R039_T19LDF_20201011T060420,2018-08-23T14:57:19.024000Z,9.29443,Sentinel-2B,02.12,32719,sentinel-2-l2a,https://planetarycomputer.microsoft.com/api/stac/v1/collections/sentinel-2-l2a/items/S2B_MSIL2A_20180823T145719_R039_T19LDF_20201011T060420,"[-69.92499,-13.655293862183852,-69.622955,-12.662412634168817]",True,,https://sentinel2l2a01.blob.core.windows.net/sentinel2-l2/19/L/DF/2018/08/23/S2B_MSIL2A_20180823T145719_N0212_R039_T19LDF_20201011T060420.SAFE/GRANULE/L2A_T19LDF_A007644_20180823T150245/IMG_DATA/R10m/T19LDF_20180823T145719_B02_10m.tif,https://sentinel2l2a01.blob.core.windows.net/sentinel2-l2/19/L/DF/2018/08/23/S2B_MSIL2A_20180823T145719_N0212_R039_T19LDF_20201011T060420.SAFE/GRANULE/L2A_T19LDF_A007644_20180823T150245/IMG_DATA/R10m/T19LDF_20180823T145719_B03_10m.tif,https://sentinel2l2a01.blob.core.windows.net/sentinel2-l2/19/L/DF/2018/08/23/S2B_MSIL2A_20180823T145719_N0212_R039_T19LDF_20201011T060420.SAFE/GRANULE/L2A_T19LDF_A007644_20180823T150245/IMG_DATA/R10m/T19LDF_20180823T145719_B04_10m.tif,https://sentinel2l2a01.blob.core.windows.net/sentinel2-l2/19/L/DF/2018/08/23/S2B_MSIL2A_20180823T145719_N0212_R039_T19LDF_20201011T060420.SAFE/GRANULE/L2A_T19LDF_A007644_20180823T150245/IMG_DATA/R10m/T19LDF_20180823T145719_B08_10m.tif,https://sentinel2l2a01.blob.core.windows.net/sentinel2-l2/19/L/DF/2018/08/23/S2B_MSIL2A_20180823T145719_N0212_R039_T19LDF_20201011T060420.SAFE/GRANULE/L2A_T19LDF_A007644_20180823T150245/IMG_DATA/R20m/T19LDF_20180823T145719_SCL_20m.tif,,2026-08-09T23:20:24.475049Z,discovered
la_pampa,dataset_development,2018,2018-06-01,2018-09-30,S2A_MSIL2A_20180818T145721_R039_T19LDF_20201011T032854,2018-08-18T14:57:21.024000Z,1.648264,Sentinel-2A,02.12,32719,sentinel-2-l2a,https://planetarycomputer.microsoft.com/api/stac/v1/collections/sentinel-2-l2a/items/S2A_MSIL2A_20180818T145721_R039_T19LDF_20201011T032854,"[-69.92499,-13.655266405833514,-69.64026,-12.662412634168817]",True,,https://sentinel2l2a01.blob.core.windows.net/sentinel2-l2/19/L/DF/2018/08/18/S2A_MSIL2A_20180818T145721_N0212_R039_T19LDF_20201011T032854.SAFE/GRANULE/L2A_T19LDF_A016481_20180818T150209/IMG_DATA/R10m/T19LDF_20180818T145721_B02_10m.tif,https://sentinel2l2a01.blob.core.windows.net/sentinel2-l2/19/L/DF/2018/08/18/S2A_MSIL2A_20180818T145721_N0212_R039_T19LDF_20201011T032854.SAFE/GRANULE/L2A_T19LDF_A016481_20180818T150209/IMG_DATA/R10m/T19LDF_20180818T145721_B03_10m.tif,https://sentinel2l2a01.blob.core.windows.net/sentinel2-l2/19/L/DF/2018/08/18/S2A_MSIL2A_20180818T145721_N0212_R039_T19LDF_20201011T032854.SAFE/GRANULE/L2A_T19LDF_A016481_20180818T150209/IMG_DATA/R10m/T19LDF_20180818T145721_B04_10m.tif,https://sentinel2l2a01.blob.core.windows.net/sentinel2-l2/19/L/DF/2018/08/18/S2A_MSIL2A_20180818T145721_N0212_R039_T19LDF_20201011T032854.SAFE/GRANULE/L2A_T19LDF_A016481_20180818T150209/IMG_DATA/R10m/T19LDF_20180818T145721_B08_10m.tif,https://sentinel2l2a01.blob.core.windows.net/sentinel2-l2/19/L/DF/2018/08/18/S2A_MSIL2A_20180818T145721_N0212_R039_T19LDF_20201011T032854.SAFE/GRANULE/L2A_T19LDF_A016481_20180818T150209/IMG_DATA/R20m/T19LDF_20180818T145721_SCL_20m.tif,,2026-08-09T23:20:24.475049Z,discovered
la_pampa,dataset_development,2018,2018-06-01,2018-09-30,S2A_MSIL2A_20180818T145721_R039_T19LCF_20201011T032904,2018-08-18T14:57:21.024000Z,11.352001,Sentinel-2A,02.12,32719,sentinel-2-l2a,https://planetarycomputer.microsoft.com/api/stac/v1/collections/sentinel-2-l2a/items/S2A_MSIL2A_20180818T145721_R039_T19LCF_20201011T032904,"[-70.84897,-13.655330575689524,-69.83066,-12.657636587187465]",True,,https://sentinel2l2a01.blob.core.windows.net/sentinel2-l2/19/L/CF/2018/08/18/S2A_MSIL2A_20180818T145721_N0212_R039_T19LCF_20201011T032904.SAFE/GRANULE/L2A_T19LCF_A016481_20180818T150209/IMG_DATA/R10m/T19LCF_20180818T145721_B02_10m.tif,https://sentinel2l2a01.blob.core.windows.net/sentinel2-l2/19/L/CF/2018/08/18/S2A_MSIL2A_20180818T145721_N0212_R039_T19LCF_20201011T032904.SAFE/GRANULE/L2A_T19LCF_A016481_20180818T150209/IMG_DATA/R10m/T19LCF_20180818T145721_B03_10m.tif,https://sentinel2l2a01.blob.core.windows.net/sentinel2-l2/19/L/CF/2018/08/18/S2A_MSIL2A_20180818T145721_N0212_R039_T19LCF_20201011T032904.SAFE/GRANULE/L2A_T19LCF_A016481_20180818T150209/IMG_DATA/R10m/T19LCF_20180818T145721_B04_10m.tif,https://sentinel2l2a01.blob.core.windows.net/sentinel2-l2/19/L/CF/2018/08/18/S2A_MSIL2A_20180818T145721_N0212_R039_T19LCF_20201011T032904.SAFE/GRANULE/L2A_T19LCF_A016481_20180818T150209/IMG_DATA/R10m/T19LCF_20180818T145721_B08_10m.tif,https://sentinel2l2a01.blob.core.windows.net/sentinel2-l2/19/L/CF/2018/08/18/S2A_MSIL2A_20180818T145721_N0212_R039_T19LCF_20201011T032904.SAFE/GRANULE/L2A_T19LCF_A016481_20180818T150209/IMG_DATA/R20m/T19LCF_20180818T145721_SCL_20m.tif,,2026-08-09T23:20:24.475049Z,discovered
la_pampa,dataset_development,2018,2018-06-01,2018-09-30,S2B_MSIL2A_20180813T145719_R039_T19LDF_20201011T012216,2018-08-13T14:57:19.024000Z,6.333659,Sentinel-2B,02.12,32719,sentinel-2-l2a,https://planetarycomputer.microsoft.com/api/stac/v1/collections/sentinel-2-l2a/items/S2B_MSIL2A_20180813T145719_R039_T19LDF_20201011T012216,"[-69.92499,-13.655289730829756,-69.62656,-12.662412634168817]",True,,https://sentinel2l2a01.blob.core.windows.net/sentinel2-l2/19/L/DF/2018/08/13/S2B_MSIL2A_20180813T145719_N0212_R039_T19LDF_20201011T012216.SAFE/GRANULE/L2A_T19LDF_A007501_20180813T150106/IMG_DATA/R10m/T19LDF_20180813T145719_B02_10m.tif,https://sentinel2l2a01.blob.core.windows.net/sentinel2-l2/19/L/DF/2018/08/13/S2B_MSIL2A_20180813T145719_N0212_R039_T19LDF_20201011T012216.SAFE/GRANULE/L2A_T19LDF_A007501_20180813T150106/IMG_DATA/R10m/T19LDF_20180813T145719_B03_10m.tif,https://sentinel2l2a01.blob.core.windows.net/sentinel2-l2/19/L/DF/2018/08/13/S2B_MSIL2A_20180813T145719_N0212_R039_T19LDF_20201011T012216.SAFE/GRANULE/L2A_T19LDF_A007501_20180813T150106/IMG_DATA/R10m/T19LDF_20180813T145719_B04_10m.tif,https://sentinel2l2a01.blob.core.windows.net/sentinel2-l2/19/L/DF/2018/08/13/S2B_MSIL2A_20180813T145719_N0212_R039_T19LDF_20201011T012216.SAFE/GRANULE/L2A_T19LDF_A007501_20180813T150106/IMG_DATA/R10m/T19LDF_20180813T145719_B08_10m.tif,https://sentinel2l2a01.blob.core.windows.net/sentinel2-l2/19/L/DF/2018/08/13/S2B_MSIL2A_20180813T145719_N0212_R039_T19LDF_20201011T012216.SAFE/GRANULE/L2A_T19LDF_A007501_20180813T150106/IMG_DATA/R20m/T19LDF_20180813T145719_SCL_20m.tif,,2026-08-09T23:20:24.475049Z,discovered
la_pampa,dataset_development,2018,2018-06-01,2018-09-30,S2B_MSIL2A_20180813T145719_R039_T19LCF_20201011T012223,2018-08-13T14:57:19.024000Z,14.148408,Sentinel-2B,02.12,32719,sentinel-2-l2a,https://planetarycomputer.microsoft.com/api/stac/v1/collections/sentinel-2-l2a/items/S2B_MSIL2A_20180813T145719_R039_T19LCF_20201011T012223,"[-70.84897,-13.655405480903744,-69.83066,-12.657636587187465]",True,,https://sentinel2l2a01.blob.core.windows.net/sentinel2-l2/19/L/CF/2018/08/13/S2B_MSIL2A_20180813T145719_N0212_R039_T19LCF_20201011T012223.SAFE/GRANULE/L2A_T19LCF_A007501_20180813T150106/IMG_DATA/R10m/T19LCF_20180813T145719_B02_10m.tif,https://sentinel2l2a01.blob.core.windows.net/sentinel2-l2/19/L/CF/2018/08/13/S2B_MSIL2A_20180813T145719_N0212_R039_T19LCF_20201011T012223.SAFE/GRANULE/L2A_T19LCF_A007501_20180813T150106/IMG_DATA/R10m/T19LCF_20180813T145719_B03_10m.tif,https://sentinel2l2a01.blob.core.windows.net/sentinel2-l2/19/L/CF/2018/08/13/S2B_MSIL2A_20180813T145719_N0212_R039_T19LCF_20201011T012223.SAFE/GRANULE/L2A_T19LCF_A007501_20180813T150106/IMG_DATA/R10m/T19LCF_20180813T145719_B04_10m.tif,https://sentinel2l2a01.blob.core.windows.net/sentinel2-l2/19/L/CF/2018/08/13/S2B_MSIL2A_20180813T145719_N0212_R039_T19LCF_20201011T012223.SAFE/GRANULE/L2A_T19LCF_A007501_20180813T150106/IMG_DATA/R10m/T19LCF_20180813T145719_B08_10m.tif,https://sentinel2l2a01.blob.core.windows.net/sentinel2-l2/19/L/CF/2018/08/13/S2B_MSIL2A_20180813T145719_N0212_R039_T19LCF_20201011T012223.SAFE/GRANULE/L2A_T19LCF_A007501_20180813T150106/IMG_DATA/R20m/T19LCF_20180813T145719_SCL_20m.tif,,2026-08-09T23:20:24.475049Z,discovered
la_pampa,dataset_development,2018,2018-06-01,2018-09-30,S2B_MSIL2A_20180810T144729_R139_T19LDF_20201011T000046,2018-08-10T14:47:29.024000Z,12.182612,Sentinel-2B,02.12,32719,sentinel-2-l2a,https://planetarycomputer.microsoft.com/api/stac/v1/collections/sentinel-2-l2a/items/S2B_MSIL2A_20180810T144729_R139_T19LDF_20201011T000046,"[-69.92499,-13.656868384073984,-68.90976,-12.662459824874752]",True,,https://sentinel2l2a01.blob.core.windows.net/sentinel2-l2/19/L/DF/2018/08/10/S2B_MSIL2A_20180810T144729_N0212_R139_T19LDF_20201011T000046.SAFE/GRANULE/L2A_T19LDF_A007458_20180810T144802/IMG_DATA/R10m/T19LDF_20180810T144729_B02_10m.tif,https://sentinel2l2a01.blob.core.windows.net/sentinel2-l2/19/L/DF/2018/08/10/S2B_MSIL2A_20180810T144729_N0212_R139_T19LDF_20201011T000046.SAFE/GRANULE/L2A_T19LDF_A007458_20180810T144802/IMG_DATA/R10m/T19LDF_20180810T144729_B03_10m.tif,https://sentinel2l2a01.blob.core.windows.net/sentinel2-l2/19/L/DF/2018/08/10/S2B_MSIL2A_20180810T144729_N0212_R139_T19LDF_20201011T000046.SAFE/GRANULE/L2A_T19LDF_A007458_20180810T144802/IMG_DATA/R10m/T19LDF_20180810T144729_B04_10m.tif,https://sentinel2l2a01.blob.core.windows.net/sentinel2-l2/19/L/DF/2018/08/10/S2B_MSIL2A_20180810T144729_N0212_R139_T19LDF_20201011T000046.SAFE/GRANULE/L2A_T19LDF_A007458_20180810T144802/IMG_DATA/R10m/T19LDF_20180810T144729_B08_10m.tif,https://sentinel2l2a01.blob.core.windows.net/sentinel2-l2/19/L/DF/2018/08/10/S2B_MSIL2A_20180810T144729_N0212_R139_T19LDF_20201011T000046.SAFE/GRANULE/L2A_T19LDF_A007458_20180810T144802/IMG_DATA/R20m/T19LDF_20180810T144729_SCL_20m.tif,,2026-08-09T23:20:24.475049Z,discovered
la_pampa,dataset_development,2018,2018-06-01,2018-09-30,S2A_MSIL2A_20180726T144731_R139_T19LDF_20201011T201332,2018-07-26T14:47:31.024000Z,1.967597,Sentinel-2A,02.12,32719,sentinel-2-l2a,https://planetarycomputer.microsoft.com/api/stac/v1/collections/sentinel-2-l2a/items/S2A_MSIL2A_20180726T144731_R139_T19LDF_20201011T201332,"[-69.92497680524843,-13.656868384073984,-68.90975423786753,-12.66244458724258]",True,,https://sentinel2l2a01.blob.core.windows.net/sentinel2-l2/19/L/DF/2018/07/26/S2A_MSIL2A_20180726T144731_N0212_R139_T19LDF_20201011T201332.SAFE/GRANULE/L2A_T19LDF_A016152_20180726T145459/IMG_DATA/R10m/T19LDF_20180726T144731_B02_10m.tif,https://sentinel2l2a01.blob.core.windows.net/sentinel2-l2/19/L/DF/2018/07/26/S2A_MSIL2A_20180726T144731_N0212_R139_T19LDF_20201011T201332.SAFE/GRANULE/L2A_T19LDF_A016152_20180726T145459/IMG_DATA/R10m/T19LDF_20180726T144731_B03_10m.tif,https://sentinel2l2a01.blob.core.windows.net/sentinel2-l2/19/L/DF/2018/07/26/S2A_MSIL2A_20180726T144731_N0212_R139_T19LDF_20201011T201332.SAFE/GRANULE/L2A_T19LDF_A016152_20180726T145459/IMG_DATA/R10m/T19LDF_20180726T144731_B04_10m.tif,https://sentinel2l2a01.blob.core.windows.net/sentinel2-l2/19/L/DF/2018/07/26/S2A_MSIL2A_20180726T144731_N0212_R139_T19LDF_20201011T201332.SAFE/GRANULE/L2A_T19LDF_A016152_20180726T145459/IMG_DATA/R10m/T19LDF_20180726T144731_B08_10m.tif,https://sentinel2l2a01.blob.core.windows.net/sentinel2-l2/19/L/DF/2018/07/26/S2A_MSIL2A_20180726T144731_N0212_R139_T19LDF_20201011T201332.SAFE/GRANULE/L2A_T19LDF_A016152_20180726T145459/IMG_DATA/R20m/T19LDF_20180726T144731_SCL_20m.tif,,2026-08-09T23:20:24.475049Z,discovered
la_pampa,dataset_development,2018,2018-06-01,2018-09-30,S2A_MSIL2A_20180716T144731_R139_T19LDF_20201011T162628,2018-07-16T14:47:31.024000Z,6.425702,Sentinel-2A,02.12,32719,sentinel-2-l2a,https://planetarycomputer.microsoft.com/api/stac/v1/collections/sentinel-2-l2a/items/S2A_MSIL2A_20180716T144731_R139_T19LDF_20201011T162628,"[-69.92497680524843,-13.656868384073984,-68.90975423786753,-12.662446841406037]",True,,https://sentinel2l2a01.blob.core.windows.net/sentinel2-l2/19/L/DF/2018/07/16/S2A_MSIL2A_20180716T144731_N0212_R139_T19LDF_20201011T162628.SAFE/GRANULE/L2A_T19LDF_A016009_20180716T144920/IMG_DATA/R10m/T19LDF_20180716T144731_B02_10m.tif,https://sentinel2l2a01.blob.core.windows.net/sentinel2-l2/19/L/DF/2018/07/16/S2A_MSIL2A_20180716T144731_N0212_R139_T19LDF_20201011T162628.SAFE/GRANULE/L2A_T19LDF_A016009_20180716T144920/IMG_DATA/R10m/T19LDF_20180716T144731_B03_10m.tif,https://sentinel2l2a01.blob.core.windows.net/sentinel2-l2/19/L/DF/2018/07/16/S2A_MSIL2A_20180716T144731_N0212_R139_T19LDF_20201011T162628.SAFE/GRANULE/L2A_T19LDF_A016009_20180716T144920/IMG_DATA/R10m/T19LDF_20180716T144731_B04_10m.tif,https://sentinel2l2a01.blob.core.windows.net/sentinel2-l2/19/L/DF/2018/07/16/S2A_MSIL2A_20180716T144731_N0212_R139_T19LDF_20201011T162628.SAFE/GRANULE/L2A_T19LDF_A016009_20180716T144920/IMG_DATA/R10m/T19LDF_20180716T144731_B08_10m.tif,https://sentinel2l2a01.blob.core.windows.net/sentinel2-l2/19/L/DF/2018/07/16/S2A_MSIL2A_20180716T144731_N0212_R139_T19LDF_20201011T162628.SAFE/GRANULE/L2A_T19LDF_A016009_20180716T144920/IMG_DATA/R20m/T19LDF_20180716T144731_SCL_20m.tif,,2026-08-09T23:20:24.475049Z,discovered
la_pampa,dataset_development,2018,2018-06-01,2018-09-30,S2A_MSIL2A_20180716T144731_R139_T19LCF_20201011T162616,2018-07-16T14:47:31.024000Z,19.790277,Sentinel-2A,02.12,32719,sentinel-2-l2a,https://planetarycomputer.microsoft.com/api/stac/v1/collections/sentinel-2-l2a/items/S2A_MSIL2A_20180716T144731_R139_T19LCF_20201011T162616,"[-70.12952296912329,-13.655483318755016,-69.83065200221534,-12.662366047719349]",True,,https://sentinel2l2a01.blob.core.windows.net/sentinel2-l2/19/L/CF/2018/07/16/S2A_MSIL2A_20180716T144731_N0212_R139_T19LCF_20201011T162616.SAFE/GRANULE/L2A_T19LCF_A016009_20180716T144920/IMG_DATA/R10m/T19LCF_20180716T144731_B02_10m.tif,https://sentinel2l2a01.blob.core.windows.net/sentinel2-l2/19/L/CF/2018/07/16/S2A_MSIL2A_20180716T144731_N0212_R139_T19LCF_20201011T162616.SAFE/GRANULE/L2A_T19LCF_A016009_20180716T144920/IMG_DATA/R10m/T19LCF_20180716T144731_B03_10m.tif,https://sentinel2l2a01.blob.core.windows.net/sentinel2-l2/19/L/CF/2018/07/16/S2A_MSIL2A_20180716T144731_N0212_R139_T19LCF_20201011T162616.SAFE/GRANULE/L2A_T19LCF_A016009_20180716T144920/IMG_DATA/R10m/T19LCF_20180716T144731_B04_10m.tif,https://sentinel2l2a01.blob.core.windows.net/sentinel2-l2/19/L/CF/2018/07/16/S2A_MSIL2A_20180716T144731_N0212_R139_T19LCF_20201011T162616.SAFE/GRANULE/L2A_T19LCF_A016009_20180716T144920/IMG_DATA/R10m/T19LCF_20180716T144731_B08_10m.tif,https://sentinel2l2a01.blob.core.windows.net/sentinel2-l2/19/L/CF/2018/07/16/S2A_MSIL2A_20180716T144731_N0212_R139_T19LCF_20201011T162616.SAFE/GRANULE/L2A_T19LCF_A016009_20180716T144920/IMG_DATA/R20m/T19LCF_20180716T144731_SCL_20m.tif,,2026-08-09T23:20:24.475049Z,discovered
la_pampa,dataset_development,2018,2018-06-01,2018-09-30,S2B_MSIL2A_20180621T144729_R139_T19LDF_20201012T005203,2018-06-21T14:47:29.024000Z,12.235634,Sentinel-2B,02.12,32719,sentinel-2-l2a,https://planetarycomputer.microsoft.com/api/stac/v1/collections/sentinel-2-l2a/items/S2B_MSIL2A_20180621T144729_R139_T19LDF_20201012T005203,"[-69.92499,-13.656868384073984,-68.90976,-12.662451005548895]",True,,https://sentinel2l2a01.blob.core.windows.net/sentinel2-l2/19/L/DF/2018/06/21/S2B_MSIL2A_20180621T144729_N0212_R139_T19LDF_20201012T005203.SAFE/GRANULE/L2A_T19LDF_A006743_20180621T145608/IMG_DATA/R10m/T19LDF_20180621T144729_B02_10m.tif,https://sentinel2l2a01.blob.core.windows.net/sentinel2-l2/19/L/DF/2018/06/21/S2B_MSIL2A_20180621T144729_N0212_R139_T19LDF_20201012T005203.SAFE/GRANULE/L2A_T19LDF_A006743_20180621T145608/IMG_DATA/R10m/T19LDF_20180621T144729_B03_10m.tif,https://sentinel2l2a01.blob.core.windows.net/sentinel2-l2/19/L/DF/2018/06/21/S2B_MSIL2A_20180621T144729_N0212_R139_T19LDF_20201012T005203.SAFE/GRANULE/L2A_T19LDF_A006743_20180621T145608/IMG_DATA/R10m/T19LDF_20180621T144729_B04_10m.tif,https://sentinel2l2a01.blob.core.windows.net/sentinel2-l2/19/L/DF/2018/06/21/S2B_MSIL2A_20180621T144729_N0212_R139_T19LDF_20201012T005203.SAFE/GRANULE/L2A_T19LDF_A006743_20180621T145608/IMG_DATA/R10m/T19LDF_20180621T144729_B08_10m.tif,https://sentinel2l2a01.blob.core.windows.net/sentinel2-l2/19/L/DF/2018/06/21/S2B_MSIL2A_20180621T144729_N0212_R139_T19LDF_20201012T005203.SAFE/GRANULE/L2A_T19LDF_A006743_20180621T145608/IMG_DATA/R20m/T19LDF_20180621T144729_SCL_20m.tif,,2026-08-09T23:20:24.475049Z,discovered
la_pampa,dataset_development,2018,2018-06-01,2018-09-30,S2A_MSIL2A_20180619T145731_R039_T19LDF_20201011T235553,2018-06-19T14:57:31.024000Z,12.677695,Sentinel-2A,02.12,32719,sentinel-2-l2a,https://planetarycomputer.microsoft.com/api/stac/v1/collections/sentinel-2-l2a/items/S2A_MSIL2A_20180619T145731_R039_T19LDF_20201011T235553,"[-69.92497680524843,-13.655284582570898,-69.63008182876037,-12.662412634168817]",True,,https://sentinel2l2a01.blob.core.windows.net/sentinel2-l2/19/L/DF/2018/06/19/S2A_MSIL2A_20180619T145731_N0212_R039_T19LDF_20201011T235553.SAFE/GRANULE/L2A_T19LDF_A015623_20180619T150221/IMG_DATA/R10m/T19LDF_20180619T145731_B02_10m.tif,https://sentinel2l2a01.blob.core.windows.net/sentinel2-l2/19/L/DF/2018/06/19/S2A_MSIL2A_20180619T145731_N0212_R039_T19LDF_20201011T235553.SAFE/GRANULE/L2A_T19LDF_A015623_20180619T150221/IMG_DATA/R10m/T19LDF_20180619T145731_B03_10m.tif,https://sentinel2l2a01.blob.core.windows.net/sentinel2-l2/19/L/DF/2018/06/19/S2A_MSIL2A_20180619T145731_N0212_R039_T19LDF_20201011T235553.SAFE/GRANULE/L2A_T19LDF_A015623_20180619T150221/IMG_DATA/R10m/T19LDF_20180619T145731_B04_10m.tif,https://sentinel2l2a01.blob.core.windows.net/sentinel2-l2/19/L/DF/2018/06/19/S2A_MSIL2A_20180619T145731_N0212_R039_T19LDF_20201011T235553.SAFE/GRANULE/L2A_T19LDF_A015623_20180619T150221/IMG_DATA/R10m/T19LDF_20180619T145731_B08_10m.tif,https://sentinel2l2a01.blob.core.windows.net/sentinel2-l2/19/L/DF/2018/06/19/S2A_MSIL2A_20180619T145731_N0212_R039_T19LDF_20201011T235553.SAFE/GRANULE/L2A_T19LDF_A015623_20180619T150221/IMG_DATA/R20m/T19LDF_20180619T145731_SCL_20m.tif,,2026-08-09T23:20:24.475049Z,discovered
la_pampa,dataset_development,2018,2018-06-01,2018-09-30,S2A_MSIL2A_20180619T145731_R039_T19LCF_20201011T235605,2018-06-19T14:57:31.024000Z,9.168934,Sentinel-2A,02.12,32719,sentinel-2-l2a,https://planetarycomputer.microsoft.com/api/stac/v1/collections/sentinel-2-l2a/items/S2A_MSIL2A_20180619T145731_R039_T19LCF_20201011T235605,"[-70.84895839954056,-13.655388944025065,-69.83065200221534,-12.657636587187465]",True,,https://sentinel2l2a01.blob.core.windows.net/sentinel2-l2/19/L/CF/2018/06/19/S2A_MSIL2A_20180619T145731_N0212_R039_T19LCF_20201011T235605.SAFE/GRANULE/L2A_T19LCF_A015623_20180619T150221/IMG_DATA/R10m/T19LCF_20180619T145731_B02_10m.tif,https://sentinel2l2a01.blob.core.windows.net/sentinel2-l2/19/L/CF/2018/06/19/S2A_MSIL2A_20180619T145731_N0212_R039_T19LCF_20201011T235605.SAFE/GRANULE/L2A_T19LCF_A015623_20180619T150221/IMG_DATA/R10m/T19LCF_20180619T145731_B03_10m.tif,https://sentinel2l2a01.blob.core.windows.net/sentinel2-l2/19/L/CF/2018/06/19/S2A_MSIL2A_20180619T145731_N0212_R039_T19LCF_20201011T235605.SAFE/GRANULE/L2A_T19LCF_A015623_20180619T150221/IMG_DATA/R10m/T19LCF_20180619T145731_B04_10m.tif,https://sentinel2l2a01.blob.core.windows.net/sentinel2-l2/19/L/CF/2018/06/19/S2A_MSIL2A_20180619T145731_N0212_R039_T19LCF_20201011T235605.SAFE/GRANULE/L2A_T19LCF_A015623_20180619T150221/IMG_DATA/R10m/T19LCF_20180619T145731_B08_10m.tif,https://sentinel2l2a01.blob.core.windows.net/sentinel2-l2/19/L/CF/2018/06/19/S2A_MSIL2A_20180619T145731_N0212_R039_T19LCF_20201011T235605.SAFE/GRANULE/L2A_T19LCF_A015623_20180619T150221/IMG_DATA/R20m/T19LCF_20180619T145731_SCL_20m.tif,,2026-08-09T23:20:24.475049Z,discovered
la_pampa,dataset_development,2022,2022-06-01,2022-09-30,S2B_MSIL2A_20220928T144729_R139_T19LCF_20240728T133246,2022-09-28T14:47:29.024000Z,9.63727,Sentinel-2B,05.10,32719,sentinel-2-l2a,https://planetarycomputer.microsoft.com/api/stac/v1/collections/sentinel-2-l2a/items/S2B_MSIL2A_20220928T144729_R139_T19LCF_20240728T133246,"[-70.1303219,-13.6554833,-69.830652,-12.662354]",True,,https://sentinel2l2a01.blob.core.windows.net/sentinel2-l2/19/L/CF/2022/09/28/S2B_MSIL2A_20220928T144729_N0510_R139_T19LCF_20240728T133246.SAFE/GRANULE/L2A_T19LCF_A029051_20220928T145153/IMG_DATA/R10m/T19LCF_20220928T144729_B02_10m.tif,https://sentinel2l2a01.blob.core.windows.net/sentinel2-l2/19/L/CF/2022/09/28/S2B_MSIL2A_20220928T144729_N0510_R139_T19LCF_20240728T133246.SAFE/GRANULE/L2A_T19LCF_A029051_20220928T145153/IMG_DATA/R10m/T19LCF_20220928T144729_B03_10m.tif,https://sentinel2l2a01.blob.core.windows.net/sentinel2-l2/19/L/CF/2022/09/28/S2B_MSIL2A_20220928T144729_N0510_R139_T19LCF_20240728T133246.SAFE/GRANULE/L2A_T19LCF_A029051_20220928T145153/IMG_DATA/R10m/T19LCF_20220928T144729_B04_10m.tif,https://sentinel2l2a01.blob.core.windows.net/sentinel2-l2/19/L/CF/2022/09/28/S2B_MSIL2A_20220928T144729_N0510_R139_T19LCF_20240728T133246.SAFE/GRANULE/L2A_T19LCF_A029051_20220928T145153/IMG_DATA/R10m/T19LCF_20220928T144729_B08_10m.tif,https://sentinel2l2a01.blob.core.windows.net/sentinel2-l2/19/L/CF/2022/09/28/S2B_MSIL2A_20220928T144729_N0510_R139_T19LCF_20240728T133246.SAFE/GRANULE/L2A_T19LCF_A029051_20220928T145153/IMG_DATA/R20m/T19LCF_20220928T144729_SCL_20m.tif,,2026-08-09T23:20:24.475049Z,discovered
la_pampa,dataset_development,2022,2022-06-01,2022-09-30,S2B_MSIL2A_20220928T144729_R139_T19LCF_20220929T062147,2022-09-28T14:47:29.024000Z,9.65803,Sentinel-2B,04.00,32719,sentinel-2-l2a,https://planetarycomputer.microsoft.com/api/stac/v1/collections/sentinel-2-l2a/items/S2B_MSIL2A_20220928T144729_R139_T19LCF_20220929T062147,"[-70.13034,-13.65548332,-69.83066,-12.66235402]",True,,https://sentinel2l2a01.blob.core.windows.net/sentinel2-l2/19/L/CF/2022/09/28/S2B_MSIL2A_20220928T144729_N0400_R139_T19LCF_20220929T062147.SAFE/GRANULE/L2A_T19LCF_A029051_20220928T145153/IMG_DATA/R10m/T19LCF_20220928T144729_B02_10m.tif,https://sentinel2l2a01.blob.core.windows.net/sentinel2-l2/19/L/CF/2022/09/28/S2B_MSIL2A_20220928T144729_N0400_R139_T19LCF_20220929T062147.SAFE/GRANULE/L2A_T19LCF_A029051_20220928T145153/IMG_DATA/R10m/T19LCF_20220928T144729_B03_10m.tif,https://sentinel2l2a01.blob.core.windows.net/sentinel2-l2/19/L/CF/2022/09/28/S2B_MSIL2A_20220928T144729_N0400_R139_T19LCF_20220929T062147.SAFE/GRANULE/L2A_T19LCF_A029051_20220928T145153/IMG_DATA/R10m/T19LCF_20220928T144729_B04_10m.tif,https://sentinel2l2a01.blob.core.windows.net/sentinel2-l2/19/L/CF/2022/09/28/S2B_MSIL2A_20220928T144729_N0400_R139_T19LCF_20220929T062147.SAFE/GRANULE/L2A_T19LCF_A029051_20220928T145153/IMG_DATA/R10m/T19LCF_20220928T144729_B08_10m.tif,https://sentinel2l2a01.blob.core.windows.net/sentinel2-l2/19/L/CF/2022/09/28/S2B_MSIL2A_20220928T144729_N0400_R139_T19LCF_20220929T062147.SAFE/GRANULE/L2A_T19LCF_A029051_20220928T145153/IMG_DATA/R20m/T19LCF_20220928T144729_SCL_20m.tif,,2026-08-09T23:20:24.475049Z,discovered
la_pampa,dataset_development,2022,2022-06-01,2022-09-30,S2A_MSIL2A_20220926T145731_R039_T19LDF_20240731T141746,2022-09-26T14:57:31.024000Z,18.219742,Sentinel-2A,05.10,32719,sentinel-2-l2a,https://planetarycomputer.microsoft.com/api/stac/v1/collections/sentinel-2-l2a/items/S2A_MSIL2A_20220926T145731_R039_T19LDF_20240731T141746,"[-69.9249768,-13.6552603,-69.6435965,-12.6624126]",True,,https://sentinel2l2a01.blob.core.windows.net/sentinel2-l2/19/L/DF/2022/09/26/S2A_MSIL2A_20220926T145731_N0510_R039_T19LDF_20240731T141746.SAFE/GRANULE/L2A_T19LDF_A037931_20220926T145954/IMG_DATA/R10m/T19LDF_20220926T145731_B02_10m.tif,https://sentinel2l2a01.blob.core.windows.net/sentinel2-l2/19/L/DF/2022/09/26/S2A_MSIL2A_20220926T145731_N0510_R039_T19LDF_20240731T141746.SAFE/GRANULE/L2A_T19LDF_A037931_20220926T145954/IMG_DATA/R10m/T19LDF_20220926T145731_B03_10m.tif,https://sentinel2l2a01.blob.core.windows.net/sentinel2-l2/19/L/DF/2022/09/26/S2A_MSIL2A_20220926T145731_N0510_R039_T19LDF_20240731T141746.SAFE/GRANULE/L2A_T19LDF_A037931_20220926T145954/IMG_DATA/R10m/T19LDF_20220926T145731_B04_10m.tif,https://sentinel2l2a01.blob.core.windows.net/sentinel2-l2/19/L/DF/2022/09/26/S2A_MSIL2A_20220926T145731_N0510_R039_T19LDF_20240731T141746.SAFE/GRANULE/L2A_T19LDF_A037931_20220926T145954/IMG_DATA/R10m/T19LDF_20220926T145731_B08_10m.tif,https://sentinel2l2a01.blob.core.windows.net/sentinel2-l2/19/L/DF/2022/09/26/S2A_MSIL2A_20220926T145731_N0510_R039_T19LDF_20240731T141746.SAFE/GRANULE/L2A_T19LDF_A037931_20220926T145954/IMG_DATA/R20m/T19LDF_20220926T145731_SCL_20m.tif,,2026-08-09T23:20:24.475049Z,discovered
la_pampa,dataset_development,2022,2022-06-01,2022-09-30,S2A_MSIL2A_20220926T145731_R039_T19LDF_20220927T082626,2022-09-26T14:57:31.024000Z,18.191712,Sentinel-2A,04.00,32719,sentinel-2-l2a,https://planetarycomputer.microsoft.com/api/stac/v1/collections/sentinel-2-l2a/items/S2A_MSIL2A_20220926T145731_R039_T19LDF_20220927T082626,"[-69.92499,-13.65526028,-69.643585,-12.66241263]",True,,https://sentinel2l2a01.blob.core.windows.net/sentinel2-l2/19/L/DF/2022/09/26/S2A_MSIL2A_20220926T145731_N0400_R039_T19LDF_20220927T082626.SAFE/GRANULE/L2A_T19LDF_A037931_20220926T145954/IMG_DATA/R10m/T19LDF_20220926T145731_B02_10m.tif,https://sentinel2l2a01.blob.core.windows.net/sentinel2-l2/19/L/DF/2022/09/26/S2A_MSIL2A_20220926T145731_N0400_R039_T19LDF_20220927T082626.SAFE/GRANULE/L2A_T19LDF_A037931_20220926T145954/IMG_DATA/R10m/T19LDF_20220926T145731_B03_10m.tif,https://sentinel2l2a01.blob.core.windows.net/sentinel2-l2/19/L/DF/2022/09/26/S2A_MSIL2A_20220926T145731_N0400_R039_T19LDF_20220927T082626.SAFE/GRANULE/L2A_T19LDF_A037931_20220926T145954/IMG_DATA/R10m/T19LDF_20220926T145731_B04_10m.tif,https://sentinel2l2a01.blob.core.windows.net/sentinel2-l2/19/L/DF/2022/09/26/S2A_MSIL2A_20220926T145731_N0400_R039_T19LDF_20220927T082626.SAFE/GRANULE/L2A_T19LDF_A037931_20220926T145954/IMG_DATA/R10m/T19LDF_20220926T145731_B08_10m.tif,https://sentinel2l2a01.blob.core.windows.net/sentinel2-l2/19/L/DF/2022/09/26/S2A_MSIL2A_20220926T145731_N0400_R039_T19LDF_20220927T082626.SAFE/GRANULE/L2A_T19LDF_A037931_20220926T145954/IMG_DATA/R20m/T19LDF_20220926T145731_SCL_20m.tif,,2026-08-09T23:20:24.475049Z,discovered
la_pampa,dataset_development,2022,2022-06-01,2022-09-30,S2B_MSIL2A_20220918T144729_R139_T19LDF_20240731T115220,2022-09-18T14:47:29.024000Z,5.552525,Sentinel-2B,05.10,32719,sentinel-2-l2a,https://planetarycomputer.microsoft.com/api/stac/v1/collections/sentinel-2-l2a/items/S2B_MSIL2A_20220918T144729_R139_T19LDF_20240731T115220,"[-69.9249768,-13.6568684,-68.9097542,-12.6624395]",True,,https://sentinel2l2a01.blob.core.windows.net/sentinel2-l2/19/L/DF/2022/09/18/S2B_MSIL2A_20220918T144729_N0510_R139_T19LDF_20240731T115220.SAFE/GRANULE/L2A_T19LDF_A028908_20220918T145244/IMG_DATA/R10m/T19LDF_20220918T144729_B02_10m.tif,https://sentinel2l2a01.blob.core.windows.net/sentinel2-l2/19/L/DF/2022/09/18/S2B_MSIL2A_20220918T144729_N0510_R139_T19LDF_20240731T115220.SAFE/GRANULE/L2A_T19LDF_A028908_20220918T145244/IMG_DATA/R10m/T19LDF_20220918T144729_B03_10m.tif,https://sentinel2l2a01.blob.core.windows.net/sentinel2-l2/19/L/DF/2022/09/18/S2B_MSIL2A_20220918T144729_N0510_R139_T19LDF_20240731T115220.SAFE/GRANULE/L2A_T19LDF_A028908_20220918T145244/IMG_DATA/R10m/T19LDF_20220918T144729_B04_10m.tif,https://sentinel2l2a01.blob.core.windows.net/sentinel2-l2/19/L/DF/2022/09/18/S2B_MSIL2A_20220918T144729_N0510_R139_T19LDF_20240731T115220.SAFE/GRANULE/L2A_T19LDF_A028908_20220918T145244/IMG_DATA/R10m/T19LDF_20220918T144729_B08_10m.tif,https://sentinel2l2a01.blob.core.windows.net/sentinel2-l2/19/L/DF/2022/09/18/S2B_MSIL2A_20220918T144729_N0510_R139_T19LDF_20240731T115220.SAFE/GRANULE/L2A_T19LDF_A028908_20220918T145244/IMG_DATA/R20m/T19LDF_20220918T144729_SCL_20m.tif,,2026-08-09T23:20:24.475049Z,discovered
la_pampa,dataset_development,2022,2022-06-01,2022-09-30,S2B_MSIL2A_20220918T144729_R139_T19LDF_20220919T073955,2022-09-18T14:47:29.024000Z,5.554672,Sentinel-2B,04.00,32719,sentinel-2-l2a,https://planetarycomputer.microsoft.com/api/stac/v1/collections/sentinel-2-l2a/items/S2B_MSIL2A_20220918T144729_R139_T19LDF_20220919T073955,"[-69.92499,-13.65686838,-68.90976,-12.66243955]",True,,https://sentinel2l2a01.blob.core.windows.net/sentinel2-l2/19/L/DF/2022/09/18/S2B_MSIL2A_20220918T144729_N0400_R139_T19LDF_20220919T073955.SAFE/GRANULE/L2A_T19LDF_A028908_20220918T145244/IMG_DATA/R10m/T19LDF_20220918T144729_B02_10m.tif,https://sentinel2l2a01.blob.core.windows.net/sentinel2-l2/19/L/DF/2022/09/18/S2B_MSIL2A_20220918T144729_N0400_R139_T19LDF_20220919T073955.SAFE/GRANULE/L2A_T19LDF_A028908_20220918T145244/IMG_DATA/R10m/T19LDF_20220918T144729_B03_10m.tif,https://sentinel2l2a01.blob.core.windows.net/sentinel2-l2/19/L/DF/2022/09/18/S2B_MSIL2A_20220918T144729_N0400_R139_T19LDF_20220919T073955.SAFE/GRANULE/L2A_T19LDF_A028908_20220918T145244/IMG_DATA/R10m/T19LDF_20220918T144729_B04_10m.tif,https://sentinel2l2a01.blob.core.windows.net/sentinel2-l2/19/L/DF/2022/09/18/S2B_MSIL2A_20220918T144729_N0400_R139_T19LDF_20220919T073955.SAFE/GRANULE/L2A_T19LDF_A028908_20220918T145244/IMG_DATA/R10m/T19LDF_20220918T144729_B08_10m.tif,https://sentinel2l2a01.blob.core.windows.net/sentinel2-l2/19/L/DF/2022/09/18/S2B_MSIL2A_20220918T144729_N0400_R139_T19LDF_20220919T073955.SAFE/GRANULE/L2A_T19LDF_A028908_20220918T145244/IMG_DATA/R20m/T19LDF_20220918T144729_SCL_20m.tif,,2026-08-09T23:20:24.475049Z,discovered
la_pampa,dataset_development,2022,2022-06-01,2022-09-30,S2A_MSIL2A_20220906T145741_R039_T19LDF_20220907T071804,2022-09-06T14:57:41.024000Z,0.661634,Sentinel-2A,04.00,32719,sentinel-2-l2a,https://planetarycomputer.microsoft.com/api/stac/v1/collections/sentinel-2-l2a/items/S2A_MSIL2A_20220906T145741_R039_T19LDF_20220907T071804,"[-69.92499,-13.6552455,-69.65256,-12.66241263]",True,,https://sentinel2l2a01.blob.core.windows.net/sentinel2-l2/19/L/DF/2022/09/06/S2A_MSIL2A_20220906T145741_N0400_R039_T19LDF_20220907T071804.SAFE/GRANULE/L2A_T19LDF_A037645_20220906T150345/IMG_DATA/R10m/T19LDF_20220906T145741_B02_10m.tif,https://sentinel2l2a01.blob.core.windows.net/sentinel2-l2/19/L/DF/2022/09/06/S2A_MSIL2A_20220906T145741_N0400_R039_T19LDF_20220907T071804.SAFE/GRANULE/L2A_T19LDF_A037645_20220906T150345/IMG_DATA/R10m/T19LDF_20220906T145741_B03_10m.tif,https://sentinel2l2a01.blob.core.windows.net/sentinel2-l2/19/L/DF/2022/09/06/S2A_MSIL2A_20220906T145741_N0400_R039_T19LDF_20220907T071804.SAFE/GRANULE/L2A_T19LDF_A037645_20220906T150345/IMG_DATA/R10m/T19LDF_20220906T145741_B04_10m.tif,https://sentinel2l2a01.blob.core.windows.net/sentinel2-l2/19/L/DF/2022/09/06/S2A_MSIL2A_20220906T145741_N0400_R039_T19LDF_20220907T071804.SAFE/GRANULE/L2A_T19LDF_A037645_20220906T150345/IMG_DATA/R10m/T19LDF_20220906T145741_B08_10m.tif,https://sentinel2l2a01.blob.core.windows.net/sentinel2-l2/19/L/DF/2022/09/06/S2A_MSIL2A_20220906T145741_N0400_R039_T19LDF_20220907T071804.SAFE/GRANULE/L2A_T19LDF_A037645_20220906T150345/IMG_DATA/R20m/T19LDF_20220906T145741_SCL_20m.tif,,2026-08-09T23:20:24.475049Z,discovered
la_pampa,dataset_development,2022,2022-06-01,2022-09-30,S2A_MSIL2A_20220906T145741_R039_T19LCF_20220907T075707,2022-09-06T14:57:41.024000Z,11.85512,Sentinel-2A,04.00,32719,sentinel-2-l2a,https://planetarycomputer.microsoft.com/api/stac/v1/collections/sentinel-2-l2a/items/S2A_MSIL2A_20220906T145741_R039_T19LCF_20220907T075707,"[-70.84897,-13.65526343,-69.83066,-12.65763659]",True,,https://sentinel2l2a01.blob.core.windows.net/sentinel2-l2/19/L/CF/2022/09/06/S2A_MSIL2A_20220906T145741_N0400_R039_T19LCF_20220907T075707.SAFE/GRANULE/L2A_T19LCF_A037645_20220906T150345/IMG_DATA/R10m/T19LCF_20220906T145741_B02_10m.tif,https://sentinel2l2a01.blob.core.windows.net/sentinel2-l2/19/L/CF/2022/09/06/S2A_MSIL2A_20220906T145741_N0400_R039_T19LCF_20220907T075707.SAFE/GRANULE/L2A_T19LCF_A037645_20220906T150345/IMG_DATA/R10m/T19LCF_20220906T145741_B03_10m.tif,https://sentinel2l2a01.blob.core.windows.net/sentinel2-l2/19/L/CF/2022/09/06/S2A_MSIL2A_20220906T145741_N0400_R039_T19LCF_20220907T075707.SAFE/GRANULE/L2A_T19LCF_A037645_20220906T150345/IMG_DATA/R10m/T19LCF_20220906T145741_B04_10m.tif,https://sentinel2l2a01.blob.core.windows.net/sentinel2-l2/19/L/CF/2022/09/06/S2A_MSIL2A_20220906T145741_N0400_R039_T19LCF_20220907T075707.SAFE/GRANULE/L2A_T19LCF_A037645_20220906T150345/IMG_DATA/R10m/T19LCF_20220906T145741_B08_10m.tif,https://sentinel2l2a01.blob.core.windows.net/sentinel2-l2/19/L/CF/2022/09/06/S2A_MSIL2A_20220906T145741_N0400_R039_T19LCF_20220907T075707.SAFE/GRANULE/L2A_T19LCF_A037645_20220906T150345/IMG_DATA/R20m/T19LCF_20220906T145741_SCL_20m.tif,,2026-08-09T23:20:24.475049Z,discovered
la_pampa,dataset_development,2022,2022-06-01,2022-09-30,S2B_MSIL2A_20220901T145729_R039_T19LDF_20220902T070719,2022-09-01T14:57:29.024000Z,5.72844,Sentinel-2B,04.00,32719,sentinel-2-l2a,https://planetarycomputer.microsoft.com/api/stac/v1/collections/sentinel-2-l2a/items/S2B_MSIL2A_20220901T145729_R039_T19LDF_20220902T070719,"[-69.92499,-13.65528056,-69.63098,-12.66241263]",True,,https://sentinel2l2a01.blob.core.windows.net/sentinel2-l2/19/L/DF/2022/09/01/S2B_MSIL2A_20220901T145729_N0400_R039_T19LDF_20220902T070719.SAFE/GRANULE/L2A_T19LDF_A028665_20220901T145726/IMG_DATA/R10m/T19LDF_20220901T145729_B02_10m.tif,https://sentinel2l2a01.blob.core.windows.net/sentinel2-l2/19/L/DF/2022/09/01/S2B_MSIL2A_20220901T145729_N0400_R039_T19LDF_20220902T070719.SAFE/GRANULE/L2A_T19LDF_A028665_20220901T145726/IMG_DATA/R10m/T19LDF_20220901T145729_B03_10m.tif,https://sentinel2l2a01.blob.core.windows.net/sentinel2-l2/19/L/DF/2022/09/01/S2B_MSIL2A_20220901T145729_N0400_R039_T19LDF_20220902T070719.SAFE/GRANULE/L2A_T19LDF_A028665_20220901T145726/IMG_DATA/R10m/T19LDF_20220901T145729_B04_10m.tif,https://sentinel2l2a01.blob.core.windows.net/sentinel2-l2/19/L/DF/2022/09/01/S2B_MSIL2A_20220901T145729_N0400_R039_T19LDF_20220902T070719.SAFE/GRANULE/L2A_T19LDF_A028665_20220901T145726/IMG_DATA/R10m/T19LDF_20220901T145729_B08_10m.tif,https://sentinel2l2a01.blob.core.windows.net/sentinel2-l2/19/L/DF/2022/09/01/S2B_MSIL2A_20220901T145729_N0400_R039_T19LDF_20220902T070719.SAFE/GRANULE/L2A_T19LDF_A028665_20220901T145726/IMG_DATA/R20m/T19LDF_20220901T145729_SCL_20m.tif,,2026-08-09T23:20:24.475049Z,discovered
la_pampa,dataset_development,2022,2022-06-01,2022-09-30,S2B_MSIL2A_20220901T145729_R039_T19LCF_20220902T065509,2022-09-01T14:57:29.024000Z,15.485813,Sentinel-2B,04.00,32719,sentinel-2-l2a,https://planetarycomputer.microsoft.com/api/stac/v1/collections/sentinel-2-l2a/items/S2B_MSIL2A_20220901T145729_R039_T19LCF_20220902T065509,"[-70.84897,-13.65537604,-69.83066,-12.65763659]",True,,https://sentinel2l2a01.blob.core.windows.net/sentinel2-l2/19/L/CF/2022/09/01/S2B_MSIL2A_20220901T145729_N0400_R039_T19LCF_20220902T065509.SAFE/GRANULE/L2A_T19LCF_A028665_20220901T145726/IMG_DATA/R10m/T19LCF_20220901T145729_B02_10m.tif,https://sentinel2l2a01.blob.core.windows.net/sentinel2-l2/19/L/CF/2022/09/01/S2B_MSIL2A_20220901T145729_N0400_R039_T19LCF_20220902T065509.SAFE/GRANULE/L2A_T19LCF_A028665_20220901T145726/IMG_DATA/R10m/T19LCF_20220901T145729_B03_10m.tif,https://sentinel2l2a01.blob.core.windows.net/sentinel2-l2/19/L/CF/2022/09/01/S2B_MSIL2A_20220901T145729_N0400_R039_T19LCF_20220902T065509.SAFE/GRANULE/L2A_T19LCF_A028665_20220901T145726/IMG_DATA/R10m/T19LCF_20220901T145729_B04_10m.tif,https://sentinel2l2a01.blob.core.windows.net/sentinel2-l2/19/L/CF/2022/09/01/S2B_MSIL2A_20220901T145729_N0400_R039_T19LCF_20220902T065509.SAFE/GRANULE/L2A_T19LCF_A028665_20220901T145726/IMG_DATA/R10m/T19LCF_20220901T145729_B08_10m.tif,https://sentinel2l2a01.blob.core.windows.net/sentinel2-l2/19/L/CF/2022/09/01/S2B_MSIL2A_20220901T145729_N0400_R039_T19LCF_20220902T065509.SAFE/GRANULE/L2A_T19LCF_A028665_20220901T145726/IMG_DATA/R20m/T19LCF_20220901T145729_SCL_20m.tif,,2026-08-09T23:20:24.475049Z,discovered
la_pampa,dataset_development,2022,2022-06-01,2022-09-30,S2A_MSIL2A_20220827T145741_R039_T19LDF_20240703T082510,2022-08-27T14:57:41.024000Z,14.158961,Sentinel-2A,05.10,32719,sentinel-2-l2a,https://planetarycomputer.microsoft.com/api/stac/v1/collections/sentinel-2-l2a/items/S2A_MSIL2A_20220827T145741_R039_T19LDF_20240703T082510,"[-69.9249768,-13.6552439,-69.6530144,-12.6624126]",True,,https://sentinel2l2a01.blob.core.windows.net/sentinel2-l2/19/L/DF/2022/08/27/S2A_MSIL2A_20220827T145741_N0510_R039_T19LDF_20240703T082510.SAFE/GRANULE/L2A_T19LDF_A037502_20220827T145948/IMG_DATA/R10m/T19LDF_20220827T145741_B02_10m.tif,https://sentinel2l2a01.blob.core.windows.net/sentinel2-l2/19/L/DF/2022/08/27/S2A_MSIL2A_20220827T145741_N0510_R039_T19LDF_20240703T082510.SAFE/GRANULE/L2A_T19LDF_A037502_20220827T145948/IMG_DATA/R10m/T19LDF_20220827T145741_B03_10m.tif,https://sentinel2l2a01.blob.core.windows.net/sentinel2-l2/19/L/DF/2022/08/27/S2A_MSIL2A_20220827T145741_N0510_R039_T19LDF_20240703T082510.SAFE/GRANULE/L2A_T19LDF_A037502_20220827T145948/IMG_DATA/R10m/T19LDF_20220827T145741_B04_10m.tif,https://sentinel2l2a01.blob.core.windows.net/sentinel2-l2/19/L/DF/2022/08/27/S2A_MSIL2A_20220827T145741_N0510_R039_T19LDF_20240703T082510.SAFE/GRANULE/L2A_T19LDF_A037502_20220827T145948/IMG_DATA/R10m/T19LDF_20220827T145741_B08_10m.tif,https://sentinel2l2a01.blob.core.windows.net/sentinel2-l2/19/L/DF/2022/08/27/S2A_MSIL2A_20220827T145741_N0510_R039_T19LDF_20240703T082510.SAFE/GRANULE/L2A_T19LDF_A037502_20220827T145948/IMG_DATA/R20m/T19LDF_20220827T145741_SCL_20m.tif,,2026-08-09T23:20:24.475049Z,discovered
la_pampa,dataset_development,2022,2022-06-01,2022-09-30,S2A_MSIL2A_20220827T145741_R039_T19LDF_20220829T102309,2022-08-27T14:57:41.024000Z,14.15588,Sentinel-2A,04.00,32719,sentinel-2-l2a,https://planetarycomputer.microsoft.com/api/stac/v1/collections/sentinel-2-l2a/items/S2A_MSIL2A_20220827T145741_R039_T19LDF_20220829T102309,"[-69.92499,-13.65524392,-69.653015,-12.66241263]",True,,https://sentinel2l2a01.blob.core.windows.net/sentinel2-l2/19/L/DF/2022/08/27/S2A_MSIL2A_20220827T145741_N0400_R039_T19LDF_20220829T102309.SAFE/GRANULE/L2A_T19LDF_A037502_20220827T145948/IMG_DATA/R10m/T19LDF_20220827T145741_B02_10m.tif,https://sentinel2l2a01.blob.core.windows.net/sentinel2-l2/19/L/DF/2022/08/27/S2A_MSIL2A_20220827T145741_N0400_R039_T19LDF_20220829T102309.SAFE/GRANULE/L2A_T19LDF_A037502_20220827T145948/IMG_DATA/R10m/T19LDF_20220827T145741_B03_10m.tif,https://sentinel2l2a01.blob.core.windows.net/sentinel2-l2/19/L/DF/2022/08/27/S2A_MSIL2A_20220827T145741_N0400_R039_T19LDF_20220829T102309.SAFE/GRANULE/L2A_T19LDF_A037502_20220827T145948/IMG_DATA/R10m/T19LDF_20220827T145741_B04_10m.tif,https://sentinel2l2a01.blob.core.windows.net/sentinel2-l2/19/L/DF/2022/08/27/S2A_MSIL2A_20220827T145741_N0400_R039_T19LDF_20220829T102309.SAFE/GRANULE/L2A_T19LDF_A037502_20220827T145948/IMG_DATA/R10m/T19LDF_20220827T145741_B08_10m.tif,https://sentinel2l2a01.blob.core.windows.net/sentinel2-l2/19/L/DF/2022/08/27/S2A_MSIL2A_20220827T145741_N0400_R039_T19LDF_20220829T102309.SAFE/GRANULE/L2A_T19LDF_A037502_20220827T145948/IMG_DATA/R20m/T19LDF_20220827T145741_SCL_20m.tif,,2026-08-09T23:20:24.475049Z,discovered
la_pampa,dataset_development,2022,2022-06-01,2022-09-30,S2A_MSIL2A_20220824T144741_R139_T19LDF_20240704T164843,2022-08-24T14:47:41.024000Z,0.013917,Sentinel-2A,05.10,32719,sentinel-2-l2a,https://planetarycomputer.microsoft.com/api/stac/v1/collections/sentinel-2-l2a/items/S2A_MSIL2A_20220824T144741_R139_T19LDF_20240704T164843,"[-69.9249768,-13.6568684,-68.9097542,-12.6624245]",True,,https://sentinel2l2a01.blob.core.windows.net/sentinel2-l2/19/L/DF/2022/08/24/S2A_MSIL2A_20220824T144741_N0510_R139_T19LDF_20240704T164843.SAFE/GRANULE/L2A_T19LDF_A037459_20220824T145550/IMG_DATA/R10m/T19LDF_20220824T144741_B02_10m.tif,https://sentinel2l2a01.blob.core.windows.net/sentinel2-l2/19/L/DF/2022/08/24/S2A_MSIL2A_20220824T144741_N0510_R139_T19LDF_20240704T164843.SAFE/GRANULE/L2A_T19LDF_A037459_20220824T145550/IMG_DATA/R10m/T19LDF_20220824T144741_B03_10m.tif,https://sentinel2l2a01.blob.core.windows.net/sentinel2-l2/19/L/DF/2022/08/24/S2A_MSIL2A_20220824T144741_N0510_R139_T19LDF_20240704T164843.SAFE/GRANULE/L2A_T19LDF_A037459_20220824T145550/IMG_DATA/R10m/T19LDF_20220824T144741_B04_10m.tif,https://sentinel2l2a01.blob.core.windows.net/sentinel2-l2/19/L/DF/2022/08/24/S2A_MSIL2A_20220824T144741_N0510_R139_T19LDF_20240704T164843.SAFE/GRANULE/L2A_T19LDF_A037459_20220824T145550/IMG_DATA/R10m/T19LDF_20220824T144741_B08_10m.tif,https://sentinel2l2a01.blob.core.windows.net/sentinel2-l2/19/L/DF/2022/08/24/S2A_MSIL2A_20220824T144741_N0510_R139_T19LDF_20240704T164843.SAFE/GRANULE/L2A_T19LDF_A037459_20220824T145550/IMG_DATA/R20m/T19LDF_20220824T144741_SCL_20m.tif,,2026-08-09T23:20:24.475049Z,discovered
la_pampa,dataset_development,2022,2022-06-01,2022-09-30,S2A_MSIL2A_20220824T144741_R139_T19LDF_20220825T145120,2022-08-24T14:47:41.024000Z,0.013495,Sentinel-2A,04.00,32719,sentinel-2-l2a,https://planetarycomputer.microsoft.com/api/stac/v1/collections/sentinel-2-l2a/items/S2A_MSIL2A_20220824T144741_R139_T19LDF_20220825T145120,"[-69.92499,-13.65686838,-68.90976,-12.66242452]",True,,https://sentinel2l2a01.blob.core.windows.net/sentinel2-l2/19/L/DF/2022/08/24/S2A_MSIL2A_20220824T144741_N0400_R139_T19LDF_20220825T145120.SAFE/GRANULE/L2A_T19LDF_A037459_20220824T145550/IMG_DATA/R10m/T19LDF_20220824T144741_B02_10m.tif,https://sentinel2l2a01.blob.core.windows.net/sentinel2-l2/19/L/DF/2022/08/24/S2A_MSIL2A_20220824T144741_N0400_R139_T19LDF_20220825T145120.SAFE/GRANULE/L2A_T19LDF_A037459_20220824T145550/IMG_DATA/R10m/T19LDF_20220824T144741_B03_10m.tif,https://sentinel2l2a01.blob.core.windows.net/sentinel2-l2/19/L/DF/2022/08/24/S2A_MSIL2A_20220824T144741_N0400_R139_T19LDF_20220825T145120.SAFE/GRANULE/L2A_T19LDF_A037459_20220824T145550/IMG_DATA/R10m/T19LDF_20220824T144741_B04_10m.tif,https://sentinel2l2a01.blob.core.windows.net/sentinel2-l2/19/L/DF/2022/08/24/S2A_MSIL2A_20220824T144741_N0400_R139_T19LDF_20220825T145120.SAFE/GRANULE/L2A_T19LDF_A037459_20220824T145550/IMG_DATA/R10m/T19LDF_20220824T144741_B08_10m.tif,https://sentinel2l2a01.blob.core.windows.net/sentinel2-l2/19/L/DF/2022/08/24/S2A_MSIL2A_20220824T144741_N0400_R139_T19LDF_20220825T145120.SAFE/GRANULE/L2A_T19LDF_A037459_20220824T145550/IMG_DATA/R20m/T19LDF_20220824T144741_SCL_20m.tif,,2026-08-09T23:20:24.475049Z,discovered
la_pampa,dataset_development,2022,2022-06-01,2022-09-30,S2A_MSIL2A_20220824T144741_R139_T19LCF_20240704T164843,2022-08-24T14:47:41.024000Z,7.436208,Sentinel-2A,05.10,32719,sentinel-2-l2a,https://planetarycomputer.microsoft.com/api/stac/v1/collections/sentinel-2-l2a/items/S2A_MSIL2A_20220824T144741_R139_T19LCF_20240704T164843,"[-70.143133,-13.6554833,-69.830652,-12.6622943]",True,,https://sentinel2l2a01.blob.core.windows.net/sentinel2-l2/19/L/CF/2022/08/24/S2A_MSIL2A_20220824T144741_N0510_R139_T19LCF_20240704T164843.SAFE/GRANULE/L2A_T19LCF_A037459_20220824T145550/IMG_DATA/R10m/T19LCF_20220824T144741_B02_10m.tif,https://sentinel2l2a01.blob.core.windows.net/sentinel2-l2/19/L/CF/2022/08/24/S2A_MSIL2A_20220824T144741_N0510_R139_T19LCF_20240704T164843.SAFE/GRANULE/L2A_T19LCF_A037459_20220824T145550/IMG_DATA/R10m/T19LCF_20220824T144741_B03_10m.tif,https://sentinel2l2a01.blob.core.windows.net/sentinel2-l2/19/L/CF/2022/08/24/S2A_MSIL2A_20220824T144741_N0510_R139_T19LCF_20240704T164843.SAFE/GRANULE/L2A_T19LCF_A037459_20220824T145550/IMG_DATA/R10m/T19LCF_20220824T144741_B04_10m.tif,https://sentinel2l2a01.blob.core.windows.net/sentinel2-l2/19/L/CF/2022/08/24/S2A_MSIL2A_20220824T144741_N0510_R139_T19LCF_20240704T164843.SAFE/GRANULE/L2A_T19LCF_A037459_20220824T145550/IMG_DATA/R10m/T19LCF_20220824T144741_B08_10m.tif,https://sentinel2l2a01.blob.core.windows.net/sentinel2-l2/19/L/CF/2022/08/24/S2A_MSIL2A_20220824T144741_N0510_R139_T19LCF_20240704T164843.SAFE/GRANULE/L2A_T19LCF_A037459_20220824T145550/IMG_DATA/R20m/T19LCF_20220824T144741_SCL_20m.tif,,2026-08-09T23:20:24.475049Z,discovered
la_pampa,dataset_development,2022,2022-06-01,2022-09-30,S2A_MSIL2A_20220824T144741_R139_T19LCF_20220825T150011,2022-08-24T14:47:41.024000Z,7.488132,Sentinel-2A,04.00,32719,sentinel-2-l2a,https://planetarycomputer.microsoft.com/api/stac/v1/collections/sentinel-2-l2a/items/S2A_MSIL2A_20220824T144741_R139_T19LCF_20220825T150011,"[-70.14313,-13.65548332,-69.83066,-12.66229435]",True,,https://sentinel2l2a01.blob.core.windows.net/sentinel2-l2/19/L/CF/2022/08/24/S2A_MSIL2A_20220824T144741_N0400_R139_T19LCF_20220825T150011.SAFE/GRANULE/L2A_T19LCF_A037459_20220824T145550/IMG_DATA/R10m/T19LCF_20220824T144741_B02_10m.tif,https://sentinel2l2a01.blob.core.windows.net/sentinel2-l2/19/L/CF/2022/08/24/S2A_MSIL2A_20220824T144741_N0400_R139_T19LCF_20220825T150011.SAFE/GRANULE/L2A_T19LCF_A037459_20220824T145550/IMG_DATA/R10m/T19LCF_20220824T144741_B03_10m.tif,https://sentinel2l2a01.blob.core.windows.net/sentinel2-l2/19/L/CF/2022/08/24/S2A_MSIL2A_20220824T144741_N0400_R139_T19LCF_20220825T150011.SAFE/GRANULE/L2A_T19LCF_A037459_20220824T145550/IMG_DATA/R10m/T19LCF_20220824T144741_B04_10m.tif,https://sentinel2l2a01.blob.core.windows.net/sentinel2-l2/19/L/CF/2022/08/24/S2A_MSIL2A_20220824T144741_N0400_R139_T19LCF_20220825T150011.SAFE/GRANULE/L2A_T19LCF_A037459_20220824T145550/IMG_DATA/R10m/T19LCF_20220824T144741_B08_10m.tif,https://sentinel2l2a01.blob.core.windows.net/sentinel2-l2/19/L/CF/2022/08/24/S2A_MSIL2A_20220824T144741_N0400_R139_T19LCF_20220825T150011.SAFE/GRANULE/L2A_T19LCF_A037459_20220824T145550/IMG_DATA/R20m/T19LCF_20220824T144741_SCL_20m.tif,,2026-08-09T23:20:24.475049Z,discovered
la_pampa,dataset_development,2022,2022-06-01,2022-09-30,S2B_MSIL2A_20220822T145729_R039_T19LDF_20240704T091633,2022-08-22T14:57:29.024000Z,17.541498,Sentinel-2B,05.10,32719,sentinel-2-l2a,https://planetarycomputer.microsoft.com/api/stac/v1/collections/sentinel-2-l2a/items/S2B_MSIL2A_20220822T145729_R039_T19LDF_20240704T091633,"[-69.9249768,-13.6552836,-69.6293253,-12.6624126]",True,,https://sentinel2l2a01.blob.core.windows.net/sentinel2-l2/19/L/DF/2022/08/22/S2B_MSIL2A_20220822T145729_N0510_R039_T19LDF_20240704T091633.SAFE/GRANULE/L2A_T19LDF_A028522_20220822T145726/IMG_DATA/R10m/T19LDF_20220822T145729_B02_10m.tif,https://sentinel2l2a01.blob.core.windows.net/sentinel2-l2/19/L/DF/2022/08/22/S2B_MSIL2A_20220822T145729_N0510_R039_T19LDF_20240704T091633.SAFE/GRANULE/L2A_T19LDF_A028522_20220822T145726/IMG_DATA/R10m/T19LDF_20220822T145729_B03_10m.tif,https://sentinel2l2a01.blob.core.windows.net/sentinel2-l2/19/L/DF/2022/08/22/S2B_MSIL2A_20220822T145729_N0510_R039_T19LDF_20240704T091633.SAFE/GRANULE/L2A_T19LDF_A028522_20220822T145726/IMG_DATA/R10m/T19LDF_20220822T145729_B04_10m.tif,https://sentinel2l2a01.blob.core.windows.net/sentinel2-l2/19/L/DF/2022/08/22/S2B_MSIL2A_20220822T145729_N0510_R039_T19LDF_20240704T091633.SAFE/GRANULE/L2A_T19LDF_A028522_20220822T145726/IMG_DATA/R10m/T19LDF_20220822T145729_B08_10m.tif,https://sentinel2l2a01.blob.core.windows.net/sentinel2-l2/19/L/DF/2022/08/22/S2B_MSIL2A_20220822T145729_N0510_R039_T19LDF_20240704T091633.SAFE/GRANULE/L2A_T19LDF_A028522_20220822T145726/IMG_DATA/R20m/T19LDF_20220822T145729_SCL_20m.tif,,2026-08-09T23:20:24.475049Z,discovered
la_pampa,dataset_development,2022,2022-06-01,2022-09-30,S2B_MSIL2A_20220822T145729_R039_T19LDF_20220823T141942,2022-08-22T14:57:29.024000Z,17.567703,Sentinel-2B,04.00,32719,sentinel-2-l2a,https://planetarycomputer.microsoft.com/api/stac/v1/collections/sentinel-2-l2a/items/S2B_MSIL2A_20220822T145729_R039_T19LDF_20220823T141942,"[-69.92499,-13.65528363,-69.62933,-12.66241263]",True,,https://sentinel2l2a01.blob.core.windows.net/sentinel2-l2/19/L/DF/2022/08/22/S2B_MSIL2A_20220822T145729_N0400_R039_T19LDF_20220823T141942.SAFE/GRANULE/L2A_T19LDF_A028522_20220822T145726/IMG_DATA/R10m/T19LDF_20220822T145729_B02_10m.tif,https://sentinel2l2a01.blob.core.windows.net/sentinel2-l2/19/L/DF/2022/08/22/S2B_MSIL2A_20220822T145729_N0400_R039_T19LDF_20220823T141942.SAFE/GRANULE/L2A_T19LDF_A028522_20220822T145726/IMG_DATA/R10m/T19LDF_20220822T145729_B03_10m.tif,https://sentinel2l2a01.blob.core.windows.net/sentinel2-l2/19/L/DF/2022/08/22/S2B_MSIL2A_20220822T145729_N0400_R039_T19LDF_20220823T141942.SAFE/GRANULE/L2A_T19LDF_A028522_20220822T145726/IMG_DATA/R10m/T19LDF_20220822T145729_B04_10m.tif,https://sentinel2l2a01.blob.core.windows.net/sentinel2-l2/19/L/DF/2022/08/22/S2B_MSIL2A_20220822T145729_N0400_R039_T19LDF_20220823T141942.SAFE/GRANULE/L2A_T19LDF_A028522_20220822T145726/IMG_DATA/R10m/T19LDF_20220822T145729_B08_10m.tif,https://sentinel2l2a01.blob.core.windows.net/sentinel2-l2/19/L/DF/2022/08/22/S2B_MSIL2A_20220822T145729_N0400_R039_T19LDF_20220823T141942.SAFE/GRANULE/L2A_T19LDF_A028522_20220822T145726/IMG_DATA/R20m/T19LDF_20220822T145729_SCL_20m.tif,,2026-08-09T23:20:24.475049Z,discovered
la_pampa,dataset_development,2022,2022-06-01,2022-09-30,S2B_MSIL2A_20220822T145729_R039_T19LCF_20240704T091633,2022-08-22T14:57:29.024000Z,8.351785,Sentinel-2B,05.10,32719,sentinel-2-l2a,https://planetarycomputer.microsoft.com/api/stac/v1/collections/sentinel-2-l2a/items/S2B_MSIL2A_20220822T145729_R039_T19LCF_20240704T091633,"[-70.8489584,-13.6553859,-69.830652,-12.6576366]",True,,https://sentinel2l2a01.blob.core.windows.net/sentinel2-l2/19/L/CF/2022/08/22/S2B_MSIL2A_20220822T145729_N0510_R039_T19LCF_20240704T091633.SAFE/GRANULE/L2A_T19LCF_A028522_20220822T145726/IMG_DATA/R10m/T19LCF_20220822T145729_B02_10m.tif,https://sentinel2l2a01.blob.core.windows.net/sentinel2-l2/19/L/CF/2022/08/22/S2B_MSIL2A_20220822T145729_N0510_R039_T19LCF_20240704T091633.SAFE/GRANULE/L2A_T19LCF_A028522_20220822T145726/IMG_DATA/R10m/T19LCF_20220822T145729_B03_10m.tif,https://sentinel2l2a01.blob.core.windows.net/sentinel2-l2/19/L/CF/2022/08/22/S2B_MSIL2A_20220822T145729_N0510_R039_T19LCF_20240704T091633.SAFE/GRANULE/L2A_T19LCF_A028522_20220822T145726/IMG_DATA/R10m/T19LCF_20220822T145729_B04_10m.tif,https://sentinel2l2a01.blob.core.windows.net/sentinel2-l2/19/L/CF/2022/08/22/S2B_MSIL2A_20220822T145729_N0510_R039_T19LCF_20240704T091633.SAFE/GRANULE/L2A_T19LCF_A028522_20220822T145726/IMG_DATA/R10m/T19LCF_20220822T145729_B08_10m.tif,https://sentinel2l2a01.blob.core.windows.net/sentinel2-l2/19/L/CF/2022/08/22/S2B_MSIL2A_20220822T145729_N0510_R039_T19LCF_20240704T091633.SAFE/GRANULE/L2A_T19LCF_A028522_20220822T145726/IMG_DATA/R20m/T19LCF_20220822T145729_SCL_20m.tif,,2026-08-09T23:20:24.475049Z,discovered
la_pampa,dataset_development,2022,2022-06-01,2022-09-30,S2B_MSIL2A_20220822T145729_R039_T19LCF_20220823T142834,2022-08-22T14:57:29.024000Z,8.363886,Sentinel-2B,04.00,32719,sentinel-2-l2a,https://planetarycomputer.microsoft.com/api/stac/v1/collections/sentinel-2-l2a/items/S2B_MSIL2A_20220822T145729_R039_T19LCF_20220823T142834,"[-70.84897,-13.65538589,-69.83066,-12.65763659]",True,,https://sentinel2l2a01.blob.core.windows.net/sentinel2-l2/19/L/CF/2022/08/22/S2B_MSIL2A_20220822T145729_N0400_R039_T19LCF_20220823T142834.SAFE/GRANULE/L2A_T19LCF_A028522_20220822T145726/IMG_DATA/R10m/T19LCF_20220822T145729_B02_10m.tif,https://sentinel2l2a01.blob.core.windows.net/sentinel2-l2/19/L/CF/2022/08/22/S2B_MSIL2A_20220822T145729_N0400_R039_T19LCF_20220823T142834.SAFE/GRANULE/L2A_T19LCF_A028522_20220822T145726/IMG_DATA/R10m/T19LCF_20220822T145729_B03_10m.tif,https://sentinel2l2a01.blob.core.windows.net/sentinel2-l2/19/L/CF/2022/08/22/S2B_MSIL2A_20220822T145729_N0400_R039_T19LCF_20220823T142834.SAFE/GRANULE/L2A_T19LCF_A028522_20220822T145726/IMG_DATA/R10m/T19LCF_20220822T145729_B04_10m.tif,https://sentinel2l2a01.blob.core.windows.net/sentinel2-l2/19/L/CF/2022/08/22/S2B_MSIL2A_20220822T145729_N0400_R039_T19LCF_20220823T142834.SAFE/GRANULE/L2A_T19LCF_A028522_20220822T145726/IMG_DATA/R10m/T19LCF_20220822T145729_B08_10m.tif,https://sentinel2l2a01.blob.core.windows.net/sentinel2-l2/19/L/CF/2022/08/22/S2B_MSIL2A_20220822T145729_N0400_R039_T19LCF_20220823T142834.SAFE/GRANULE/L2A_T19LCF_A028522_20220822T145726/IMG_DATA/R20m/T19LCF_20220822T145729_SCL_20m.tif,,2026-08-09T23:20:24.475049Z,discovered
la_pampa,dataset_development,2022,2022-06-01,2022-09-30,S2A_MSIL2A_20220814T144741_R139_T19LDF_20240703T134048,2022-08-14T14:47:41.024000Z,7.271267,Sentinel-2A,05.10,32719,sentinel-2-l2a,https://planetarycomputer.microsoft.com/api/stac/v1/collections/sentinel-2-l2a/items/S2A_MSIL2A_20220814T144741_R139_T19LDF_20240703T134048,"[-69.9249768,-13.6568684,-68.9097542,-12.6624301]",True,,https://sentinel2l2a01.blob.core.windows.net/sentinel2-l2/19/L/DF/2022/08/14/S2A_MSIL2A_20220814T144741_N0510_R139_T19LDF_20240703T134048.SAFE/GRANULE/L2A_T19LDF_A037316_20220814T144738/IMG_DATA/R10m/T19LDF_20220814T144741_B02_10m.tif,https://sentinel2l2a01.blob.core.windows.net/sentinel2-l2/19/L/DF/2022/08/14/S2A_MSIL2A_20220814T144741_N0510_R139_T19LDF_20240703T134048.SAFE/GRANULE/L2A_T19LDF_A037316_20220814T144738/IMG_DATA/R10m/T19LDF_20220814T144741_B03_10m.tif,https://sentinel2l2a01.blob.core.windows.net/sentinel2-l2/19/L/DF/2022/08/14/S2A_MSIL2A_20220814T144741_N0510_R139_T19LDF_20240703T134048.SAFE/GRANULE/L2A_T19LDF_A037316_20220814T144738/IMG_DATA/R10m/T19LDF_20220814T144741_B04_10m.tif,https://sentinel2l2a01.blob.core.windows.net/sentinel2-l2/19/L/DF/2022/08/14/S2A_MSIL2A_20220814T144741_N0510_R139_T19LDF_20240703T134048.SAFE/GRANULE/L2A_T19LDF_A037316_20220814T144738/IMG_DATA/R10m/T19LDF_20220814T144741_B08_10m.tif,https://sentinel2l2a01.blob.core.windows.net/sentinel2-l2/19/L/DF/2022/08/14/S2A_MSIL2A_20220814T144741_N0510_R139_T19LDF_20240703T134048.SAFE/GRANULE/L2A_T19LDF_A037316_20220814T144738/IMG_DATA/R20m/T19LDF_20220814T144741_SCL_20m.tif,,2026-08-09T23:20:24.475049Z,discovered
la_pampa,dataset_development,2022,2022-06-01,2022-09-30,S2A_MSIL2A_20220814T144741_R139_T19LDF_20220815T071416,2022-08-14T14:47:41.024000Z,7.27175,Sentinel-2A,04.00,32719,sentinel-2-l2a,https://planetarycomputer.microsoft.com/api/stac/v1/collections/sentinel-2-l2a/items/S2A_MSIL2A_20220814T144741_R139_T19LDF_20220815T071416,"[-69.92499,-13.65686838,-68.90976,-12.66243013]",True,,https://sentinel2l2a01.blob.core.windows.net/sentinel2-l2/19/L/DF/2022/08/14/S2A_MSIL2A_20220814T144741_N0400_R139_T19LDF_20220815T071416.SAFE/GRANULE/L2A_T19LDF_A037316_20220814T144738/IMG_DATA/R10m/T19LDF_20220814T144741_B02_10m.tif,https://sentinel2l2a01.blob.core.windows.net/sentinel2-l2/19/L/DF/2022/08/14/S2A_MSIL2A_20220814T144741_N0400_R139_T19LDF_20220815T071416.SAFE/GRANULE/L2A_T19LDF_A037316_20220814T144738/IMG_DATA/R10m/T19LDF_20220814T144741_B03_10m.tif,https://sentinel2l2a01.blob.core.windows.net/sentinel2-l2/19/L/DF/2022/08/14/S2A_MSIL2A_20220814T144741_N0400_R139_T19LDF_20220815T071416.SAFE/GRANULE/L2A_T19LDF_A037316_20220814T144738/IMG_DATA/R10m/T19LDF_20220814T144741_B04_10m.tif,https://sentinel2l2a01.blob.core.windows.net/sentinel2-l2/19/L/DF/2022/08/14/S2A_MSIL2A_20220814T144741_N0400_R139_T19LDF_20220815T071416.SAFE/GRANULE/L2A_T19LDF_A037316_20220814T144738/IMG_DATA/R10m/T19LDF_20220814T144741_B08_10m.tif,https://sentinel2l2a01.blob.core.windows.net/sentinel2-l2/19/L/DF/2022/08/14/S2A_MSIL2A_20220814T144741_N0400_R139_T19LDF_20220815T071416.SAFE/GRANULE/L2A_T19LDF_A037316_20220814T144738/IMG_DATA/R20m/T19LDF_20220814T144741_SCL_20m.tif,,2026-08-09T23:20:24.475049Z,discovered
la_pampa,dataset_development,2022,2022-06-01,2022-09-30,S2A_MSIL2A_20220814T144741_R139_T19LCF_20240703T134048,2022-08-14T14:47:41.024000Z,17.042051,Sentinel-2A,05.10,32719,sentinel-2-l2a,https://planetarycomputer.microsoft.com/api/stac/v1/collections/sentinel-2-l2a/items/S2A_MSIL2A_20220814T144741_R139_T19LCF_20240703T134048,"[-70.1374266,-13.6554833,-69.830652,-12.6623124]",True,,https://sentinel2l2a01.blob.core.windows.net/sentinel2-l2/19/L/CF/2022/08/14/S2A_MSIL2A_20220814T144741_N0510_R139_T19LCF_20240703T134048.SAFE/GRANULE/L2A_T19LCF_A037316_20220814T144738/IMG_DATA/R10m/T19LCF_20220814T144741_B02_10m.tif,https://sentinel2l2a01.blob.core.windows.net/sentinel2-l2/19/L/CF/2022/08/14/S2A_MSIL2A_20220814T144741_N0510_R139_T19LCF_20240703T134048.SAFE/GRANULE/L2A_T19LCF_A037316_20220814T144738/IMG_DATA/R10m/T19LCF_20220814T144741_B03_10m.tif,https://sentinel2l2a01.blob.core.windows.net/sentinel2-l2/19/L/CF/2022/08/14/S2A_MSIL2A_20220814T144741_N0510_R139_T19LCF_20240703T134048.SAFE/GRANULE/L2A_T19LCF_A037316_20220814T144738/IMG_DATA/R10m/T19LCF_20220814T144741_B04_10m.tif,https://sentinel2l2a01.blob.core.windows.net/sentinel2-l2/19/L/CF/2022/08/14/S2A_MSIL2A_20220814T144741_N0510_R139_T19LCF_20240703T134048.SAFE/GRANULE/L2A_T19LCF_A037316_20220814T144738/IMG_DATA/R10m/T19LCF_20220814T144741_B08_10m.tif,https://sentinel2l2a01.blob.core.windows.net/sentinel2-l2/19/L/CF/2022/08/14/S2A_MSIL2A_20220814T144741_N0510_R139_T19LCF_20240703T134048.SAFE/GRANULE/L2A_T19LCF_A037316_20220814T144738/IMG_DATA/R20m/T19LCF_20220814T144741_SCL_20m.tif,,2026-08-09T23:20:24.475049Z,discovered
la_pampa,dataset_development,2022,2022-06-01,2022-09-30,S2A_MSIL2A_20220814T144741_R139_T19LCF_20220815T060901,2022-08-14T14:47:41.024000Z,17.05485,Sentinel-2A,04.00,32719,sentinel-2-l2a,https://planetarycomputer.microsoft.com/api/stac/v1/collections/sentinel-2-l2a/items/S2A_MSIL2A_20220814T144741_R139_T19LCF_20220815T060901,"[-70.13742,-13.65548332,-69.83066,-12.66231238]",True,,https://sentinel2l2a01.blob.core.windows.net/sentinel2-l2/19/L/CF/2022/08/14/S2A_MSIL2A_20220814T144741_N0400_R139_T19LCF_20220815T060901.SAFE/GRANULE/L2A_T19LCF_A037316_20220814T144738/IMG_DATA/R10m/T19LCF_20220814T144741_B02_10m.tif,https://sentinel2l2a01.blob.core.windows.net/sentinel2-l2/19/L/CF/2022/08/14/S2A_MSIL2A_20220814T144741_N0400_R139_T19LCF_20220815T060901.SAFE/GRANULE/L2A_T19LCF_A037316_20220814T144738/IMG_DATA/R10m/T19LCF_20220814T144741_B03_10m.tif,https://sentinel2l2a01.blob.core.windows.net/sentinel2-l2/19/L/CF/2022/08/14/S2A_MSIL2A_20220814T144741_N0400_R139_T19LCF_20220815T060901.SAFE/GRANULE/L2A_T19LCF_A037316_20220814T144738/IMG_DATA/R10m/T19LCF_20220814T144741_B04_10m.tif,https://sentinel2l2a01.blob.core.windows.net/sentinel2-l2/19/L/CF/2022/08/14/S2A_MSIL2A_20220814T144741_N0400_R139_T19LCF_20220815T060901.SAFE/GRANULE/L2A_T19LCF_A037316_20220814T144738/IMG_DATA/R10m/T19LCF_20220814T144741_B08_10m.tif,https://sentinel2l2a01.blob.core.windows.net/sentinel2-l2/19/L/CF/2022/08/14/S2A_MSIL2A_20220814T144741_N0400_R139_T19LCF_20220815T060901.SAFE/GRANULE/L2A_T19LCF_A037316_20220814T144738/IMG_DATA/R20m/T19LCF_20220814T144741_SCL_20m.tif,,2026-08-09T23:20:24.475049Z,discovered
la_pampa,dataset_development,2022,2022-06-01,2022-09-30,S2B_MSIL2A_20220812T145729_R039_T19LDF_20240711T032928,2022-08-12T14:57:29.024000Z,14.314283,Sentinel-2B,05.10,32719,sentinel-2-l2a,https://planetarycomputer.microsoft.com/api/stac/v1/collections/sentinel-2-l2a/items/S2B_MSIL2A_20220812T145729_R039_T19LDF_20240711T032928,"[-69.9249768,-13.6552682,-69.6391729,-12.6624126]",True,,https://sentinel2l2a01.blob.core.windows.net/sentinel2-l2/19/L/DF/2022/08/12/S2B_MSIL2A_20220812T145729_N0510_R039_T19LDF_20240711T032928.SAFE/GRANULE/L2A_T19LDF_A028379_20220812T145729/IMG_DATA/R10m/T19LDF_20220812T145729_B02_10m.tif,https://sentinel2l2a01.blob.core.windows.net/sentinel2-l2/19/L/DF/2022/08/12/S2B_MSIL2A_20220812T145729_N0510_R039_T19LDF_20240711T032928.SAFE/GRANULE/L2A_T19LDF_A028379_20220812T145729/IMG_DATA/R10m/T19LDF_20220812T145729_B03_10m.tif,https://sentinel2l2a01.blob.core.windows.net/sentinel2-l2/19/L/DF/2022/08/12/S2B_MSIL2A_20220812T145729_N0510_R039_T19LDF_20240711T032928.SAFE/GRANULE/L2A_T19LDF_A028379_20220812T145729/IMG_DATA/R10m/T19LDF_20220812T145729_B04_10m.tif,https://sentinel2l2a01.blob.core.windows.net/sentinel2-l2/19/L/DF/2022/08/12/S2B_MSIL2A_20220812T145729_N0510_R039_T19LDF_20240711T032928.SAFE/GRANULE/L2A_T19LDF_A028379_20220812T145729/IMG_DATA/R10m/T19LDF_20220812T145729_B08_10m.tif,https://sentinel2l2a01.blob.core.windows.net/sentinel2-l2/19/L/DF/2022/08/12/S2B_MSIL2A_20220812T145729_N0510_R039_T19LDF_20240711T032928.SAFE/GRANULE/L2A_T19LDF_A028379_20220812T145729/IMG_DATA/R20m/T19LDF_20220812T145729_SCL_20m.tif,,2026-08-09T23:20:24.475049Z,discovered
la_pampa,dataset_development,2022,2022-06-01,2022-09-30,S2B_MSIL2A_20220812T145729_R039_T19LDF_20220813T013815,2022-08-12T14:57:29.024000Z,14.310314,Sentinel-2B,04.00,32719,sentinel-2-l2a,https://planetarycomputer.microsoft.com/api/stac/v1/collections/sentinel-2-l2a/items/S2B_MSIL2A_20220812T145729_R039_T19LDF_20220813T013815,"[-69.92499,-13.65526824,-69.63916,-12.66241263]",True,,https://sentinel2l2a01.blob.core.windows.net/sentinel2-l2/19/L/DF/2022/08/12/S2B_MSIL2A_20220812T145729_N0400_R039_T19LDF_20220813T013815.SAFE/GRANULE/L2A_T19LDF_A028379_20220812T145729/IMG_DATA/R10m/T19LDF_20220812T145729_B02_10m.tif,https://sentinel2l2a01.blob.core.windows.net/sentinel2-l2/19/L/DF/2022/08/12/S2B_MSIL2A_20220812T145729_N0400_R039_T19LDF_20220813T013815.SAFE/GRANULE/L2A_T19LDF_A028379_20220812T145729/IMG_DATA/R10m/T19LDF_20220812T145729_B03_10m.tif,https://sentinel2l2a01.blob.core.windows.net/sentinel2-l2/19/L/DF/2022/08/12/S2B_MSIL2A_20220812T145729_N0400_R039_T19LDF_20220813T013815.SAFE/GRANULE/L2A_T19LDF_A028379_20220812T145729/IMG_DATA/R10m/T19LDF_20220812T145729_B04_10m.tif,https://sentinel2l2a01.blob.core.windows.net/sentinel2-l2/19/L/DF/2022/08/12/S2B_MSIL2A_20220812T145729_N0400_R039_T19LDF_20220813T013815.SAFE/GRANULE/L2A_T19LDF_A028379_20220812T145729/IMG_DATA/R10m/T19LDF_20220812T145729_B08_10m.tif,https://sentinel2l2a01.blob.core.windows.net/sentinel2-l2/19/L/DF/2022/08/12/S2B_MSIL2A_20220812T145729_N0400_R039_T19LDF_20220813T013815.SAFE/GRANULE/L2A_T19LDF_A028379_20220812T145729/IMG_DATA/R20m/T19LDF_20220812T145729_SCL_20m.tif,,2026-08-09T23:20:24.475049Z,discovered
la_pampa,dataset_development,2022,2022-06-01,2022-09-30,S2A_MSIL2A_20220728T145741_R039_T19LDF_20220729T211851,2022-07-28T14:57:41.024000Z,15.478227,Sentinel-2A,04.00,32719,sentinel-2-l2a,https://planetarycomputer.microsoft.com/api/stac/v1/collections/sentinel-2-l2a/items/S2A_MSIL2A_20220728T145741_R039_T19LDF_20220729T211851,"[-69.92499,-13.65527161,-69.63605,-12.66241263]",True,,https://sentinel2l2a01.blob.core.windows.net/sentinel2-l2/19/L/DF/2022/07/28/S2A_MSIL2A_20220728T145741_N0400_R039_T19LDF_20220729T211851.SAFE/GRANULE/L2A_T19LDF_A037073_20220728T150430/IMG_DATA/R10m/T19LDF_20220728T145741_B02_10m.tif,https://sentinel2l2a01.blob.core.windows.net/sentinel2-l2/19/L/DF/2022/07/28/S2A_MSIL2A_20220728T145741_N0400_R039_T19LDF_20220729T211851.SAFE/GRANULE/L2A_T19LDF_A037073_20220728T150430/IMG_DATA/R10m/T19LDF_20220728T145741_B03_10m.tif,https://sentinel2l2a01.blob.core.windows.net/sentinel2-l2/19/L/DF/2022/07/28/S2A_MSIL2A_20220728T145741_N0400_R039_T19LDF_20220729T211851.SAFE/GRANULE/L2A_T19LDF_A037073_20220728T150430/IMG_DATA/R10m/T19LDF_20220728T145741_B04_10m.tif,https://sentinel2l2a01.blob.core.windows.net/sentinel2-l2/19/L/DF/2022/07/28/S2A_MSIL2A_20220728T145741_N0400_R039_T19LDF_20220729T211851.SAFE/GRANULE/L2A_T19LDF_A037073_20220728T150430/IMG_DATA/R10m/T19LDF_20220728T145741_B08_10m.tif,https://sentinel2l2a01.blob.core.windows.net/sentinel2-l2/19/L/DF/2022/07/28/S2A_MSIL2A_20220728T145741_N0400_R039_T19LDF_20220729T211851.SAFE/GRANULE/L2A_T19LDF_A037073_20220728T150430/IMG_DATA/R20m/T19LDF_20220728T145741_SCL_20m.tif,,2026-08-09T23:20:24.475049Z,discovered
la_pampa,dataset_development,2022,2022-06-01,2022-09-30,S2A_MSIL2A_20220728T145741_R039_T19LCF_20220729T214335,2022-07-28T14:57:41.024000Z,14.730121,Sentinel-2A,04.00,32719,sentinel-2-l2a,https://planetarycomputer.microsoft.com/api/stac/v1/collections/sentinel-2-l2a/items/S2A_MSIL2A_20220728T145741_R039_T19LCF_20220729T214335,"[-70.84897,-13.65534729,-69.83066,-12.65763659]",True,,https://sentinel2l2a01.blob.core.windows.net/sentinel2-l2/19/L/CF/2022/07/28/S2A_MSIL2A_20220728T145741_N0400_R039_T19LCF_20220729T214335.SAFE/GRANULE/L2A_T19LCF_A037073_20220728T150430/IMG_DATA/R10m/T19LCF_20220728T145741_B02_10m.tif,https://sentinel2l2a01.blob.core.windows.net/sentinel2-l2/19/L/CF/2022/07/28/S2A_MSIL2A_20220728T145741_N0400_R039_T19LCF_20220729T214335.SAFE/GRANULE/L2A_T19LCF_A037073_20220728T150430/IMG_DATA/R10m/T19LCF_20220728T145741_B03_10m.tif,https://sentinel2l2a01.blob.core.windows.net/sentinel2-l2/19/L/CF/2022/07/28/S2A_MSIL2A_20220728T145741_N0400_R039_T19LCF_20220729T214335.SAFE/GRANULE/L2A_T19LCF_A037073_20220728T150430/IMG_DATA/R10m/T19LCF_20220728T145741_B04_10m.tif,https://sentinel2l2a01.blob.core.windows.net/sentinel2-l2/19/L/CF/2022/07/28/S2A_MSIL2A_20220728T145741_N0400_R039_T19LCF_20220729T214335.SAFE/GRANULE/L2A_T19LCF_A037073_20220728T150430/IMG_DATA/R10m/T19LCF_20220728T145741_B08_10m.tif,https://sentinel2l2a01.blob.core.windows.net/sentinel2-l2/19/L/CF/2022/07/28/S2A_MSIL2A_20220728T145741_N0400_R039_T19LCF_20220729T214335.SAFE/GRANULE/L2A_T19LCF_A037073_20220728T150430/IMG_DATA/R20m/T19LCF_20220728T145741_SCL_20m.tif,,2026-08-09T23:20:24.475049Z,discovered
la_pampa,dataset_development,2022,2022-06-01,2022-09-30,S2A_MSIL2A_20220705T144741_R139_T19LDF_20220707T072247,2022-07-05T14:47:41.024000Z,14.283326,Sentinel-2A,04.00,32719,sentinel-2-l2a,https://planetarycomputer.microsoft.com/api/stac/v1/collections/sentinel-2-l2a/items/S2A_MSIL2A_20220705T144741_R139_T19LDF_20220707T072247,"[-69.92499,-13.65686838,-68.90976,-12.66242033]",True,,https://sentinel2l2a01.blob.core.windows.net/sentinel2-l2/19/L/DF/2022/07/05/S2A_MSIL2A_20220705T144741_N0400_R139_T19LDF_20220707T072247.SAFE/GRANULE/L2A_T19LDF_A036744_20220705T145550/IMG_DATA/R10m/T19LDF_20220705T144741_B02_10m.tif,https://sentinel2l2a01.blob.core.windows.net/sentinel2-l2/19/L/DF/2022/07/05/S2A_MSIL2A_20220705T144741_N0400_R139_T19LDF_20220707T072247.SAFE/GRANULE/L2A_T19LDF_A036744_20220705T145550/IMG_DATA/R10m/T19LDF_20220705T144741_B03_10m.tif,https://sentinel2l2a01.blob.core.windows.net/sentinel2-l2/19/L/DF/2022/07/05/S2A_MSIL2A_20220705T144741_N0400_R139_T19LDF_20220707T072247.SAFE/GRANULE/L2A_T19LDF_A036744_20220705T145550/IMG_DATA/R10m/T19LDF_20220705T144741_B04_10m.tif,https://sentinel2l2a01.blob.core.windows.net/sentinel2-l2/19/L/DF/2022/07/05/S2A_MSIL2A_20220705T144741_N0400_R139_T19LDF_20220707T072247.SAFE/GRANULE/L2A_T19LDF_A036744_20220705T145550/IMG_DATA/R10m/T19LDF_20220705T144741_B08_10m.tif,https://sentinel2l2a01.blob.core.windows.net/sentinel2-l2/19/L/DF/2022/07/05/S2A_MSIL2A_20220705T144741_N0400_R139_T19LDF_20220707T072247.SAFE/GRANULE/L2A_T19LDF_A036744_20220705T145550/IMG_DATA/R20m/T19LDF_20220705T144741_SCL_20m.tif,,2026-08-09T23:20:24.475049Z,discovered
la_pampa,dataset_development,2022,2022-06-01,2022-09-30,S2A_MSIL2A_20220618T145741_R039_T19LDF_20220620T171254,2022-06-18T14:57:41.024000Z,7.488926,Sentinel-2A,04.00,32719,sentinel-2-l2a,https://planetarycomputer.microsoft.com/api/stac/v1/collections/sentinel-2-l2a/items/S2A_MSIL2A_20220618T145741_R039_T19LDF_20220620T171254,"[-69.92499,-13.65524637,-69.652435,-12.66241263]",True,,https://sentinel2l2a01.blob.core.windows.net/sentinel2-l2/19/L/DF/2022/06/18/S2A_MSIL2A_20220618T145741_N0400_R039_T19LDF_20220620T171254.SAFE/GRANULE/L2A_T19LDF_A036501_20220618T150512/IMG_DATA/R10m/T19LDF_20220618T145741_B02_10m.tif,https://sentinel2l2a01.blob.core.windows.net/sentinel2-l2/19/L/DF/2022/06/18/S2A_MSIL2A_20220618T145741_N0400_R039_T19LDF_20220620T171254.SAFE/GRANULE/L2A_T19LDF_A036501_20220618T150512/IMG_DATA/R10m/T19LDF_20220618T145741_B03_10m.tif,https://sentinel2l2a01.blob.core.windows.net/sentinel2-l2/19/L/DF/2022/06/18/S2A_MSIL2A_20220618T145741_N0400_R039_T19LDF_20220620T171254.SAFE/GRANULE/L2A_T19LDF_A036501_20220618T150512/IMG_DATA/R10m/T19LDF_20220618T145741_B04_10m.tif,https://sentinel2l2a01.blob.core.windows.net/sentinel2-l2/19/L/DF/2022/06/18/S2A_MSIL2A_20220618T145741_N0400_R039_T19LDF_20220620T171254.SAFE/GRANULE/L2A_T19LDF_A036501_20220618T150512/IMG_DATA/R10m/T19LDF_20220618T145741_B08_10m.tif,https://sentinel2l2a01.blob.core.windows.net/sentinel2-l2/19/L/DF/2022/06/18/S2A_MSIL2A_20220618T145741_N0400_R039_T19LDF_20220620T171254.SAFE/GRANULE/L2A_T19LDF_A036501_20220618T150512/IMG_DATA/R20m/T19LDF_20220618T145741_SCL_20m.tif,,2026-08-09T23:20:24.475049Z,discovered
la_pampa,dataset_development,2022,2022-06-01,2022-09-30,S2A_MSIL2A_20220615T144741_R139_T19LDF_20240620T023425,2022-06-15T14:47:41.024000Z,2.120308,Sentinel-2A,05.10,32719,sentinel-2-l2a,https://planetarycomputer.microsoft.com/api/stac/v1/collections/sentinel-2-l2a/items/S2A_MSIL2A_20220615T144741_R139_T19LDF_20240620T023425,"[-69.9249768,-13.6568684,-68.9097542,-12.6624266]",True,,https://sentinel2l2a01.blob.core.windows.net/sentinel2-l2/19/L/DF/2022/06/15/S2A_MSIL2A_20220615T144741_N0510_R139_T19LDF_20240620T023425.SAFE/GRANULE/L2A_T19LDF_A036458_20220615T144741/IMG_DATA/R10m/T19LDF_20220615T144741_B02_10m.tif,https://sentinel2l2a01.blob.core.windows.net/sentinel2-l2/19/L/DF/2022/06/15/S2A_MSIL2A_20220615T144741_N0510_R139_T19LDF_20240620T023425.SAFE/GRANULE/L2A_T19LDF_A036458_20220615T144741/IMG_DATA/R10m/T19LDF_20220615T144741_B03_10m.tif,https://sentinel2l2a01.blob.core.windows.net/sentinel2-l2/19/L/DF/2022/06/15/S2A_MSIL2A_20220615T144741_N0510_R139_T19LDF_20240620T023425.SAFE/GRANULE/L2A_T19LDF_A036458_20220615T144741/IMG_DATA/R10m/T19LDF_20220615T144741_B04_10m.tif,https://sentinel2l2a01.blob.core.windows.net/sentinel2-l2/19/L/DF/2022/06/15/S2A_MSIL2A_20220615T144741_N0510_R139_T19LDF_20240620T023425.SAFE/GRANULE/L2A_T19LDF_A036458_20220615T144741/IMG_DATA/R10m/T19LDF_20220615T144741_B08_10m.tif,https://sentinel2l2a01.blob.core.windows.net/sentinel2-l2/19/L/DF/2022/06/15/S2A_MSIL2A_20220615T144741_N0510_R139_T19LDF_20240620T023425.SAFE/GRANULE/L2A_T19LDF_A036458_20220615T144741/IMG_DATA/R20m/T19LDF_20220615T144741_SCL_20m.tif,,2026-08-09T23:20:24.475049Z,discovered
la_pampa,dataset_development,2022,2022-06-01,2022-09-30,S2A_MSIL2A_20220615T144741_R139_T19LDF_20220618T164257,2022-06-15T14:47:41.024000Z,2.115704,Sentinel-2A,04.00,32719,sentinel-2-l2a,https://planetarycomputer.microsoft.com/api/stac/v1/collections/sentinel-2-l2a/items/S2A_MSIL2A_20220615T144741_R139_T19LDF_20220618T164257,"[-69.92499,-13.65686838,-68.90976,-12.66242657]",True,,https://sentinel2l2a01.blob.core.windows.net/sentinel2-l2/19/L/DF/2022/06/15/S2A_MSIL2A_20220615T144741_N0400_R139_T19LDF_20220618T164257.SAFE/GRANULE/L2A_T19LDF_A036458_20220615T144741/IMG_DATA/R10m/T19LDF_20220615T144741_B02_10m.tif,https://sentinel2l2a01.blob.core.windows.net/sentinel2-l2/19/L/DF/2022/06/15/S2A_MSIL2A_20220615T144741_N0400_R139_T19LDF_20220618T164257.SAFE/GRANULE/L2A_T19LDF_A036458_20220615T144741/IMG_DATA/R10m/T19LDF_20220615T144741_B03_10m.tif,https://sentinel2l2a01.blob.core.windows.net/sentinel2-l2/19/L/DF/2022/06/15/S2A_MSIL2A_20220615T144741_N0400_R139_T19LDF_20220618T164257.SAFE/GRANULE/L2A_T19LDF_A036458_20220615T144741/IMG_DATA/R10m/T19LDF_20220615T144741_B04_10m.tif,https://sentinel2l2a01.blob.core.windows.net/sentinel2-l2/19/L/DF/2022/06/15/S2A_MSIL2A_20220615T144741_N0400_R139_T19LDF_20220618T164257.SAFE/GRANULE/L2A_T19LDF_A036458_20220615T144741/IMG_DATA/R10m/T19LDF_20220615T144741_B08_10m.tif,https://sentinel2l2a01.blob.core.windows.net/sentinel2-l2/19/L/DF/2022/06/15/S2A_MSIL2A_20220615T144741_N0400_R139_T19LDF_20220618T164257.SAFE/GRANULE/L2A_T19LDF_A036458_20220615T144741/IMG_DATA/R20m/T19LDF_20220615T144741_SCL_20m.tif,,2026-08-09T23:20:24.475049Z,discovered
la_pampa,dataset_development,2022,2022-06-01,2022-09-30,S2A_MSIL2A_20220615T144741_R139_T19LCF_20240620T023425,2022-06-15T14:47:41.024000Z,15.893771,Sentinel-2A,05.10,32719,sentinel-2-l2a,https://planetarycomputer.microsoft.com/api/stac/v1/collections/sentinel-2-l2a/items/S2A_MSIL2A_20220615T144741_R139_T19LCF_20240620T023425,"[-70.1419221,-13.6554833,-69.830652,-12.6623009]",True,,https://sentinel2l2a01.blob.core.windows.net/sentinel2-l2/19/L/CF/2022/06/15/S2A_MSIL2A_20220615T144741_N0510_R139_T19LCF_20240620T023425.SAFE/GRANULE/L2A_T19LCF_A036458_20220615T144741/IMG_DATA/R10m/T19LCF_20220615T144741_B02_10m.tif,https://sentinel2l2a01.blob.core.windows.net/sentinel2-l2/19/L/CF/2022/06/15/S2A_MSIL2A_20220615T144741_N0510_R139_T19LCF_20240620T023425.SAFE/GRANULE/L2A_T19LCF_A036458_20220615T144741/IMG_DATA/R10m/T19LCF_20220615T144741_B03_10m.tif,https://sentinel2l2a01.blob.core.windows.net/sentinel2-l2/19/L/CF/2022/06/15/S2A_MSIL2A_20220615T144741_N0510_R139_T19LCF_20240620T023425.SAFE/GRANULE/L2A_T19LCF_A036458_20220615T144741/IMG_DATA/R10m/T19LCF_20220615T144741_B04_10m.tif,https://sentinel2l2a01.blob.core.windows.net/sentinel2-l2/19/L/CF/2022/06/15/S2A_MSIL2A_20220615T144741_N0510_R139_T19LCF_20240620T023425.SAFE/GRANULE/L2A_T19LCF_A036458_20220615T144741/IMG_DATA/R10m/T19LCF_20220615T144741_B08_10m.tif,https://sentinel2l2a01.blob.core.windows.net/sentinel2-l2/19/L/CF/2022/06/15/S2A_MSIL2A_20220615T144741_N0510_R139_T19LCF_20240620T023425.SAFE/GRANULE/L2A_T19LCF_A036458_20220615T144741/IMG_DATA/R20m/T19LCF_20220615T144741_SCL_20m.tif,,2026-08-09T23:20:24.475049Z,discovered
la_pampa,dataset_development,2022,2022-06-01,2022-09-30,S2A_MSIL2A_20220615T144741_R139_T19LCF_20220618T175125,2022-06-15T14:47:41.024000Z,15.962695,Sentinel-2A,04.00,32719,sentinel-2-l2a,https://planetarycomputer.microsoft.com/api/stac/v1/collections/sentinel-2-l2a/items/S2A_MSIL2A_20220615T144741_R139_T19LCF_20220618T175125,"[-70.14191,-13.65548332,-69.83066,-12.66230095]",True,,https://sentinel2l2a01.blob.core.windows.net/sentinel2-l2/19/L/CF/2022/06/15/S2A_MSIL2A_20220615T144741_N0400_R139_T19LCF_20220618T175125.SAFE/GRANULE/L2A_T19LCF_A036458_20220615T144741/IMG_DATA/R10m/T19LCF_20220615T144741_B02_10m.tif,https://sentinel2l2a01.blob.core.windows.net/sentinel2-l2/19/L/CF/2022/06/15/S2A_MSIL2A_20220615T144741_N0400_R139_T19LCF_20220618T175125.SAFE/GRANULE/L2A_T19LCF_A036458_20220615T144741/IMG_DATA/R10m/T19LCF_20220615T144741_B03_10m.tif,https://sentinel2l2a01.blob.core.windows.net/sentinel2-l2/19/L/CF/2022/06/15/S2A_MSIL2A_20220615T144741_N0400_R139_T19LCF_20220618T175125.SAFE/GRANULE/L2A_T19LCF_A036458_20220615T144741/IMG_DATA/R10m/T19LCF_20220615T144741_B04_10m.tif,https://sentinel2l2a01.blob.core.windows.net/sentinel2-l2/19/L/CF/2022/06/15/S2A_MSIL2A_20220615T144741_N0400_R139_T19LCF_20220618T175125.SAFE/GRANULE/L2A_T19LCF_A036458_20220615T144741/IMG_DATA/R10m/T19LCF_20220615T144741_B08_10m.tif,https://sentinel2l2a01.blob.core.windows.net/sentinel2-l2/19/L/CF/2022/06/15/S2A_MSIL2A_20220615T144741_N0400_R139_T19LCF_20220618T175125.SAFE/GRANULE/L2A_T19LCF_A036458_20220615T144741/IMG_DATA/R20m/T19LCF_20220615T144741_SCL_20m.tif,,2026-08-09T23:20:24.475049Z,discovered
la_pampa,dataset_development,2022,2022-06-01,2022-09-30,S2B_MSIL2A_20220613T145729_R039_T19LDF_20220614T102611,2022-06-13T14:57:29.024000Z,1.22332,Sentinel-2B,04.00,32719,sentinel-2-l2a,https://planetarycomputer.microsoft.com/api/stac/v1/collections/sentinel-2-l2a/items/S2B_MSIL2A_20220613T145729_R039_T19LDF_20220614T102611,"[-69.92497681,-13.65524385,-69.65333453,-12.66241263]",True,,https://sentinel2l2a01.blob.core.windows.net/sentinel2-l2/19/L/DF/2022/06/13/S2B_MSIL2A_20220613T145729_N0400_R039_T19LDF_20220614T102611.SAFE/GRANULE/L2A_T19LDF_A027521_20220613T145913/IMG_DATA/R10m/T19LDF_20220613T145729_B02_10m.tif,https://sentinel2l2a01.blob.core.windows.net/sentinel2-l2/19/L/DF/2022/06/13/S2B_MSIL2A_20220613T145729_N0400_R039_T19LDF_20220614T102611.SAFE/GRANULE/L2A_T19LDF_A027521_20220613T145913/IMG_DATA/R10m/T19LDF_20220613T145729_B03_10m.tif,https://sentinel2l2a01.blob.core.windows.net/sentinel2-l2/19/L/DF/2022/06/13/S2B_MSIL2A_20220613T145729_N0400_R039_T19LDF_20220614T102611.SAFE/GRANULE/L2A_T19LDF_A027521_20220613T145913/IMG_DATA/R10m/T19LDF_20220613T145729_B04_10m.tif,https://sentinel2l2a01.blob.core.windows.net/sentinel2-l2/19/L/DF/2022/06/13/S2B_MSIL2A_20220613T145729_N0400_R039_T19LDF_20220614T102611.SAFE/GRANULE/L2A_T19LDF_A027521_20220613T145913/IMG_DATA/R10m/T19LDF_20220613T145729_B08_10m.tif,https://sentinel2l2a01.blob.core.windows.net/sentinel2-l2/19/L/DF/2022/06/13/S2B_MSIL2A_20220613T145729_N0400_R039_T19LDF_20220614T102611.SAFE/GRANULE/L2A_T19LDF_A027521_20220613T145913/IMG_DATA/R20m/T19LDF_20220613T145729_SCL_20m.tif,,2026-08-09T23:20:24.475049Z,discovered
la_pampa,dataset_development,2022,2022-06-01,2022-09-30,S2B_MSIL2A_20220613T145729_R039_T19LCF_20220614T100200,2022-06-13T14:57:29.024000Z,0.42632,Sentinel-2B,04.00,32719,sentinel-2-l2a,https://planetarycomputer.microsoft.com/api/stac/v1/collections/sentinel-2-l2a/items/S2B_MSIL2A_20220613T145729_R039_T19LCF_20220614T100200,"[-70.8489584,-13.65525815,-69.830652,-12.65763659]",True,,https://sentinel2l2a01.blob.core.windows.net/sentinel2-l2/19/L/CF/2022/06/13/S2B_MSIL2A_20220613T145729_N0400_R039_T19LCF_20220614T100200.SAFE/GRANULE/L2A_T19LCF_A027521_20220613T145913/IMG_DATA/R10m/T19LCF_20220613T145729_B02_10m.tif,https://sentinel2l2a01.blob.core.windows.net/sentinel2-l2/19/L/CF/2022/06/13/S2B_MSIL2A_20220613T145729_N0400_R039_T19LCF_20220614T100200.SAFE/GRANULE/L2A_T19LCF_A027521_20220613T145913/IMG_DATA/R10m/T19LCF_20220613T145729_B03_10m.tif,https://sentinel2l2a01.blob.core.windows.net/sentinel2-l2/19/L/CF/2022/06/13/S2B_MSIL2A_20220613T145729_N0400_R039_T19LCF_20220614T100200.SAFE/GRANULE/L2A_T19LCF_A027521_20220613T145913/IMG_DATA/R10m/T19LCF_20220613T145729_B04_10m.tif,https://sentinel2l2a01.blob.core.windows.net/sentinel2-l2/19/L/CF/2022/06/13/S2B_MSIL2A_20220613T145729_N0400_R039_T19LCF_20220614T100200.SAFE/GRANULE/L2A_T19LCF_A027521_20220613T145913/IMG_DATA/R10m/T19LCF_20220613T145729_B08_10m.tif,https://sentinel2l2a01.blob.core.windows.net/sentinel2-l2/19/L/CF/2022/06/13/S2B_MSIL2A_20220613T145729_N0400_R039_T19LCF_20220614T100200.SAFE/GRANULE/L2A_T19LCF_A027521_20220613T145913/IMG_DATA/R20m/T19LCF_20220613T145729_SCL_20m.tif,,2026-08-09T23:20:24.475049Z,discovered
mining_training_area,dataset_development,2018,2018-06-01,2018-09-30,S2A_MSIL2A_20180907T145721_R039_T19LCF_20201011T093958,2018-09-07T14:57:21.024000Z,7.25854,Sentinel-2A,02.12,32719,sentinel-2-l2a,https://planetarycomputer.microsoft.com/api/stac/v1/collections/sentinel-2-l2a/items/S2A_MSIL2A_20180907T145721_R039_T19LCF_20201011T093958,"[-70.84897,-13.655304068939095,-69.83066,-12.657636587187465]",True,,https://sentinel2l2a01.blob.core.windows.net/sentinel2-l2/19/L/CF/2018/09/07/S2A_MSIL2A_20180907T145721_N0212_R039_T19LCF_20201011T093958.SAFE/GRANULE/L2A_T19LCF_A016767_20180907T150208/IMG_DATA/R10m/T19LCF_20180907T145721_B02_10m.tif,https://sentinel2l2a01.blob.core.windows.net/sentinel2-l2/19/L/CF/2018/09/07/S2A_MSIL2A_20180907T145721_N0212_R039_T19LCF_20201011T093958.SAFE/GRANULE/L2A_T19LCF_A016767_20180907T150208/IMG_DATA/R10m/T19LCF_20180907T145721_B03_10m.tif,https://sentinel2l2a01.blob.core.windows.net/sentinel2-l2/19/L/CF/2018/09/07/S2A_MSIL2A_20180907T145721_N0212_R039_T19LCF_20201011T093958.SAFE/GRANULE/L2A_T19LCF_A016767_20180907T150208/IMG_DATA/R10m/T19LCF_20180907T145721_B04_10m.tif,https://sentinel2l2a01.blob.core.windows.net/sentinel2-l2/19/L/CF/2018/09/07/S2A_MSIL2A_20180907T145721_N0212_R039_T19LCF_20201011T093958.SAFE/GRANULE/L2A_T19LCF_A016767_20180907T150208/IMG_DATA/R10m/T19LCF_20180907T145721_B08_10m.tif,https://sentinel2l2a01.blob.core.windows.net/sentinel2-l2/19/L/CF/2018/09/07/S2A_MSIL2A_20180907T145721_N0212_R039_T19LCF_20201011T093958.SAFE/GRANULE/L2A_T19LCF_A016767_20180907T150208/IMG_DATA/R20m/T19LCF_20180907T145721_SCL_20m.tif,,2026-08-09T23:20:24.475049Z,discovered
mining_training_area,dataset_development,2018,2018-06-01,2018-09-30,S2A_MSIL2A_20180828T145721_R039_T19LCF_20201027T054517,2018-08-28T14:57:21.024000Z,12.441118,Sentinel-2A,02.12,32719,sentinel-2-l2a,https://planetarycomputer.microsoft.com/api/stac/v1/collections/sentinel-2-l2a/items/S2A_MSIL2A_20180828T145721_R039_T19LCF_20201027T054517,"[-70.84895839954056,-13.655319631943023,-69.83065200221534,-12.657636587187465]",True,,https://sentinel2l2a01.blob.core.windows.net/sentinel2-l2/19/L/CF/2018/08/28/S2A_MSIL2A_20180828T145721_N0212_R039_T19LCF_20201027T054517.SAFE/GRANULE/L2A_T19LCF_A016624_20180828T145854/IMG_DATA/R10m/T19LCF_20180828T145721_B02_10m.tif,https://sentinel2l2a01.blob.core.windows.net/sentinel2-l2/19/L/CF/2018/08/28/S2A_MSIL2A_20180828T145721_N0212_R039_T19LCF_20201027T054517.SAFE/GRANULE/L2A_T19LCF_A016624_20180828T145854/IMG_DATA/R10m/T19LCF_20180828T145721_B03_10m.tif,https://sentinel2l2a01.blob.core.windows.net/sentinel2-l2/19/L/CF/2018/08/28/S2A_MSIL2A_20180828T145721_N0212_R039_T19LCF_20201027T054517.SAFE/GRANULE/L2A_T19LCF_A016624_20180828T145854/IMG_DATA/R10m/T19LCF_20180828T145721_B04_10m.tif,https://sentinel2l2a01.blob.core.windows.net/sentinel2-l2/19/L/CF/2018/08/28/S2A_MSIL2A_20180828T145721_N0212_R039_T19LCF_20201027T054517.SAFE/GRANULE/L2A_T19LCF_A016624_20180828T145854/IMG_DATA/R10m/T19LCF_20180828T145721_B08_10m.tif,https://sentinel2l2a01.blob.core.windows.net/sentinel2-l2/19/L/CF/2018/08/28/S2A_MSIL2A_20180828T145721_N0212_R039_T19LCF_20201027T054517.SAFE/GRANULE/L2A_T19LCF_A016624_20180828T145854/IMG_DATA/R20m/T19LCF_20180828T145721_SCL_20m.tif,,2026-08-09T23:20:24.475049Z,discovered
mining_training_area,dataset_development,2018,2018-06-01,2018-09-30,S2A_MSIL2A_20180818T145721_R039_T19LCF_20201011T032904,2018-08-18T14:57:21.024000Z,11.352001,Sentinel-2A,02.12,32719,sentinel-2-l2a,https://planetarycomputer.microsoft.com/api/stac/v1/collections/sentinel-2-l2a/items/S2A_MSIL2A_20180818T145721_R039_T19LCF_20201011T032904,"[-70.84897,-13.655330575689524,-69.83066,-12.657636587187465]",True,,https://sentinel2l2a01.blob.core.windows.net/sentinel2-l2/19/L/CF/2018/08/18/S2A_MSIL2A_20180818T145721_N0212_R039_T19LCF_20201011T032904.SAFE/GRANULE/L2A_T19LCF_A016481_20180818T150209/IMG_DATA/R10m/T19LCF_20180818T145721_B02_10m.tif,https://sentinel2l2a01.blob.core.windows.net/sentinel2-l2/19/L/CF/2018/08/18/S2A_MSIL2A_20180818T145721_N0212_R039_T19LCF_20201011T032904.SAFE/GRANULE/L2A_T19LCF_A016481_20180818T150209/IMG_DATA/R10m/T19LCF_20180818T145721_B03_10m.tif,https://sentinel2l2a01.blob.core.windows.net/sentinel2-l2/19/L/CF/2018/08/18/S2A_MSIL2A_20180818T145721_N0212_R039_T19LCF_20201011T032904.SAFE/GRANULE/L2A_T19LCF_A016481_20180818T150209/IMG_DATA/R10m/T19LCF_20180818T145721_B04_10m.tif,https://sentinel2l2a01.blob.core.windows.net/sentinel2-l2/19/L/CF/2018/08/18/S2A_MSIL2A_20180818T145721_N0212_R039_T19LCF_20201011T032904.SAFE/GRANULE/L2A_T19LCF_A016481_20180818T150209/IMG_DATA/R10m/T19LCF_20180818T145721_B08_10m.tif,https://sentinel2l2a01.blob.core.windows.net/sentinel2-l2/19/L/CF/2018/08/18/S2A_MSIL2A_20180818T145721_N0212_R039_T19LCF_20201011T032904.SAFE/GRANULE/L2A_T19LCF_A016481_20180818T150209/IMG_DATA/R20m/T19LCF_20180818T145721_SCL_20m.tif,,2026-08-09T23:20:24.475049Z,discovered
mining_training_area,dataset_development,2018,2018-06-01,2018-09-30,S2B_MSIL2A_20180813T145719_R039_T19LCF_20201011T012223,2018-08-13T14:57:19.024000Z,14.148408,Sentinel-2B,02.12,32719,sentinel-2-l2a,https://planetarycomputer.microsoft.com/api/stac/v1/collections/sentinel-2-l2a/items/S2B_MSIL2A_20180813T145719_R039_T19LCF_20201011T012223,"[-70.84897,-13.655405480903744,-69.83066,-12.657636587187465]",True,,https://sentinel2l2a01.blob.core.windows.net/sentinel2-l2/19/L/CF/2018/08/13/S2B_MSIL2A_20180813T145719_N0212_R039_T19LCF_20201011T012223.SAFE/GRANULE/L2A_T19LCF_A007501_20180813T150106/IMG_DATA/R10m/T19LCF_20180813T145719_B02_10m.tif,https://sentinel2l2a01.blob.core.windows.net/sentinel2-l2/19/L/CF/2018/08/13/S2B_MSIL2A_20180813T145719_N0212_R039_T19LCF_20201011T012223.SAFE/GRANULE/L2A_T19LCF_A007501_20180813T150106/IMG_DATA/R10m/T19LCF_20180813T145719_B03_10m.tif,https://sentinel2l2a01.blob.core.windows.net/sentinel2-l2/19/L/CF/2018/08/13/S2B_MSIL2A_20180813T145719_N0212_R039_T19LCF_20201011T012223.SAFE/GRANULE/L2A_T19LCF_A007501_20180813T150106/IMG_DATA/R10m/T19LCF_20180813T145719_B04_10m.tif,https://sentinel2l2a01.blob.core.windows.net/sentinel2-l2/19/L/CF/2018/08/13/S2B_MSIL2A_20180813T145719_N0212_R039_T19LCF_20201011T012223.SAFE/GRANULE/L2A_T19LCF_A007501_20180813T150106/IMG_DATA/R10m/T19LCF_20180813T145719_B08_10m.tif,https://sentinel2l2a01.blob.core.windows.net/sentinel2-l2/19/L/CF/2018/08/13/S2B_MSIL2A_20180813T145719_N0212_R039_T19LCF_20201011T012223.SAFE/GRANULE/L2A_T19LCF_A007501_20180813T150106/IMG_DATA/R20m/T19LCF_20180813T145719_SCL_20m.tif,,2026-08-09T23:20:24.475049Z,discovered
mining_training_area,dataset_development,2018,2018-06-01,2018-09-30,S2A_MSIL2A_20180619T145731_R039_T19LCF_20201011T235605,2018-06-19T14:57:31.024000Z,9.168934,Sentinel-2A,02.12,32719,sentinel-2-l2a,https://planetarycomputer.microsoft.com/api/stac/v1/collections/sentinel-2-l2a/items/S2A_MSIL2A_20180619T145731_R039_T19LCF_20201011T235605,"[-70.84895839954056,-13.655388944025065,-69.83065200221534,-12.657636587187465]",True,,https://sentinel2l2a01.blob.core.windows.net/sentinel2-l2/19/L/CF/2018/06/19/S2A_MSIL2A_20180619T145731_N0212_R039_T19LCF_20201011T235605.SAFE/GRANULE/L2A_T19LCF_A015623_20180619T150221/IMG_DATA/R10m/T19LCF_20180619T145731_B02_10m.tif,https://sentinel2l2a01.blob.core.windows.net/sentinel2-l2/19/L/CF/2018/06/19/S2A_MSIL2A_20180619T145731_N0212_R039_T19LCF_20201011T235605.SAFE/GRANULE/L2A_T19LCF_A015623_20180619T150221/IMG_DATA/R10m/T19LCF_20180619T145731_B03_10m.tif,https://sentinel2l2a01.blob.core.windows.net/sentinel2-l2/19/L/CF/2018/06/19/S2A_MSIL2A_20180619T145731_N0212_R039_T19LCF_20201011T235605.SAFE/GRANULE/L2A_T19LCF_A015623_20180619T150221/IMG_DATA/R10m/T19LCF_20180619T145731_B04_10m.tif,https://sentinel2l2a01.blob.core.windows.net/sentinel2-l2/19/L/CF/2018/06/19/S2A_MSIL2A_20180619T145731_N0212_R039_T19LCF_20201011T235605.SAFE/GRANULE/L2A_T19LCF_A015623_20180619T150221/IMG_DATA/R10m/T19LCF_20180619T145731_B08_10m.tif,https://sentinel2l2a01.blob.core.windows.net/sentinel2-l2/19/L/CF/2018/06/19/S2A_MSIL2A_20180619T145731_N0212_R039_T19LCF_20201011T235605.SAFE/GRANULE/L2A_T19LCF_A015623_20180619T150221/IMG_DATA/R20m/T19LCF_20180619T145731_SCL_20m.tif,,2026-08-09T23:20:24.475049Z,discovered
mining_training_area,dataset_development,2022,2022-06-01,2022-09-30,S2A_MSIL2A_20220906T145741_R039_T19LCF_20220907T075707,2022-09-06T14:57:41.024000Z,11.85512,Sentinel-2A,04.00,32719,sentinel-2-l2a,https://planetarycomputer.microsoft.com/api/stac/v1/collections/sentinel-2-l2a/items/S2A_MSIL2A_20220906T145741_R039_T19LCF_20220907T075707,"[-70.84897,-13.65526343,-69.83066,-12.65763659]",True,,https://sentinel2l2a01.blob.core.windows.net/sentinel2-l2/19/L/CF/2022/09/06/S2A_MSIL2A_20220906T145741_N0400_R039_T19LCF_20220907T075707.SAFE/GRANULE/L2A_T19LCF_A037645_20220906T150345/IMG_DATA/R10m/T19LCF_20220906T145741_B02_10m.tif,https://sentinel2l2a01.blob.core.windows.net/sentinel2-l2/19/L/CF/2022/09/06/S2A_MSIL2A_20220906T145741_N0400_R039_T19LCF_20220907T075707.SAFE/GRANULE/L2A_T19LCF_A037645_20220906T150345/IMG_DATA/R10m/T19LCF_20220906T145741_B03_10m.tif,https://sentinel2l2a01.blob.core.windows.net/sentinel2-l2/19/L/CF/2022/09/06/S2A_MSIL2A_20220906T145741_N0400_R039_T19LCF_20220907T075707.SAFE/GRANULE/L2A_T19LCF_A037645_20220906T150345/IMG_DATA/R10m/T19LCF_20220906T145741_B04_10m.tif,https://sentinel2l2a01.blob.core.windows.net/sentinel2-l2/19/L/CF/2022/09/06/S2A_MSIL2A_20220906T145741_N0400_R039_T19LCF_20220907T075707.SAFE/GRANULE/L2A_T19LCF_A037645_20220906T150345/IMG_DATA/R10m/T19LCF_20220906T145741_B08_10m.tif,https://sentinel2l2a01.blob.core.windows.net/sentinel2-l2/19/L/CF/2022/09/06/S2A_MSIL2A_20220906T145741_N0400_R039_T19LCF_20220907T075707.SAFE/GRANULE/L2A_T19LCF_A037645_20220906T150345/IMG_DATA/R20m/T19LCF_20220906T145741_SCL_20m.tif,,2026-08-09T23:20:24.475049Z,discovered
mining_training_area,dataset_development,2022,2022-06-01,2022-09-30,S2B_MSIL2A_20220901T145729_R039_T19LCF_20220902T065509,2022-09-01T14:57:29.024000Z,15.485813,Sentinel-2B,04.00,32719,sentinel-2-l2a,https://planetarycomputer.microsoft.com/api/stac/v1/collections/sentinel-2-l2a/items/S2B_MSIL2A_20220901T145729_R039_T19LCF_20220902T065509,"[-70.84897,-13.65537604,-69.83066,-12.65763659]",True,,https://sentinel2l2a01.blob.core.windows.net/sentinel2-l2/19/L/CF/2022/09/01/S2B_MSIL2A_20220901T145729_N0400_R039_T19LCF_20220902T065509.SAFE/GRANULE/L2A_T19LCF_A028665_20220901T145726/IMG_DATA/R10m/T19LCF_20220901T145729_B02_10m.tif,https://sentinel2l2a01.blob.core.windows.net/sentinel2-l2/19/L/CF/2022/09/01/S2B_MSIL2A_20220901T145729_N0400_R039_T19LCF_20220902T065509.SAFE/GRANULE/L2A_T19LCF_A028665_20220901T145726/IMG_DATA/R10m/T19LCF_20220901T145729_B03_10m.tif,https://sentinel2l2a01.blob.core.windows.net/sentinel2-l2/19/L/CF/2022/09/01/S2B_MSIL2A_20220901T145729_N0400_R039_T19LCF_20220902T065509.SAFE/GRANULE/L2A_T19LCF_A028665_20220901T145726/IMG_DATA/R10m/T19LCF_20220901T145729_B04_10m.tif,https://sentinel2l2a01.blob.core.windows.net/sentinel2-l2/19/L/CF/2022/09/01/S2B_MSIL2A_20220901T145729_N0400_R039_T19LCF_20220902T065509.SAFE/GRANULE/L2A_T19LCF_A028665_20220901T145726/IMG_DATA/R10m/T19LCF_20220901T145729_B08_10m.tif,https://sentinel2l2a01.blob.core.windows.net/sentinel2-l2/19/L/CF/2022/09/01/S2B_MSIL2A_20220901T145729_N0400_R039_T19LCF_20220902T065509.SAFE/GRANULE/L2A_T19LCF_A028665_20220901T145726/IMG_DATA/R20m/T19LCF_20220901T145729_SCL_20m.tif,,2026-08-09T23:20:24.475049Z,discovered
mining_training_area,dataset_development,2022,2022-06-01,2022-09-30,S2B_MSIL2A_20220822T145729_R039_T19LCF_20240704T091633,2022-08-22T14:57:29.024000Z,8.351785,Sentinel-2B,05.10,32719,sentinel-2-l2a,https://planetarycomputer.microsoft.com/api/stac/v1/collections/sentinel-2-l2a/items/S2B_MSIL2A_20220822T145729_R039_T19LCF_20240704T091633,"[-70.8489584,-13.6553859,-69.830652,-12.6576366]",True,,https://sentinel2l2a01.blob.core.windows.net/sentinel2-l2/19/L/CF/2022/08/22/S2B_MSIL2A_20220822T145729_N0510_R039_T19LCF_20240704T091633.SAFE/GRANULE/L2A_T19LCF_A028522_20220822T145726/IMG_DATA/R10m/T19LCF_20220822T145729_B02_10m.tif,https://sentinel2l2a01.blob.core.windows.net/sentinel2-l2/19/L/CF/2022/08/22/S2B_MSIL2A_20220822T145729_N0510_R039_T19LCF_20240704T091633.SAFE/GRANULE/L2A_T19LCF_A028522_20220822T145726/IMG_DATA/R10m/T19LCF_20220822T145729_B03_10m.tif,https://sentinel2l2a01.blob.core.windows.net/sentinel2-l2/19/L/CF/2022/08/22/S2B_MSIL2A_20220822T145729_N0510_R039_T19LCF_20240704T091633.SAFE/GRANULE/L2A_T19LCF_A028522_20220822T145726/IMG_DATA/R10m/T19LCF_20220822T145729_B04_10m.tif,https://sentinel2l2a01.blob.core.windows.net/sentinel2-l2/19/L/CF/2022/08/22/S2B_MSIL2A_20220822T145729_N0510_R039_T19LCF_20240704T091633.SAFE/GRANULE/L2A_T19LCF_A028522_20220822T145726/IMG_DATA/R10m/T19LCF_20220822T145729_B08_10m.tif,https://sentinel2l2a01.blob.core.windows.net/sentinel2-l2/19/L/CF/2022/08/22/S2B_MSIL2A_20220822T145729_N0510_R039_T19LCF_20240704T091633.SAFE/GRANULE/L2A_T19LCF_A028522_20220822T145726/IMG_DATA/R20m/T19LCF_20220822T145729_SCL_20m.tif,,2026-08-09T23:20:24.475049Z,discovered
mining_training_area,dataset_development,2022,2022-06-01,2022-09-30,S2B_MSIL2A_20220822T145729_R039_T19LCF_20220823T142834,2022-08-22T14:57:29.024000Z,8.363886,Sentinel-2B,04.00,32719,sentinel-2-l2a,https://planetarycomputer.microsoft.com/api/stac/v1/collections/sentinel-2-l2a/items/S2B_MSIL2A_20220822T145729_R039_T19LCF_20220823T142834,"[-70.84897,-13.65538589,-69.83066,-12.65763659]",True,,https://sentinel2l2a01.blob.core.windows.net/sentinel2-l2/19/L/CF/2022/08/22/S2B_MSIL2A_20220822T145729_N0400_R039_T19LCF_20220823T142834.SAFE/GRANULE/L2A_T19LCF_A028522_20220822T145726/IMG_DATA/R10m/T19LCF_20220822T145729_B02_10m.tif,https://sentinel2l2a01.blob.core.windows.net/sentinel2-l2/19/L/CF/2022/08/22/S2B_MSIL2A_20220822T145729_N0400_R039_T19LCF_20220823T142834.SAFE/GRANULE/L2A_T19LCF_A028522_20220822T145726/IMG_DATA/R10m/T19LCF_20220822T145729_B03_10m.tif,https://sentinel2l2a01.blob.core.windows.net/sentinel2-l2/19/L/CF/2022/08/22/S2B_MSIL2A_20220822T145729_N0400_R039_T19LCF_20220823T142834.SAFE/GRANULE/L2A_T19LCF_A028522_20220822T145726/IMG_DATA/R10m/T19LCF_20220822T145729_B04_10m.tif,https://sentinel2l2a01.blob.core.windows.net/sentinel2-l2/19/L/CF/2022/08/22/S2B_MSIL2A_20220822T145729_N0400_R039_T19LCF_20220823T142834.SAFE/GRANULE/L2A_T19LCF_A028522_20220822T145726/IMG_DATA/R10m/T19LCF_20220822T145729_B08_10m.tif,https://sentinel2l2a01.blob.core.windows.net/sentinel2-l2/19/L/CF/2022/08/22/S2B_MSIL2A_20220822T145729_N0400_R039_T19LCF_20220823T142834.SAFE/GRANULE/L2A_T19LCF_A028522_20220822T145726/IMG_DATA/R20m/T19LCF_20220822T145729_SCL_20m.tif,,2026-08-09T23:20:24.475049Z,discovered
mining_training_area,dataset_development,2022,2022-06-01,2022-09-30,S2A_MSIL2A_20220728T145741_R039_T19LCF_20220729T214335,2022-07-28T14:57:41.024000Z,14.730121,Sentinel-2A,04.00,32719,sentinel-2-l2a,https://planetarycomputer.microsoft.com/api/stac/v1/collections/sentinel-2-l2a/items/S2A_MSIL2A_20220728T145741_R039_T19LCF_20220729T214335,"[-70.84897,-13.65534729,-69.83066,-12.65763659]",True,,https://sentinel2l2a01.blob.core.windows.net/sentinel2-l2/19/L/CF/2022/07/28/S2A_MSIL2A_20220728T145741_N0400_R039_T19LCF_20220729T214335.SAFE/GRANULE/L2A_T19LCF_A037073_20220728T150430/IMG_DATA/R10m/T19LCF_20220728T145741_B02_10m.tif,https://sentinel2l2a01.blob.core.windows.net/sentinel2-l2/19/L/CF/2022/07/28/S2A_MSIL2A_20220728T145741_N0400_R039_T19LCF_20220729T214335.SAFE/GRANULE/L2A_T19LCF_A037073_20220728T150430/IMG_DATA/R10m/T19LCF_20220728T145741_B03_10m.tif,https://sentinel2l2a01.blob.core.windows.net/sentinel2-l2/19/L/CF/2022/07/28/S2A_MSIL2A_20220728T145741_N0400_R039_T19LCF_20220729T214335.SAFE/GRANULE/L2A_T19LCF_A037073_20220728T150430/IMG_DATA/R10m/T19LCF_20220728T145741_B04_10m.tif,https://sentinel2l2a01.blob.core.windows.net/sentinel2-l2/19/L/CF/2022/07/28/S2A_MSIL2A_20220728T145741_N0400_R039_T19LCF_20220729T214335.SAFE/GRANULE/L2A_T19LCF_A037073_20220728T150430/IMG_DATA/R10m/T19LCF_20220728T145741_B08_10m.tif,https://sentinel2l2a01.blob.core.windows.net/sentinel2-l2/19/L/CF/2022/07/28/S2A_MSIL2A_20220728T145741_N0400_R039_T19LCF_20220729T214335.SAFE/GRANULE/L2A_T19LCF_A037073_20220728T150430/IMG_DATA/R20m/T19LCF_20220728T145741_SCL_20m.tif,,2026-08-09T23:20:24.475049Z,discovered
mining_training_area,dataset_development,2022,2022-06-01,2022-09-30,S2B_MSIL2A_20220613T145729_R039_T19LCF_20220614T100200,2022-06-13T14:57:29.024000Z,0.42632,Sentinel-2B,04.00,32719,sentinel-2-l2a,https://planetarycomputer.microsoft.com/api/stac/v1/collections/sentinel-2-l2a/items/S2B_MSIL2A_20220613T145729_R039_T19LCF_20220614T100200,"[-70.8489584,-13.65525815,-69.830652,-12.65763659]",True,,https://sentinel2l2a01.blob.core.windows.net/sentinel2-l2/19/L/CF/2022/06/13/S2B_MSIL2A_20220613T145729_N0400_R039_T19LCF_20220614T100200.SAFE/GRANULE/L2A_T19LCF_A027521_20220613T145913/IMG_DATA/R10m/T19LCF_20220613T145729_B02_10m.tif,https://sentinel2l2a01.blob.core.windows.net/sentinel2-l2/19/L/CF/2022/06/13/S2B_MSIL2A_20220613T145729_N0400_R039_T19LCF_20220614T100200.SAFE/GRANULE/L2A_T19LCF_A027521_20220613T145913/IMG_DATA/R10m/T19LCF_20220613T145729_B03_10m.tif,https://sentinel2l2a01.blob.core.windows.net/sentinel2-l2/19/L/CF/2022/06/13/S2B_MSIL2A_20220613T145729_N0400_R039_T19LCF_20220614T100200.SAFE/GRANULE/L2A_T19LCF_A027521_20220613T145913/IMG_DATA/R10m/T19LCF_20220613T145729_B04_10m.tif,https://sentinel2l2a01.blob.core.windows.net/sentinel2-l2/19/L/CF/2022/06/13/S2B_MSIL2A_20220613T145729_N0400_R039_T19LCF_20220614T100200.SAFE/GRANULE/L2A_T19LCF_A027521_20220613T145913/IMG_DATA/R10m/T19LCF_20220613T145729_B08_10m.tif,https://sentinel2l2a01.blob.core.windows.net/sentinel2-l2/19/L/CF/2022/06/13/S2B_MSIL2A_20220613T145729_N0400_R039_T19LCF_20220614T100200.SAFE/GRANULE/L2A_T19LCF_A027521_20220613T145913/IMG_DATA/R20m/T19LCF_20220613T145729_SCL_20m.tif,,2026-08-09T23:20:24.475049Z,discovered
laberinto_development,dataset_development,2018,2018-06-01,2018-09-30,S2B_MSIL2A_20180929T144729_R139_T19LDG_20201009T062150,2018-09-29T14:47:29.024000Z,6.861087,Sentinel-2B,02.12,32719,sentinel-2-l2a,https://planetarycomputer.microsoft.com/api/stac/v1/collections/sentinel-2-l2a/items/S2B_MSIL2A_20180929T144729_R139_T19LDG_20201009T062150,"[-69.92157,-12.75243146859007,-68.910095,-11.75835328008711]",True,,https://sentinel2l2a01.blob.core.windows.net/sentinel2-l2/19/L/DG/2018/09/29/S2B_MSIL2A_20180929T144729_N0212_R139_T19LDG_20201009T062150.SAFE/GRANULE/L2A_T19LDG_A008173_20180929T145000/IMG_DATA/R10m/T19LDG_20180929T144729_B02_10m.tif,https://sentinel2l2a01.blob.core.windows.net/sentinel2-l2/19/L/DG/2018/09/29/S2B_MSIL2A_20180929T144729_N0212_R139_T19LDG_20201009T062150.SAFE/GRANULE/L2A_T19LDG_A008173_20180929T145000/IMG_DATA/R10m/T19LDG_20180929T144729_B03_10m.tif,https://sentinel2l2a01.blob.core.windows.net/sentinel2-l2/19/L/DG/2018/09/29/S2B_MSIL2A_20180929T144729_N0212_R139_T19LDG_20201009T062150.SAFE/GRANULE/L2A_T19LDG_A008173_20180929T145000/IMG_DATA/R10m/T19LDG_20180929T144729_B04_10m.tif,https://sentinel2l2a01.blob.core.windows.net/sentinel2-l2/19/L/DG/2018/09/29/S2B_MSIL2A_20180929T144729_N0212_R139_T19LDG_20201009T062150.SAFE/GRANULE/L2A_T19LDG_A008173_20180929T145000/IMG_DATA/R10m/T19LDG_20180929T144729_B08_10m.tif,https://sentinel2l2a01.blob.core.windows.net/sentinel2-l2/19/L/DG/2018/09/29/S2B_MSIL2A_20180929T144729_N0212_R139_T19LDG_20201009T062150.SAFE/GRANULE/L2A_T19LDG_A008173_20180929T145000/IMG_DATA/R20m/T19LDG_20180929T144729_SCL_20m.tif,,2026-08-09T23:20:24.475049Z,discovered
laberinto_development,dataset_development,2018,2018-06-01,2018-09-30,S2B_MSIL2A_20180912T145719_R039_T19LDG_20201009T003248,2018-09-12T14:57:19.024000Z,0.103939,Sentinel-2B,02.12,32719,sentinel-2-l2a,https://planetarycomputer.microsoft.com/api/stac/v1/collections/sentinel-2-l2a/items/S2B_MSIL2A_20180912T145719_R039_T19LDG_20201009T003248,"[-69.92157,-12.751269085372673,-69.42975,-11.758024163247033]",True,,https://sentinel2l2a01.blob.core.windows.net/sentinel2-l2/19/L/DG/2018/09/12/S2B_MSIL2A_20180912T145719_N0212_R039_T19LDG_20201009T003248.SAFE/GRANULE/L2A_T19LDG_A007930_20180912T145825/IMG_DATA/R10m/T19LDG_20180912T145719_B02_10m.tif,https://sentinel2l2a01.blob.core.windows.net/sentinel2-l2/19/L/DG/2018/09/12/S2B_MSIL2A_20180912T145719_N0212_R039_T19LDG_20201009T003248.SAFE/GRANULE/L2A_T19LDG_A007930_20180912T145825/IMG_DATA/R10m/T19LDG_20180912T145719_B03_10m.tif,https://sentinel2l2a01.blob.core.windows.net/sentinel2-l2/19/L/DG/2018/09/12/S2B_MSIL2A_20180912T145719_N0212_R039_T19LDG_20201009T003248.SAFE/GRANULE/L2A_T19LDG_A007930_20180912T145825/IMG_DATA/R10m/T19LDG_20180912T145719_B04_10m.tif,https://sentinel2l2a01.blob.core.windows.net/sentinel2-l2/19/L/DG/2018/09/12/S2B_MSIL2A_20180912T145719_N0212_R039_T19LDG_20201009T003248.SAFE/GRANULE/L2A_T19LDG_A007930_20180912T145825/IMG_DATA/R10m/T19LDG_20180912T145719_B08_10m.tif,https://sentinel2l2a01.blob.core.windows.net/sentinel2-l2/19/L/DG/2018/09/12/S2B_MSIL2A_20180912T145719_N0212_R039_T19LDG_20201009T003248.SAFE/GRANULE/L2A_T19LDG_A007930_20180912T145825/IMG_DATA/R20m/T19LDG_20180912T145719_SCL_20m.tif,,2026-08-09T23:20:24.475049Z,discovered
laberinto_development,dataset_development,2018,2018-06-01,2018-09-30,S2B_MSIL2A_20180909T144719_R139_T19LDG_20201008T232544,2018-09-09T14:47:19.024000Z,0.083925,Sentinel-2B,02.12,32719,sentinel-2-l2a,https://planetarycomputer.microsoft.com/api/stac/v1/collections/sentinel-2-l2a/items/S2B_MSIL2A_20180909T144719_R139_T19LDG_20201008T232544,"[-69.911194,-12.75243146859007,-68.910095,-11.758369857433273]",True,,https://sentinel2l2a01.blob.core.windows.net/sentinel2-l2/19/L/DG/2018/09/09/S2B_MSIL2A_20180909T144719_N0212_R139_T19LDG_20201008T232544.SAFE/GRANULE/L2A_T19LDG_A007887_20180909T145159/IMG_DATA/R10m/T19LDG_20180909T144719_B02_10m.tif,https://sentinel2l2a01.blob.core.windows.net/sentinel2-l2/19/L/DG/2018/09/09/S2B_MSIL2A_20180909T144719_N0212_R139_T19LDG_20201008T232544.SAFE/GRANULE/L2A_T19LDG_A007887_20180909T145159/IMG_DATA/R10m/T19LDG_20180909T144719_B03_10m.tif,https://sentinel2l2a01.blob.core.windows.net/sentinel2-l2/19/L/DG/2018/09/09/S2B_MSIL2A_20180909T144719_N0212_R139_T19LDG_20201008T232544.SAFE/GRANULE/L2A_T19LDG_A007887_20180909T145159/IMG_DATA/R10m/T19LDG_20180909T144719_B04_10m.tif,https://sentinel2l2a01.blob.core.windows.net/sentinel2-l2/19/L/DG/2018/09/09/S2B_MSIL2A_20180909T144719_N0212_R139_T19LDG_20201008T232544.SAFE/GRANULE/L2A_T19LDG_A007887_20180909T145159/IMG_DATA/R10m/T19LDG_20180909T144719_B08_10m.tif,https://sentinel2l2a01.blob.core.windows.net/sentinel2-l2/19/L/DG/2018/09/09/S2B_MSIL2A_20180909T144719_N0212_R139_T19LDG_20201008T232544.SAFE/GRANULE/L2A_T19LDG_A007887_20180909T145159/IMG_DATA/R20m/T19LDG_20180909T144719_SCL_20m.tif,,2026-08-09T23:20:24.475049Z,discovered
laberinto_development,dataset_development,2018,2018-06-01,2018-09-30,S2A_MSIL2A_20180907T145721_R039_T19LDG_20201011T093952,2018-09-07T14:57:21.024000Z,0.058638,Sentinel-2A,02.12,32719,sentinel-2-l2a,https://planetarycomputer.microsoft.com/api/stac/v1/collections/sentinel-2-l2a/items/S2A_MSIL2A_20180907T145721_R039_T19LDG_20201011T093952,"[-69.92157,-12.75124559575609,-69.444214,-11.758024163247033]",True,,https://sentinel2l2a01.blob.core.windows.net/sentinel2-l2/19/L/DG/2018/09/07/S2A_MSIL2A_20180907T145721_N0212_R039_T19LDG_20201011T093952.SAFE/GRANULE/L2A_T19LDG_A016767_20180907T150208/IMG_DATA/R10m/T19LDG_20180907T145721_B02_10m.tif,https://sentinel2l2a01.blob.core.windows.net/sentinel2-l2/19/L/DG/2018/09/07/S2A_MSIL2A_20180907T145721_N0212_R039_T19LDG_20201011T093952.SAFE/GRANULE/L2A_T19LDG_A016767_20180907T150208/IMG_DATA/R10m/T19LDG_20180907T145721_B03_10m.tif,https://sentinel2l2a01.blob.core.windows.net/sentinel2-l2/19/L/DG/2018/09/07/S2A_MSIL2A_20180907T145721_N0212_R039_T19LDG_20201011T093952.SAFE/GRANULE/L2A_T19LDG_A016767_20180907T150208/IMG_DATA/R10m/T19LDG_20180907T145721_B04_10m.tif,https://sentinel2l2a01.blob.core.windows.net/sentinel2-l2/19/L/DG/2018/09/07/S2A_MSIL2A_20180907T145721_N0212_R039_T19LDG_20201011T093952.SAFE/GRANULE/L2A_T19LDG_A016767_20180907T150208/IMG_DATA/R10m/T19LDG_20180907T145721_B08_10m.tif,https://sentinel2l2a01.blob.core.windows.net/sentinel2-l2/19/L/DG/2018/09/07/S2A_MSIL2A_20180907T145721_N0212_R039_T19LDG_20201011T093952.SAFE/GRANULE/L2A_T19LDG_A016767_20180907T150208/IMG_DATA/R20m/T19LDG_20180907T145721_SCL_20m.tif,,2026-08-09T23:20:24.475049Z,discovered
laberinto_development,dataset_development,2018,2018-06-01,2018-09-30,S2A_MSIL2A_20180904T144731_R139_T19LDG_20201011T082931,2018-09-04T14:47:31.024000Z,0.098344,Sentinel-2A,02.12,32719,sentinel-2-l2a,https://planetarycomputer.microsoft.com/api/stac/v1/collections/sentinel-2-l2a/items/S2A_MSIL2A_20180904T144731_R139_T19LDG_20201011T082931,"[-69.92157,-12.75243146859007,-68.910095,-11.75834989259188]",True,,https://sentinel2l2a01.blob.core.windows.net/sentinel2-l2/19/L/DG/2018/09/04/S2A_MSIL2A_20180904T144731_N0212_R139_T19LDG_20201011T082931.SAFE/GRANULE/L2A_T19LDG_A016724_20180904T144728/IMG_DATA/R10m/T19LDG_20180904T144731_B02_10m.tif,https://sentinel2l2a01.blob.core.windows.net/sentinel2-l2/19/L/DG/2018/09/04/S2A_MSIL2A_20180904T144731_N0212_R139_T19LDG_20201011T082931.SAFE/GRANULE/L2A_T19LDG_A016724_20180904T144728/IMG_DATA/R10m/T19LDG_20180904T144731_B03_10m.tif,https://sentinel2l2a01.blob.core.windows.net/sentinel2-l2/19/L/DG/2018/09/04/S2A_MSIL2A_20180904T144731_N0212_R139_T19LDG_20201011T082931.SAFE/GRANULE/L2A_T19LDG_A016724_20180904T144728/IMG_DATA/R10m/T19LDG_20180904T144731_B04_10m.tif,https://sentinel2l2a01.blob.core.windows.net/sentinel2-l2/19/L/DG/2018/09/04/S2A_MSIL2A_20180904T144731_N0212_R139_T19LDG_20201011T082931.SAFE/GRANULE/L2A_T19LDG_A016724_20180904T144728/IMG_DATA/R10m/T19LDG_20180904T144731_B08_10m.tif,https://sentinel2l2a01.blob.core.windows.net/sentinel2-l2/19/L/DG/2018/09/04/S2A_MSIL2A_20180904T144731_N0212_R139_T19LDG_20201011T082931.SAFE/GRANULE/L2A_T19LDG_A016724_20180904T144728/IMG_DATA/R20m/T19LDG_20180904T144731_SCL_20m.tif,,2026-08-09T23:20:24.475049Z,discovered
laberinto_development,dataset_development,2018,2018-06-01,2018-09-30,S2B_MSIL2A_20180830T144719_R139_T19LDG_20201103T163533,2018-08-30T14:47:19.024000Z,0.06888,Sentinel-2B,02.12,32719,sentinel-2-l2a,https://planetarycomputer.microsoft.com/api/stac/v1/collections/sentinel-2-l2a/items/S2B_MSIL2A_20180830T144719_R139_T19LDG_20201103T163533,"[-69.90275282591124,-12.75243146859007,-68.91008576435848,-11.758382257552325]",True,,https://sentinel2l2a01.blob.core.windows.net/sentinel2-l2/19/L/DG/2018/08/30/S2B_MSIL2A_20180830T144719_N0212_R139_T19LDG_20201103T163533.SAFE/GRANULE/L2A_T19LDG_A007744_20180830T144952/IMG_DATA/R10m/T19LDG_20180830T144719_B02_10m.tif,https://sentinel2l2a01.blob.core.windows.net/sentinel2-l2/19/L/DG/2018/08/30/S2B_MSIL2A_20180830T144719_N0212_R139_T19LDG_20201103T163533.SAFE/GRANULE/L2A_T19LDG_A007744_20180830T144952/IMG_DATA/R10m/T19LDG_20180830T144719_B03_10m.tif,https://sentinel2l2a01.blob.core.windows.net/sentinel2-l2/19/L/DG/2018/08/30/S2B_MSIL2A_20180830T144719_N0212_R139_T19LDG_20201103T163533.SAFE/GRANULE/L2A_T19LDG_A007744_20180830T144952/IMG_DATA/R10m/T19LDG_20180830T144719_B04_10m.tif,https://sentinel2l2a01.blob.core.windows.net/sentinel2-l2/19/L/DG/2018/08/30/S2B_MSIL2A_20180830T144719_N0212_R139_T19LDG_20201103T163533.SAFE/GRANULE/L2A_T19LDG_A007744_20180830T144952/IMG_DATA/R10m/T19LDG_20180830T144719_B08_10m.tif,https://sentinel2l2a01.blob.core.windows.net/sentinel2-l2/19/L/DG/2018/08/30/S2B_MSIL2A_20180830T144719_N0212_R139_T19LDG_20201103T163533.SAFE/GRANULE/L2A_T19LDG_A007744_20180830T144952/IMG_DATA/R20m/T19LDG_20180830T144719_SCL_20m.tif,,2026-08-09T23:20:24.475049Z,discovered
laberinto_development,dataset_development,2018,2018-06-01,2018-09-30,S2A_MSIL2A_20180828T145721_R039_T19LDG_20201027T054512,2018-08-28T14:57:21.024000Z,0.043926,Sentinel-2A,02.12,32719,sentinel-2-l2a,https://planetarycomputer.microsoft.com/api/stac/v1/collections/sentinel-2-l2a/items/S2A_MSIL2A_20180828T145721_R039_T19LDG_20201027T054512,"[-69.92157939546132,-12.751248835834842,-69.44219521952279,-11.758024163247033]",True,,https://sentinel2l2a01.blob.core.windows.net/sentinel2-l2/19/L/DG/2018/08/28/S2A_MSIL2A_20180828T145721_N0212_R039_T19LDG_20201027T054512.SAFE/GRANULE/L2A_T19LDG_A016624_20180828T145854/IMG_DATA/R10m/T19LDG_20180828T145721_B02_10m.tif,https://sentinel2l2a01.blob.core.windows.net/sentinel2-l2/19/L/DG/2018/08/28/S2A_MSIL2A_20180828T145721_N0212_R039_T19LDG_20201027T054512.SAFE/GRANULE/L2A_T19LDG_A016624_20180828T145854/IMG_DATA/R10m/T19LDG_20180828T145721_B03_10m.tif,https://sentinel2l2a01.blob.core.windows.net/sentinel2-l2/19/L/DG/2018/08/28/S2A_MSIL2A_20180828T145721_N0212_R039_T19LDG_20201027T054512.SAFE/GRANULE/L2A_T19LDG_A016624_20180828T145854/IMG_DATA/R10m/T19LDG_20180828T145721_B04_10m.tif,https://sentinel2l2a01.blob.core.windows.net/sentinel2-l2/19/L/DG/2018/08/28/S2A_MSIL2A_20180828T145721_N0212_R039_T19LDG_20201027T054512.SAFE/GRANULE/L2A_T19LDG_A016624_20180828T145854/IMG_DATA/R10m/T19LDG_20180828T145721_B08_10m.tif,https://sentinel2l2a01.blob.core.windows.net/sentinel2-l2/19/L/DG/2018/08/28/S2A_MSIL2A_20180828T145721_N0212_R039_T19LDG_20201027T054512.SAFE/GRANULE/L2A_T19LDG_A016624_20180828T145854/IMG_DATA/R20m/T19LDG_20180828T145721_SCL_20m.tif,,2026-08-09T23:20:24.475049Z,discovered
laberinto_development,dataset_development,2018,2018-06-01,2018-09-30,S2A_MSIL2A_20180825T144731_R139_T19LDG_20201011T064550,2018-08-25T14:47:31.024000Z,0.385414,Sentinel-2A,02.12,32719,sentinel-2-l2a,https://planetarycomputer.microsoft.com/api/stac/v1/collections/sentinel-2-l2a/items/S2A_MSIL2A_20180825T144731_R139_T19LDG_20201011T064550,"[-69.92157,-12.75243146859007,-68.910095,-11.758352372823085]",True,,https://sentinel2l2a01.blob.core.windows.net/sentinel2-l2/19/L/DG/2018/08/25/S2A_MSIL2A_20180825T144731_N0212_R139_T19LDG_20201011T064550.SAFE/GRANULE/L2A_T19LDG_A016581_20180825T145457/IMG_DATA/R10m/T19LDG_20180825T144731_B02_10m.tif,https://sentinel2l2a01.blob.core.windows.net/sentinel2-l2/19/L/DG/2018/08/25/S2A_MSIL2A_20180825T144731_N0212_R139_T19LDG_20201011T064550.SAFE/GRANULE/L2A_T19LDG_A016581_20180825T145457/IMG_DATA/R10m/T19LDG_20180825T144731_B03_10m.tif,https://sentinel2l2a01.blob.core.windows.net/sentinel2-l2/19/L/DG/2018/08/25/S2A_MSIL2A_20180825T144731_N0212_R139_T19LDG_20201011T064550.SAFE/GRANULE/L2A_T19LDG_A016581_20180825T145457/IMG_DATA/R10m/T19LDG_20180825T144731_B04_10m.tif,https://sentinel2l2a01.blob.core.windows.net/sentinel2-l2/19/L/DG/2018/08/25/S2A_MSIL2A_20180825T144731_N0212_R139_T19LDG_20201011T064550.SAFE/GRANULE/L2A_T19LDG_A016581_20180825T145457/IMG_DATA/R10m/T19LDG_20180825T144731_B08_10m.tif,https://sentinel2l2a01.blob.core.windows.net/sentinel2-l2/19/L/DG/2018/08/25/S2A_MSIL2A_20180825T144731_N0212_R139_T19LDG_20201011T064550.SAFE/GRANULE/L2A_T19LDG_A016581_20180825T145457/IMG_DATA/R20m/T19LDG_20180825T144731_SCL_20m.tif,,2026-08-09T23:20:24.475049Z,discovered
laberinto_development,dataset_development,2018,2018-06-01,2018-09-30,S2B_MSIL2A_20180823T145719_R039_T19LDG_20201011T060425,2018-08-23T14:57:19.024000Z,0.118946,Sentinel-2B,02.12,32719,sentinel-2-l2a,https://planetarycomputer.microsoft.com/api/stac/v1/collections/sentinel-2-l2a/items/S2B_MSIL2A_20180823T145719_R039_T19LDG_20201011T060425,"[-69.92157,-12.751279648767975,-69.42294,-11.758024163247033]",True,,https://sentinel2l2a01.blob.core.windows.net/sentinel2-l2/19/L/DG/2018/08/23/S2B_MSIL2A_20180823T145719_N0212_R039_T19LDG_20201011T060425.SAFE/GRANULE/L2A_T19LDG_A007644_20180823T150245/IMG_DATA/R10m/T19LDG_20180823T145719_B02_10m.tif,https://sentinel2l2a01.blob.core.windows.net/sentinel2-l2/19/L/DG/2018/08/23/S2B_MSIL2A_20180823T145719_N0212_R039_T19LDG_20201011T060425.SAFE/GRANULE/L2A_T19LDG_A007644_20180823T150245/IMG_DATA/R10m/T19LDG_20180823T145719_B03_10m.tif,https://sentinel2l2a01.blob.core.windows.net/sentinel2-l2/19/L/DG/2018/08/23/S2B_MSIL2A_20180823T145719_N0212_R039_T19LDG_20201011T060425.SAFE/GRANULE/L2A_T19LDG_A007644_20180823T150245/IMG_DATA/R10m/T19LDG_20180823T145719_B04_10m.tif,https://sentinel2l2a01.blob.core.windows.net/sentinel2-l2/19/L/DG/2018/08/23/S2B_MSIL2A_20180823T145719_N0212_R039_T19LDG_20201011T060425.SAFE/GRANULE/L2A_T19LDG_A007644_20180823T150245/IMG_DATA/R10m/T19LDG_20180823T145719_B08_10m.tif,https://sentinel2l2a01.blob.core.windows.net/sentinel2-l2/19/L/DG/2018/08/23/S2B_MSIL2A_20180823T145719_N0212_R039_T19LDG_20201011T060425.SAFE/GRANULE/L2A_T19LDG_A007644_20180823T150245/IMG_DATA/R20m/T19LDG_20180823T145719_SCL_20m.tif,,2026-08-09T23:20:24.475049Z,discovered
laberinto_development,dataset_development,2018,2018-06-01,2018-09-30,S2A_MSIL2A_20180818T145721_R039_T19LDG_20201011T032856,2018-08-18T14:57:21.024000Z,0.295577,Sentinel-2A,02.12,32719,sentinel-2-l2a,https://planetarycomputer.microsoft.com/api/stac/v1/collections/sentinel-2-l2a/items/S2A_MSIL2A_20180818T145721_R039_T19LDG_20201011T032856,"[-69.92157,-12.751252528703262,-69.44003,-11.758024163247033]",True,,https://sentinel2l2a01.blob.core.windows.net/sentinel2-l2/19/L/DG/2018/08/18/S2A_MSIL2A_20180818T145721_N0212_R039_T19LDG_20201011T032856.SAFE/GRANULE/L2A_T19LDG_A016481_20180818T150209/IMG_DATA/R10m/T19LDG_20180818T145721_B02_10m.tif,https://sentinel2l2a01.blob.core.windows.net/sentinel2-l2/19/L/DG/2018/08/18/S2A_MSIL2A_20180818T145721_N0212_R039_T19LDG_20201011T032856.SAFE/GRANULE/L2A_T19LDG_A016481_20180818T150209/IMG_DATA/R10m/T19LDG_20180818T145721_B03_10m.tif,https://sentinel2l2a01.blob.core.windows.net/sentinel2-l2/19/L/DG/2018/08/18/S2A_MSIL2A_20180818T145721_N0212_R039_T19LDG_20201011T032856.SAFE/GRANULE/L2A_T19LDG_A016481_20180818T150209/IMG_DATA/R10m/T19LDG_20180818T145721_B04_10m.tif,https://sentinel2l2a01.blob.core.windows.net/sentinel2-l2/19/L/DG/2018/08/18/S2A_MSIL2A_20180818T145721_N0212_R039_T19LDG_20201011T032856.SAFE/GRANULE/L2A_T19LDG_A016481_20180818T150209/IMG_DATA/R10m/T19LDG_20180818T145721_B08_10m.tif,https://sentinel2l2a01.blob.core.windows.net/sentinel2-l2/19/L/DG/2018/08/18/S2A_MSIL2A_20180818T145721_N0212_R039_T19LDG_20201011T032856.SAFE/GRANULE/L2A_T19LDG_A016481_20180818T150209/IMG_DATA/R20m/T19LDG_20180818T145721_SCL_20m.tif,,2026-08-09T23:20:24.475049Z,discovered
laberinto_development,dataset_development,2018,2018-06-01,2018-09-30,S2B_MSIL2A_20180813T145719_R039_T19LDG_20201011T012220,2018-08-13T14:57:19.024000Z,0.0826,Sentinel-2B,02.12,32719,sentinel-2-l2a,https://planetarycomputer.microsoft.com/api/stac/v1/collections/sentinel-2-l2a/items/S2B_MSIL2A_20180813T145719_R039_T19LDG_20201011T012220,"[-69.92157,-12.751273870921663,-69.42706,-11.758024163247033]",True,,https://sentinel2l2a01.blob.core.windows.net/sentinel2-l2/19/L/DG/2018/08/13/S2B_MSIL2A_20180813T145719_N0212_R039_T19LDG_20201011T012220.SAFE/GRANULE/L2A_T19LDG_A007501_20180813T150106/IMG_DATA/R10m/T19LDG_20180813T145719_B02_10m.tif,https://sentinel2l2a01.blob.core.windows.net/sentinel2-l2/19/L/DG/2018/08/13/S2B_MSIL2A_20180813T145719_N0212_R039_T19LDG_20201011T012220.SAFE/GRANULE/L2A_T19LDG_A007501_20180813T150106/IMG_DATA/R10m/T19LDG_20180813T145719_B03_10m.tif,https://sentinel2l2a01.blob.core.windows.net/sentinel2-l2/19/L/DG/2018/08/13/S2B_MSIL2A_20180813T145719_N0212_R039_T19LDG_20201011T012220.SAFE/GRANULE/L2A_T19LDG_A007501_20180813T150106/IMG_DATA/R10m/T19LDG_20180813T145719_B04_10m.tif,https://sentinel2l2a01.blob.core.windows.net/sentinel2-l2/19/L/DG/2018/08/13/S2B_MSIL2A_20180813T145719_N0212_R039_T19LDG_20201011T012220.SAFE/GRANULE/L2A_T19LDG_A007501_20180813T150106/IMG_DATA/R10m/T19LDG_20180813T145719_B08_10m.tif,https://sentinel2l2a01.blob.core.windows.net/sentinel2-l2/19/L/DG/2018/08/13/S2B_MSIL2A_20180813T145719_N0212_R039_T19LDG_20201011T012220.SAFE/GRANULE/L2A_T19LDG_A007501_20180813T150106/IMG_DATA/R20m/T19LDG_20180813T145719_SCL_20m.tif,,2026-08-09T23:20:24.475049Z,discovered
laberinto_development,dataset_development,2018,2018-06-01,2018-09-30,S2B_MSIL2A_20180810T144729_R139_T19LDG_20201011T000046,2018-08-10T14:47:29.024000Z,1.377127,Sentinel-2B,02.12,32719,sentinel-2-l2a,https://planetarycomputer.microsoft.com/api/stac/v1/collections/sentinel-2-l2a/items/S2B_MSIL2A_20180810T144729_R139_T19LDG_20201011T000046,"[-69.91174,-12.75243146859007,-68.910095,-11.758368731990432]",True,,https://sentinel2l2a01.blob.core.windows.net/sentinel2-l2/19/L/DG/2018/08/10/S2B_MSIL2A_20180810T144729_N0212_R139_T19LDG_20201011T000046.SAFE/GRANULE/L2A_T19LDG_A007458_20180810T144802/IMG_DATA/R10m/T19LDG_20180810T144729_B02_10m.tif,https://sentinel2l2a01.blob.core.windows.net/sentinel2-l2/19/L/DG/2018/08/10/S2B_MSIL2A_20180810T144729_N0212_R139_T19LDG_20201011T000046.SAFE/GRANULE/L2A_T19LDG_A007458_20180810T144802/IMG_DATA/R10m/T19LDG_20180810T144729_B03_10m.tif,https://sentinel2l2a01.blob.core.windows.net/sentinel2-l2/19/L/DG/2018/08/10/S2B_MSIL2A_20180810T144729_N0212_R139_T19LDG_20201011T000046.SAFE/GRANULE/L2A_T19LDG_A007458_20180810T144802/IMG_DATA/R10m/T19LDG_20180810T144729_B04_10m.tif,https://sentinel2l2a01.blob.core.windows.net/sentinel2-l2/19/L/DG/2018/08/10/S2B_MSIL2A_20180810T144729_N0212_R139_T19LDG_20201011T000046.SAFE/GRANULE/L2A_T19LDG_A007458_20180810T144802/IMG_DATA/R10m/T19LDG_20180810T144729_B08_10m.tif,https://sentinel2l2a01.blob.core.windows.net/sentinel2-l2/19/L/DG/2018/08/10/S2B_MSIL2A_20180810T144729_N0212_R139_T19LDG_20201011T000046.SAFE/GRANULE/L2A_T19LDG_A007458_20180810T144802/IMG_DATA/R20m/T19LDG_20180810T144729_SCL_20m.tif,,2026-08-09T23:20:24.475049Z,discovered
laberinto_development,dataset_development,2018,2018-06-01,2018-09-30,S2A_MSIL2A_20180726T144731_R139_T19LDG_20201011T201334,2018-07-26T14:47:31.024000Z,0.288017,Sentinel-2A,02.12,32719,sentinel-2-l2a,https://planetarycomputer.microsoft.com/api/stac/v1/collections/sentinel-2-l2a/items/S2A_MSIL2A_20180726T144731_R139_T19LDG_20201011T201334,"[-69.9213814404313,-12.75243146859007,-68.91008576435848,-11.758355043289775]",True,,https://sentinel2l2a01.blob.core.windows.net/sentinel2-l2/19/L/DG/2018/07/26/S2A_MSIL2A_20180726T144731_N0212_R139_T19LDG_20201011T201334.SAFE/GRANULE/L2A_T19LDG_A016152_20180726T145459/IMG_DATA/R10m/T19LDG_20180726T144731_B02_10m.tif,https://sentinel2l2a01.blob.core.windows.net/sentinel2-l2/19/L/DG/2018/07/26/S2A_MSIL2A_20180726T144731_N0212_R139_T19LDG_20201011T201334.SAFE/GRANULE/L2A_T19LDG_A016152_20180726T145459/IMG_DATA/R10m/T19LDG_20180726T144731_B03_10m.tif,https://sentinel2l2a01.blob.core.windows.net/sentinel2-l2/19/L/DG/2018/07/26/S2A_MSIL2A_20180726T144731_N0212_R139_T19LDG_20201011T201334.SAFE/GRANULE/L2A_T19LDG_A016152_20180726T145459/IMG_DATA/R10m/T19LDG_20180726T144731_B04_10m.tif,https://sentinel2l2a01.blob.core.windows.net/sentinel2-l2/19/L/DG/2018/07/26/S2A_MSIL2A_20180726T144731_N0212_R139_T19LDG_20201011T201334.SAFE/GRANULE/L2A_T19LDG_A016152_20180726T145459/IMG_DATA/R10m/T19LDG_20180726T144731_B08_10m.tif,https://sentinel2l2a01.blob.core.windows.net/sentinel2-l2/19/L/DG/2018/07/26/S2A_MSIL2A_20180726T144731_N0212_R139_T19LDG_20201011T201334.SAFE/GRANULE/L2A_T19LDG_A016152_20180726T145459/IMG_DATA/R20m/T19LDG_20180726T144731_SCL_20m.tif,,2026-08-09T23:20:24.475049Z,discovered
laberinto_development,dataset_development,2018,2018-06-01,2018-09-30,S2B_MSIL2A_20180724T145729_R039_T19LDG_20201011T193833,2018-07-24T14:57:29.024000Z,1.311221,Sentinel-2B,02.12,32719,sentinel-2-l2a,https://planetarycomputer.microsoft.com/api/stac/v1/collections/sentinel-2-l2a/items/S2B_MSIL2A_20180724T145729_R039_T19LDG_20201011T193833,"[-69.92157939546132,-12.75126249147549,-69.43435467679717,-11.758024163247033]",True,,https://sentinel2l2a01.blob.core.windows.net/sentinel2-l2/19/L/DG/2018/07/24/S2B_MSIL2A_20180724T145729_N0212_R039_T19LDG_20201011T193833.SAFE/GRANULE/L2A_T19LDG_A007215_20180724T145951/IMG_DATA/R10m/T19LDG_20180724T145729_B02_10m.tif,https://sentinel2l2a01.blob.core.windows.net/sentinel2-l2/19/L/DG/2018/07/24/S2B_MSIL2A_20180724T145729_N0212_R039_T19LDG_20201011T193833.SAFE/GRANULE/L2A_T19LDG_A007215_20180724T145951/IMG_DATA/R10m/T19LDG_20180724T145729_B03_10m.tif,https://sentinel2l2a01.blob.core.windows.net/sentinel2-l2/19/L/DG/2018/07/24/S2B_MSIL2A_20180724T145729_N0212_R039_T19LDG_20201011T193833.SAFE/GRANULE/L2A_T19LDG_A007215_20180724T145951/IMG_DATA/R10m/T19LDG_20180724T145729_B04_10m.tif,https://sentinel2l2a01.blob.core.windows.net/sentinel2-l2/19/L/DG/2018/07/24/S2B_MSIL2A_20180724T145729_N0212_R039_T19LDG_20201011T193833.SAFE/GRANULE/L2A_T19LDG_A007215_20180724T145951/IMG_DATA/R10m/T19LDG_20180724T145729_B08_10m.tif,https://sentinel2l2a01.blob.core.windows.net/sentinel2-l2/19/L/DG/2018/07/24/S2B_MSIL2A_20180724T145729_N0212_R039_T19LDG_20201011T193833.SAFE/GRANULE/L2A_T19LDG_A007215_20180724T145951/IMG_DATA/R20m/T19LDG_20180724T145729_SCL_20m.tif,,2026-08-09T23:20:24.475049Z,discovered
laberinto_development,dataset_development,2018,2018-06-01,2018-09-30,S2A_MSIL2A_20180719T145731_R039_T19LDG_20201011T173128,2018-07-19T14:57:31.024000Z,1.540556,Sentinel-2A,02.12,32719,sentinel-2-l2a,https://planetarycomputer.microsoft.com/api/stac/v1/collections/sentinel-2-l2a/items/S2A_MSIL2A_20180719T145731_R039_T19LDG_20201011T173128,"[-69.92157939546132,-12.751255045998036,-69.43904673995557,-11.758024163247033]",True,,https://sentinel2l2a01.blob.core.windows.net/sentinel2-l2/19/L/DG/2018/07/19/S2A_MSIL2A_20180719T145731_N0212_R039_T19LDG_20201011T173128.SAFE/GRANULE/L2A_T19LDG_A016052_20180719T150016/IMG_DATA/R10m/T19LDG_20180719T145731_B02_10m.tif,https://sentinel2l2a01.blob.core.windows.net/sentinel2-l2/19/L/DG/2018/07/19/S2A_MSIL2A_20180719T145731_N0212_R039_T19LDG_20201011T173128.SAFE/GRANULE/L2A_T19LDG_A016052_20180719T150016/IMG_DATA/R10m/T19LDG_20180719T145731_B03_10m.tif,https://sentinel2l2a01.blob.core.windows.net/sentinel2-l2/19/L/DG/2018/07/19/S2A_MSIL2A_20180719T145731_N0212_R039_T19LDG_20201011T173128.SAFE/GRANULE/L2A_T19LDG_A016052_20180719T150016/IMG_DATA/R10m/T19LDG_20180719T145731_B04_10m.tif,https://sentinel2l2a01.blob.core.windows.net/sentinel2-l2/19/L/DG/2018/07/19/S2A_MSIL2A_20180719T145731_N0212_R039_T19LDG_20201011T173128.SAFE/GRANULE/L2A_T19LDG_A016052_20180719T150016/IMG_DATA/R10m/T19LDG_20180719T145731_B08_10m.tif,https://sentinel2l2a01.blob.core.windows.net/sentinel2-l2/19/L/DG/2018/07/19/S2A_MSIL2A_20180719T145731_N0212_R039_T19LDG_20201011T173128.SAFE/GRANULE/L2A_T19LDG_A016052_20180719T150016/IMG_DATA/R20m/T19LDG_20180719T145731_SCL_20m.tif,,2026-08-09T23:20:24.475049Z,discovered
laberinto_development,dataset_development,2018,2018-06-01,2018-09-30,S2A_MSIL2A_20180716T144731_R139_T19LDG_20201011T162627,2018-07-16T14:47:31.024000Z,0.312198,Sentinel-2A,02.12,32719,sentinel-2-l2a,https://planetarycomputer.microsoft.com/api/stac/v1/collections/sentinel-2-l2a/items/S2A_MSIL2A_20180716T144731_R139_T19LDG_20201011T162627,"[-69.91998213866353,-12.75243146859007,-68.91008576435848,-11.75835663419678]",True,,https://sentinel2l2a01.blob.core.windows.net/sentinel2-l2/19/L/DG/2018/07/16/S2A_MSIL2A_20180716T144731_N0212_R139_T19LDG_20201011T162627.SAFE/GRANULE/L2A_T19LDG_A016009_20180716T144920/IMG_DATA/R10m/T19LDG_20180716T144731_B02_10m.tif,https://sentinel2l2a01.blob.core.windows.net/sentinel2-l2/19/L/DG/2018/07/16/S2A_MSIL2A_20180716T144731_N0212_R139_T19LDG_20201011T162627.SAFE/GRANULE/L2A_T19LDG_A016009_20180716T144920/IMG_DATA/R10m/T19LDG_20180716T144731_B03_10m.tif,https://sentinel2l2a01.blob.core.windows.net/sentinel2-l2/19/L/DG/2018/07/16/S2A_MSIL2A_20180716T144731_N0212_R139_T19LDG_20201011T162627.SAFE/GRANULE/L2A_T19LDG_A016009_20180716T144920/IMG_DATA/R10m/T19LDG_20180716T144731_B04_10m.tif,https://sentinel2l2a01.blob.core.windows.net/sentinel2-l2/19/L/DG/2018/07/16/S2A_MSIL2A_20180716T144731_N0212_R139_T19LDG_20201011T162627.SAFE/GRANULE/L2A_T19LDG_A016009_20180716T144920/IMG_DATA/R10m/T19LDG_20180716T144731_B08_10m.tif,https://sentinel2l2a01.blob.core.windows.net/sentinel2-l2/19/L/DG/2018/07/16/S2A_MSIL2A_20180716T144731_N0212_R139_T19LDG_20201011T162627.SAFE/GRANULE/L2A_T19LDG_A016009_20180716T144920/IMG_DATA/R20m/T19LDG_20180716T144731_SCL_20m.tif,,2026-08-09T23:20:24.475049Z,discovered
laberinto_development,dataset_development,2018,2018-06-01,2018-09-30,S2A_MSIL2A_20180706T144731_R139_T19LDG_20201011T123602,2018-07-06T14:47:31.024000Z,4.415671,Sentinel-2A,02.12,32719,sentinel-2-l2a,https://planetarycomputer.microsoft.com/api/stac/v1/collections/sentinel-2-l2a/items/S2A_MSIL2A_20180706T144731_R139_T19LDG_20201011T123602,"[-69.918915,-12.75243146859007,-68.910095,-11.758360000111377]",True,,https://sentinel2l2a01.blob.core.windows.net/sentinel2-l2/19/L/DG/2018/07/06/S2A_MSIL2A_20180706T144731_N0212_R139_T19LDG_20201011T123602.SAFE/GRANULE/L2A_T19LDG_A015866_20180706T144812/IMG_DATA/R10m/T19LDG_20180706T144731_B02_10m.tif,https://sentinel2l2a01.blob.core.windows.net/sentinel2-l2/19/L/DG/2018/07/06/S2A_MSIL2A_20180706T144731_N0212_R139_T19LDG_20201011T123602.SAFE/GRANULE/L2A_T19LDG_A015866_20180706T144812/IMG_DATA/R10m/T19LDG_20180706T144731_B03_10m.tif,https://sentinel2l2a01.blob.core.windows.net/sentinel2-l2/19/L/DG/2018/07/06/S2A_MSIL2A_20180706T144731_N0212_R139_T19LDG_20201011T123602.SAFE/GRANULE/L2A_T19LDG_A015866_20180706T144812/IMG_DATA/R10m/T19LDG_20180706T144731_B04_10m.tif,https://sentinel2l2a01.blob.core.windows.net/sentinel2-l2/19/L/DG/2018/07/06/S2A_MSIL2A_20180706T144731_N0212_R139_T19LDG_20201011T123602.SAFE/GRANULE/L2A_T19LDG_A015866_20180706T144812/IMG_DATA/R10m/T19LDG_20180706T144731_B08_10m.tif,https://sentinel2l2a01.blob.core.windows.net/sentinel2-l2/19/L/DG/2018/07/06/S2A_MSIL2A_20180706T144731_N0212_R139_T19LDG_20201011T123602.SAFE/GRANULE/L2A_T19LDG_A015866_20180706T144812/IMG_DATA/R20m/T19LDG_20180706T144731_SCL_20m.tif,,2026-08-09T23:20:24.475049Z,discovered
laberinto_development,dataset_development,2018,2018-06-01,2018-09-30,S2A_MSIL2A_20180629T145731_R039_T19LDG_20201012T034601,2018-06-29T14:57:31.024000Z,15.660926,Sentinel-2A,02.12,32719,sentinel-2-l2a,https://planetarycomputer.microsoft.com/api/stac/v1/collections/sentinel-2-l2a/items/S2A_MSIL2A_20180629T145731_R039_T19LDG_20201012T034601,"[-69.92157939546132,-12.751260268217425,-69.43470780259128,-11.758024163247033]",True,,https://sentinel2l2a01.blob.core.windows.net/sentinel2-l2/19/L/DG/2018/06/29/S2A_MSIL2A_20180629T145731_N0212_R039_T19LDG_20201012T034601.SAFE/GRANULE/L2A_T19LDG_A015766_20180629T150352/IMG_DATA/R10m/T19LDG_20180629T145731_B02_10m.tif,https://sentinel2l2a01.blob.core.windows.net/sentinel2-l2/19/L/DG/2018/06/29/S2A_MSIL2A_20180629T145731_N0212_R039_T19LDG_20201012T034601.SAFE/GRANULE/L2A_T19LDG_A015766_20180629T150352/IMG_DATA/R10m/T19LDG_20180629T145731_B03_10m.tif,https://sentinel2l2a01.blob.core.windows.net/sentinel2-l2/19/L/DG/2018/06/29/S2A_MSIL2A_20180629T145731_N0212_R039_T19LDG_20201012T034601.SAFE/GRANULE/L2A_T19LDG_A015766_20180629T150352/IMG_DATA/R10m/T19LDG_20180629T145731_B04_10m.tif,https://sentinel2l2a01.blob.core.windows.net/sentinel2-l2/19/L/DG/2018/06/29/S2A_MSIL2A_20180629T145731_N0212_R039_T19LDG_20201012T034601.SAFE/GRANULE/L2A_T19LDG_A015766_20180629T150352/IMG_DATA/R10m/T19LDG_20180629T145731_B08_10m.tif,https://sentinel2l2a01.blob.core.windows.net/sentinel2-l2/19/L/DG/2018/06/29/S2A_MSIL2A_20180629T145731_N0212_R039_T19LDG_20201012T034601.SAFE/GRANULE/L2A_T19LDG_A015766_20180629T150352/IMG_DATA/R20m/T19LDG_20180629T145731_SCL_20m.tif,,2026-08-09T23:20:24.475049Z,discovered
laberinto_development,dataset_development,2018,2018-06-01,2018-09-30,S2A_MSIL2A_20180626T144731_R139_T19LDG_20201012T023616,2018-06-26T14:47:31.024000Z,15.207575,Sentinel-2A,02.12,32719,sentinel-2-l2a,https://planetarycomputer.microsoft.com/api/stac/v1/collections/sentinel-2-l2a/items/S2A_MSIL2A_20180626T144731_R139_T19LDG_20201012T023616,"[-69.91559,-12.75243146859007,-68.910095,-11.758363131661076]",True,,https://sentinel2l2a01.blob.core.windows.net/sentinel2-l2/19/L/DG/2018/06/26/S2A_MSIL2A_20180626T144731_N0212_R139_T19LDG_20201012T023616.SAFE/GRANULE/L2A_T19LDG_A015723_20180626T145458/IMG_DATA/R10m/T19LDG_20180626T144731_B02_10m.tif,https://sentinel2l2a01.blob.core.windows.net/sentinel2-l2/19/L/DG/2018/06/26/S2A_MSIL2A_20180626T144731_N0212_R139_T19LDG_20201012T023616.SAFE/GRANULE/L2A_T19LDG_A015723_20180626T145458/IMG_DATA/R10m/T19LDG_20180626T144731_B03_10m.tif,https://sentinel2l2a01.blob.core.windows.net/sentinel2-l2/19/L/DG/2018/06/26/S2A_MSIL2A_20180626T144731_N0212_R139_T19LDG_20201012T023616.SAFE/GRANULE/L2A_T19LDG_A015723_20180626T145458/IMG_DATA/R10m/T19LDG_20180626T144731_B04_10m.tif,https://sentinel2l2a01.blob.core.windows.net/sentinel2-l2/19/L/DG/2018/06/26/S2A_MSIL2A_20180626T144731_N0212_R139_T19LDG_20201012T023616.SAFE/GRANULE/L2A_T19LDG_A015723_20180626T145458/IMG_DATA/R10m/T19LDG_20180626T144731_B08_10m.tif,https://sentinel2l2a01.blob.core.windows.net/sentinel2-l2/19/L/DG/2018/06/26/S2A_MSIL2A_20180626T144731_N0212_R139_T19LDG_20201012T023616.SAFE/GRANULE/L2A_T19LDG_A015723_20180626T145458/IMG_DATA/R20m/T19LDG_20180626T144731_SCL_20m.tif,,2026-08-09T23:20:24.475049Z,discovered
laberinto_development,dataset_development,2018,2018-06-01,2018-09-30,S2B_MSIL2A_20180621T144729_R139_T19LDG_20201012T005201,2018-06-21T14:47:29.024000Z,0.218146,Sentinel-2B,02.12,32719,sentinel-2-l2a,https://planetarycomputer.microsoft.com/api/stac/v1/collections/sentinel-2-l2a/items/S2B_MSIL2A_20180621T144729_R139_T19LDG_20201012T005201,"[-69.91751,-12.75243146859007,-68.910095,-11.75836166080469]",True,,https://sentinel2l2a01.blob.core.windows.net/sentinel2-l2/19/L/DG/2018/06/21/S2B_MSIL2A_20180621T144729_N0212_R139_T19LDG_20201012T005201.SAFE/GRANULE/L2A_T19LDG_A006743_20180621T145608/IMG_DATA/R10m/T19LDG_20180621T144729_B02_10m.tif,https://sentinel2l2a01.blob.core.windows.net/sentinel2-l2/19/L/DG/2018/06/21/S2B_MSIL2A_20180621T144729_N0212_R139_T19LDG_20201012T005201.SAFE/GRANULE/L2A_T19LDG_A006743_20180621T145608/IMG_DATA/R10m/T19LDG_20180621T144729_B03_10m.tif,https://sentinel2l2a01.blob.core.windows.net/sentinel2-l2/19/L/DG/2018/06/21/S2B_MSIL2A_20180621T144729_N0212_R139_T19LDG_20201012T005201.SAFE/GRANULE/L2A_T19LDG_A006743_20180621T145608/IMG_DATA/R10m/T19LDG_20180621T144729_B04_10m.tif,https://sentinel2l2a01.blob.core.windows.net/sentinel2-l2/19/L/DG/2018/06/21/S2B_MSIL2A_20180621T144729_N0212_R139_T19LDG_20201012T005201.SAFE/GRANULE/L2A_T19LDG_A006743_20180621T145608/IMG_DATA/R10m/T19LDG_20180621T144729_B08_10m.tif,https://sentinel2l2a01.blob.core.windows.net/sentinel2-l2/19/L/DG/2018/06/21/S2B_MSIL2A_20180621T144729_N0212_R139_T19LDG_20201012T005201.SAFE/GRANULE/L2A_T19LDG_A006743_20180621T145608/IMG_DATA/R20m/T19LDG_20180621T144729_SCL_20m.tif,,2026-08-09T23:20:24.475049Z,discovered
laberinto_development,dataset_development,2018,2018-06-01,2018-09-30,S2A_MSIL2A_20180619T145731_R039_T19LDG_20201011T235555,2018-06-19T14:57:31.024000Z,0.06091,Sentinel-2A,02.12,32719,sentinel-2-l2a,https://planetarycomputer.microsoft.com/api/stac/v1/collections/sentinel-2-l2a/items/S2A_MSIL2A_20180619T145731_R039_T19LDG_20201011T235555,"[-69.92157939546132,-12.751268292954585,-69.42939590205489,-11.758024163247033]",True,,https://sentinel2l2a01.blob.core.windows.net/sentinel2-l2/19/L/DG/2018/06/19/S2A_MSIL2A_20180619T145731_N0212_R039_T19LDG_20201011T235555.SAFE/GRANULE/L2A_T19LDG_A015623_20180619T150221/IMG_DATA/R10m/T19LDG_20180619T145731_B02_10m.tif,https://sentinel2l2a01.blob.core.windows.net/sentinel2-l2/19/L/DG/2018/06/19/S2A_MSIL2A_20180619T145731_N0212_R039_T19LDG_20201011T235555.SAFE/GRANULE/L2A_T19LDG_A015623_20180619T150221/IMG_DATA/R10m/T19LDG_20180619T145731_B03_10m.tif,https://sentinel2l2a01.blob.core.windows.net/sentinel2-l2/19/L/DG/2018/06/19/S2A_MSIL2A_20180619T145731_N0212_R039_T19LDG_20201011T235555.SAFE/GRANULE/L2A_T19LDG_A015623_20180619T150221/IMG_DATA/R10m/T19LDG_20180619T145731_B04_10m.tif,https://sentinel2l2a01.blob.core.windows.net/sentinel2-l2/19/L/DG/2018/06/19/S2A_MSIL2A_20180619T145731_N0212_R039_T19LDG_20201011T235555.SAFE/GRANULE/L2A_T19LDG_A015623_20180619T150221/IMG_DATA/R10m/T19LDG_20180619T145731_B08_10m.tif,https://sentinel2l2a01.blob.core.windows.net/sentinel2-l2/19/L/DG/2018/06/19/S2A_MSIL2A_20180619T145731_N0212_R039_T19LDG_20201011T235555.SAFE/GRANULE/L2A_T19LDG_A015623_20180619T150221/IMG_DATA/R20m/T19LDG_20180619T145731_SCL_20m.tif,,2026-08-09T23:20:24.475049Z,discovered
laberinto_development,dataset_development,2018,2018-06-01,2018-09-30,S2A_MSIL2A_20180616T144731_R139_T19LDG_20201011T224646,2018-06-16T14:47:31.024000Z,9.566233,Sentinel-2A,02.12,32719,sentinel-2-l2a,https://planetarycomputer.microsoft.com/api/stac/v1/collections/sentinel-2-l2a/items/S2A_MSIL2A_20180616T144731_R139_T19LDG_20201011T224646,"[-69.91034,-12.75243146859007,-68.910095,-11.758371424458739]",True,,https://sentinel2l2a01.blob.core.windows.net/sentinel2-l2/19/L/DG/2018/06/16/S2A_MSIL2A_20180616T144731_N0212_R139_T19LDG_20201011T224646.SAFE/GRANULE/L2A_T19LDG_A015580_20180616T145425/IMG_DATA/R10m/T19LDG_20180616T144731_B02_10m.tif,https://sentinel2l2a01.blob.core.windows.net/sentinel2-l2/19/L/DG/2018/06/16/S2A_MSIL2A_20180616T144731_N0212_R139_T19LDG_20201011T224646.SAFE/GRANULE/L2A_T19LDG_A015580_20180616T145425/IMG_DATA/R10m/T19LDG_20180616T144731_B03_10m.tif,https://sentinel2l2a01.blob.core.windows.net/sentinel2-l2/19/L/DG/2018/06/16/S2A_MSIL2A_20180616T144731_N0212_R139_T19LDG_20201011T224646.SAFE/GRANULE/L2A_T19LDG_A015580_20180616T145425/IMG_DATA/R10m/T19LDG_20180616T144731_B04_10m.tif,https://sentinel2l2a01.blob.core.windows.net/sentinel2-l2/19/L/DG/2018/06/16/S2A_MSIL2A_20180616T144731_N0212_R139_T19LDG_20201011T224646.SAFE/GRANULE/L2A_T19LDG_A015580_20180616T145425/IMG_DATA/R10m/T19LDG_20180616T144731_B08_10m.tif,https://sentinel2l2a01.blob.core.windows.net/sentinel2-l2/19/L/DG/2018/06/16/S2A_MSIL2A_20180616T144731_N0212_R139_T19LDG_20201011T224646.SAFE/GRANULE/L2A_T19LDG_A015580_20180616T145425/IMG_DATA/R20m/T19LDG_20180616T144731_SCL_20m.tif,,2026-08-09T23:20:24.475049Z,discovered
laberinto_development,dataset_development,2022,2022-06-01,2022-09-30,S2A_MSIL2A_20220926T145731_R039_T19LDG_20220927T082634,2022-09-26T14:57:31.024000Z,2.615653,Sentinel-2A,04.00,32719,sentinel-2-l2a,https://planetarycomputer.microsoft.com/api/stac/v1/collections/sentinel-2-l2a/items/S2A_MSIL2A_20220926T145731_R039_T19LDG_20220927T082634,"[-69.92157,-12.75124719,-69.44397,-11.75802416]",True,,https://sentinel2l2a01.blob.core.windows.net/sentinel2-l2/19/L/DG/2022/09/26/S2A_MSIL2A_20220926T145731_N0400_R039_T19LDG_20220927T082634.SAFE/GRANULE/L2A_T19LDG_A037931_20220926T145954/IMG_DATA/R10m/T19LDG_20220926T145731_B02_10m.tif,https://sentinel2l2a01.blob.core.windows.net/sentinel2-l2/19/L/DG/2022/09/26/S2A_MSIL2A_20220926T145731_N0400_R039_T19LDG_20220927T082634.SAFE/GRANULE/L2A_T19LDG_A037931_20220926T145954/IMG_DATA/R10m/T19LDG_20220926T145731_B03_10m.tif,https://sentinel2l2a01.blob.core.windows.net/sentinel2-l2/19/L/DG/2022/09/26/S2A_MSIL2A_20220926T145731_N0400_R039_T19LDG_20220927T082634.SAFE/GRANULE/L2A_T19LDG_A037931_20220926T145954/IMG_DATA/R10m/T19LDG_20220926T145731_B04_10m.tif,https://sentinel2l2a01.blob.core.windows.net/sentinel2-l2/19/L/DG/2022/09/26/S2A_MSIL2A_20220926T145731_N0400_R039_T19LDG_20220927T082634.SAFE/GRANULE/L2A_T19LDG_A037931_20220926T145954/IMG_DATA/R10m/T19LDG_20220926T145731_B08_10m.tif,https://sentinel2l2a01.blob.core.windows.net/sentinel2-l2/19/L/DG/2022/09/26/S2A_MSIL2A_20220926T145731_N0400_R039_T19LDG_20220927T082634.SAFE/GRANULE/L2A_T19LDG_A037931_20220926T145954/IMG_DATA/R20m/T19LDG_20220926T145731_SCL_20m.tif,,2026-08-09T23:20:24.475049Z,discovered
laberinto_development,dataset_development,2022,2022-06-01,2022-09-30,S2B_MSIL2A_20220921T145729_R039_T19LDG_20220922T005718,2022-09-21T14:57:29.024000Z,18.831031,Sentinel-2B,04.00,32719,sentinel-2-l2a,https://planetarycomputer.microsoft.com/api/stac/v1/collections/sentinel-2-l2a/items/S2B_MSIL2A_20220921T145729_R039_T19LDG_20220922T005718,"[-69.92157,-12.75125022,-69.441376,-11.75802416]",True,,https://sentinel2l2a01.blob.core.windows.net/sentinel2-l2/19/L/DG/2022/09/21/S2B_MSIL2A_20220921T145729_N0400_R039_T19LDG_20220922T005718.SAFE/GRANULE/L2A_T19LDG_A028951_20220921T150120/IMG_DATA/R10m/T19LDG_20220921T145729_B02_10m.tif,https://sentinel2l2a01.blob.core.windows.net/sentinel2-l2/19/L/DG/2022/09/21/S2B_MSIL2A_20220921T145729_N0400_R039_T19LDG_20220922T005718.SAFE/GRANULE/L2A_T19LDG_A028951_20220921T150120/IMG_DATA/R10m/T19LDG_20220921T145729_B03_10m.tif,https://sentinel2l2a01.blob.core.windows.net/sentinel2-l2/19/L/DG/2022/09/21/S2B_MSIL2A_20220921T145729_N0400_R039_T19LDG_20220922T005718.SAFE/GRANULE/L2A_T19LDG_A028951_20220921T150120/IMG_DATA/R10m/T19LDG_20220921T145729_B04_10m.tif,https://sentinel2l2a01.blob.core.windows.net/sentinel2-l2/19/L/DG/2022/09/21/S2B_MSIL2A_20220921T145729_N0400_R039_T19LDG_20220922T005718.SAFE/GRANULE/L2A_T19LDG_A028951_20220921T150120/IMG_DATA/R10m/T19LDG_20220921T145729_B08_10m.tif,https://sentinel2l2a01.blob.core.windows.net/sentinel2-l2/19/L/DG/2022/09/21/S2B_MSIL2A_20220921T145729_N0400_R039_T19LDG_20220922T005718.SAFE/GRANULE/L2A_T19LDG_A028951_20220921T150120/IMG_DATA/R20m/T19LDG_20220921T145729_SCL_20m.tif,,2026-08-09T23:20:24.475049Z,discovered
laberinto_development,dataset_development,2022,2022-06-01,2022-09-30,S2B_MSIL2A_20220918T144729_R139_T19LDG_20240731T115220,2022-09-18T14:47:29.024000Z,0.854981,Sentinel-2B,05.10,32719,sentinel-2-l2a,https://planetarycomputer.microsoft.com/api/stac/v1/collections/sentinel-2-l2a/items/S2B_MSIL2A_20220918T144729_R139_T19LDG_20240731T115220,"[-69.9215794,-12.7524315,-68.9100858,-11.7583506]",True,,https://sentinel2l2a01.blob.core.windows.net/sentinel2-l2/19/L/DG/2022/09/18/S2B_MSIL2A_20220918T144729_N0510_R139_T19LDG_20240731T115220.SAFE/GRANULE/L2A_T19LDG_A028908_20220918T145244/IMG_DATA/R10m/T19LDG_20220918T144729_B02_10m.tif,https://sentinel2l2a01.blob.core.windows.net/sentinel2-l2/19/L/DG/2022/09/18/S2B_MSIL2A_20220918T144729_N0510_R139_T19LDG_20240731T115220.SAFE/GRANULE/L2A_T19LDG_A028908_20220918T145244/IMG_DATA/R10m/T19LDG_20220918T144729_B03_10m.tif,https://sentinel2l2a01.blob.core.windows.net/sentinel2-l2/19/L/DG/2022/09/18/S2B_MSIL2A_20220918T144729_N0510_R139_T19LDG_20240731T115220.SAFE/GRANULE/L2A_T19LDG_A028908_20220918T145244/IMG_DATA/R10m/T19LDG_20220918T144729_B04_10m.tif,https://sentinel2l2a01.blob.core.windows.net/sentinel2-l2/19/L/DG/2022/09/18/S2B_MSIL2A_20220918T144729_N0510_R139_T19LDG_20240731T115220.SAFE/GRANULE/L2A_T19LDG_A028908_20220918T145244/IMG_DATA/R10m/T19LDG_20220918T144729_B08_10m.tif,https://sentinel2l2a01.blob.core.windows.net/sentinel2-l2/19/L/DG/2022/09/18/S2B_MSIL2A_20220918T144729_N0510_R139_T19LDG_20240731T115220.SAFE/GRANULE/L2A_T19LDG_A028908_20220918T145244/IMG_DATA/R20m/T19LDG_20220918T144729_SCL_20m.tif,,2026-08-09T23:20:24.475049Z,discovered
laberinto_development,dataset_development,2022,2022-06-01,2022-09-30,S2B_MSIL2A_20220918T144729_R139_T19LDG_20220919T072953,2022-09-18T14:47:29.024000Z,0.85474,Sentinel-2B,04.00,32719,sentinel-2-l2a,https://planetarycomputer.microsoft.com/api/stac/v1/collections/sentinel-2-l2a/items/S2B_MSIL2A_20220918T144729_R139_T19LDG_20220919T072953,"[-69.92157,-12.75243147,-68.910095,-11.75835059]",True,,https://sentinel2l2a01.blob.core.windows.net/sentinel2-l2/19/L/DG/2022/09/18/S2B_MSIL2A_20220918T144729_N0400_R139_T19LDG_20220919T072953.SAFE/GRANULE/L2A_T19LDG_A028908_20220918T145244/IMG_DATA/R10m/T19LDG_20220918T144729_B02_10m.tif,https://sentinel2l2a01.blob.core.windows.net/sentinel2-l2/19/L/DG/2022/09/18/S2B_MSIL2A_20220918T144729_N0400_R139_T19LDG_20220919T072953.SAFE/GRANULE/L2A_T19LDG_A028908_20220918T145244/IMG_DATA/R10m/T19LDG_20220918T144729_B03_10m.tif,https://sentinel2l2a01.blob.core.windows.net/sentinel2-l2/19/L/DG/2022/09/18/S2B_MSIL2A_20220918T144729_N0400_R139_T19LDG_20220919T072953.SAFE/GRANULE/L2A_T19LDG_A028908_20220918T145244/IMG_DATA/R10m/T19LDG_20220918T144729_B04_10m.tif,https://sentinel2l2a01.blob.core.windows.net/sentinel2-l2/19/L/DG/2022/09/18/S2B_MSIL2A_20220918T144729_N0400_R139_T19LDG_20220919T072953.SAFE/GRANULE/L2A_T19LDG_A028908_20220918T145244/IMG_DATA/R10m/T19LDG_20220918T144729_B08_10m.tif,https://sentinel2l2a01.blob.core.windows.net/sentinel2-l2/19/L/DG/2022/09/18/S2B_MSIL2A_20220918T144729_N0400_R139_T19LDG_20220919T072953.SAFE/GRANULE/L2A_T19LDG_A028908_20220918T145244/IMG_DATA/R20m/T19LDG_20220918T144729_SCL_20m.tif,,2026-08-09T23:20:24.475049Z,discovered
laberinto_development,dataset_development,2022,2022-06-01,2022-09-30,S2A_MSIL2A_20220916T145731_R039_T19LDG_20240731T135215,2022-09-16T14:57:31.024000Z,8.195706,Sentinel-2A,05.10,32719,sentinel-2-l2a,https://planetarycomputer.microsoft.com/api/stac/v1/collections/sentinel-2-l2a/items/S2A_MSIL2A_20220916T145731_R039_T19LDG_20240731T135215,"[-69.9215794,-12.7512426,-69.4465434,-11.7580242]",True,,https://sentinel2l2a01.blob.core.windows.net/sentinel2-l2/19/L/DG/2022/09/16/S2A_MSIL2A_20220916T145731_N0510_R039_T19LDG_20240731T135215.SAFE/GRANULE/L2A_T19LDG_A037788_20220916T145734/IMG_DATA/R10m/T19LDG_20220916T145731_B02_10m.tif,https://sentinel2l2a01.blob.core.windows.net/sentinel2-l2/19/L/DG/2022/09/16/S2A_MSIL2A_20220916T145731_N0510_R039_T19LDG_20240731T135215.SAFE/GRANULE/L2A_T19LDG_A037788_20220916T145734/IMG_DATA/R10m/T19LDG_20220916T145731_B03_10m.tif,https://sentinel2l2a01.blob.core.windows.net/sentinel2-l2/19/L/DG/2022/09/16/S2A_MSIL2A_20220916T145731_N0510_R039_T19LDG_20240731T135215.SAFE/GRANULE/L2A_T19LDG_A037788_20220916T145734/IMG_DATA/R10m/T19LDG_20220916T145731_B04_10m.tif,https://sentinel2l2a01.blob.core.windows.net/sentinel2-l2/19/L/DG/2022/09/16/S2A_MSIL2A_20220916T145731_N0510_R039_T19LDG_20240731T135215.SAFE/GRANULE/L2A_T19LDG_A037788_20220916T145734/IMG_DATA/R10m/T19LDG_20220916T145731_B08_10m.tif,https://sentinel2l2a01.blob.core.windows.net/sentinel2-l2/19/L/DG/2022/09/16/S2A_MSIL2A_20220916T145731_N0510_R039_T19LDG_20240731T135215.SAFE/GRANULE/L2A_T19LDG_A037788_20220916T145734/IMG_DATA/R20m/T19LDG_20220916T145731_SCL_20m.tif,,2026-08-09T23:20:24.475049Z,discovered
laberinto_development,dataset_development,2022,2022-06-01,2022-09-30,S2A_MSIL2A_20220916T145731_R039_T19LDG_20220917T094954,2022-09-16T14:57:31.024000Z,8.202964,Sentinel-2A,04.00,32719,sentinel-2-l2a,https://planetarycomputer.microsoft.com/api/stac/v1/collections/sentinel-2-l2a/items/S2A_MSIL2A_20220916T145731_R039_T19LDG_20220917T094954,"[-69.92157,-12.75124263,-69.44653,-11.75802416]",True,,https://sentinel2l2a01.blob.core.windows.net/sentinel2-l2/19/L/DG/2022/09/16/S2A_MSIL2A_20220916T145731_N0400_R039_T19LDG_20220917T094954.SAFE/GRANULE/L2A_T19LDG_A037788_20220916T145734/IMG_DATA/R10m/T19LDG_20220916T145731_B02_10m.tif,https://sentinel2l2a01.blob.core.windows.net/sentinel2-l2/19/L/DG/2022/09/16/S2A_MSIL2A_20220916T145731_N0400_R039_T19LDG_20220917T094954.SAFE/GRANULE/L2A_T19LDG_A037788_20220916T145734/IMG_DATA/R10m/T19LDG_20220916T145731_B03_10m.tif,https://sentinel2l2a01.blob.core.windows.net/sentinel2-l2/19/L/DG/2022/09/16/S2A_MSIL2A_20220916T145731_N0400_R039_T19LDG_20220917T094954.SAFE/GRANULE/L2A_T19LDG_A037788_20220916T145734/IMG_DATA/R10m/T19LDG_20220916T145731_B04_10m.tif,https://sentinel2l2a01.blob.core.windows.net/sentinel2-l2/19/L/DG/2022/09/16/S2A_MSIL2A_20220916T145731_N0400_R039_T19LDG_20220917T094954.SAFE/GRANULE/L2A_T19LDG_A037788_20220916T145734/IMG_DATA/R10m/T19LDG_20220916T145731_B08_10m.tif,https://sentinel2l2a01.blob.core.windows.net/sentinel2-l2/19/L/DG/2022/09/16/S2A_MSIL2A_20220916T145731_N0400_R039_T19LDG_20220917T094954.SAFE/GRANULE/L2A_T19LDG_A037788_20220916T145734/IMG_DATA/R20m/T19LDG_20220916T145731_SCL_20m.tif,,2026-08-09T23:20:24.475049Z,discovered
laberinto_development,dataset_development,2022,2022-06-01,2022-09-30,S2B_MSIL2A_20220908T144729_R139_T19LDG_20220909T054438,2022-09-08T14:47:29.024000Z,0.029163,Sentinel-2B,04.00,32719,sentinel-2-l2a,https://planetarycomputer.microsoft.com/api/stac/v1/collections/sentinel-2-l2a/items/S2B_MSIL2A_20220908T144729_R139_T19LDG_20220909T054438,"[-69.92157,-12.75243147,-68.910095,-11.75835453]",True,,https://sentinel2l2a01.blob.core.windows.net/sentinel2-l2/19/L/DG/2022/09/08/S2B_MSIL2A_20220908T144729_N0400_R139_T19LDG_20220909T054438.SAFE/GRANULE/L2A_T19LDG_A028765_20220908T145249/IMG_DATA/R10m/T19LDG_20220908T144729_B02_10m.tif,https://sentinel2l2a01.blob.core.windows.net/sentinel2-l2/19/L/DG/2022/09/08/S2B_MSIL2A_20220908T144729_N0400_R139_T19LDG_20220909T054438.SAFE/GRANULE/L2A_T19LDG_A028765_20220908T145249/IMG_DATA/R10m/T19LDG_20220908T144729_B03_10m.tif,https://sentinel2l2a01.blob.core.windows.net/sentinel2-l2/19/L/DG/2022/09/08/S2B_MSIL2A_20220908T144729_N0400_R139_T19LDG_20220909T054438.SAFE/GRANULE/L2A_T19LDG_A028765_20220908T145249/IMG_DATA/R10m/T19LDG_20220908T144729_B04_10m.tif,https://sentinel2l2a01.blob.core.windows.net/sentinel2-l2/19/L/DG/2022/09/08/S2B_MSIL2A_20220908T144729_N0400_R139_T19LDG_20220909T054438.SAFE/GRANULE/L2A_T19LDG_A028765_20220908T145249/IMG_DATA/R10m/T19LDG_20220908T144729_B08_10m.tif,https://sentinel2l2a01.blob.core.windows.net/sentinel2-l2/19/L/DG/2022/09/08/S2B_MSIL2A_20220908T144729_N0400_R139_T19LDG_20220909T054438.SAFE/GRANULE/L2A_T19LDG_A028765_20220908T145249/IMG_DATA/R20m/T19LDG_20220908T144729_SCL_20m.tif,,2026-08-09T23:20:24.475049Z,discovered
laberinto_development,dataset_development,2022,2022-06-01,2022-09-30,S2A_MSIL2A_20220906T145741_R039_T19LDG_20220907T065347,2022-09-06T14:57:41.024000Z,0.00862,Sentinel-2A,04.00,32719,sentinel-2-l2a,https://planetarycomputer.microsoft.com/api/stac/v1/collections/sentinel-2-l2a/items/S2A_MSIL2A_20220906T145741_R039_T19LDG_20220907T065347,"[-69.92157,-12.75123314,-69.45212,-11.75802416]",True,,https://sentinel2l2a01.blob.core.windows.net/sentinel2-l2/19/L/DG/2022/09/06/S2A_MSIL2A_20220906T145741_N0400_R039_T19LDG_20220907T065347.SAFE/GRANULE/L2A_T19LDG_A037645_20220906T150345/IMG_DATA/R10m/T19LDG_20220906T145741_B02_10m.tif,https://sentinel2l2a01.blob.core.windows.net/sentinel2-l2/19/L/DG/2022/09/06/S2A_MSIL2A_20220906T145741_N0400_R039_T19LDG_20220907T065347.SAFE/GRANULE/L2A_T19LDG_A037645_20220906T150345/IMG_DATA/R10m/T19LDG_20220906T145741_B03_10m.tif,https://sentinel2l2a01.blob.core.windows.net/sentinel2-l2/19/L/DG/2022/09/06/S2A_MSIL2A_20220906T145741_N0400_R039_T19LDG_20220907T065347.SAFE/GRANULE/L2A_T19LDG_A037645_20220906T150345/IMG_DATA/R10m/T19LDG_20220906T145741_B04_10m.tif,https://sentinel2l2a01.blob.core.windows.net/sentinel2-l2/19/L/DG/2022/09/06/S2A_MSIL2A_20220906T145741_N0400_R039_T19LDG_20220907T065347.SAFE/GRANULE/L2A_T19LDG_A037645_20220906T150345/IMG_DATA/R10m/T19LDG_20220906T145741_B08_10m.tif,https://sentinel2l2a01.blob.core.windows.net/sentinel2-l2/19/L/DG/2022/09/06/S2A_MSIL2A_20220906T145741_N0400_R039_T19LDG_20220907T065347.SAFE/GRANULE/L2A_T19LDG_A037645_20220906T150345/IMG_DATA/R20m/T19LDG_20220906T145741_SCL_20m.tif,,2026-08-09T23:20:24.475049Z,discovered
laberinto_development,dataset_development,2022,2022-06-01,2022-09-30,S2B_MSIL2A_20220901T145729_R039_T19LDG_20220902T070034,2022-09-01T14:57:29.024000Z,0.003176,Sentinel-2B,04.00,32719,sentinel-2-l2a,https://planetarycomputer.microsoft.com/api/stac/v1/collections/sentinel-2-l2a/items/S2B_MSIL2A_20220901T145729_R039_T19LDG_20220902T070034,"[-69.92157,-12.75126695,-69.43121,-11.75802416]",True,,https://sentinel2l2a01.blob.core.windows.net/sentinel2-l2/19/L/DG/2022/09/01/S2B_MSIL2A_20220901T145729_N0400_R039_T19LDG_20220902T070034.SAFE/GRANULE/L2A_T19LDG_A028665_20220901T145726/IMG_DATA/R10m/T19LDG_20220901T145729_B02_10m.tif,https://sentinel2l2a01.blob.core.windows.net/sentinel2-l2/19/L/DG/2022/09/01/S2B_MSIL2A_20220901T145729_N0400_R039_T19LDG_20220902T070034.SAFE/GRANULE/L2A_T19LDG_A028665_20220901T145726/IMG_DATA/R10m/T19LDG_20220901T145729_B03_10m.tif,https://sentinel2l2a01.blob.core.windows.net/sentinel2-l2/19/L/DG/2022/09/01/S2B_MSIL2A_20220901T145729_N0400_R039_T19LDG_20220902T070034.SAFE/GRANULE/L2A_T19LDG_A028665_20220901T145726/IMG_DATA/R10m/T19LDG_20220901T145729_B04_10m.tif,https://sentinel2l2a01.blob.core.windows.net/sentinel2-l2/19/L/DG/2022/09/01/S2B_MSIL2A_20220901T145729_N0400_R039_T19LDG_20220902T070034.SAFE/GRANULE/L2A_T19LDG_A028665_20220901T145726/IMG_DATA/R10m/T19LDG_20220901T145729_B08_10m.tif,https://sentinel2l2a01.blob.core.windows.net/sentinel2-l2/19/L/DG/2022/09/01/S2B_MSIL2A_20220901T145729_N0400_R039_T19LDG_20220902T070034.SAFE/GRANULE/L2A_T19LDG_A028665_20220901T145726/IMG_DATA/R20m/T19LDG_20220901T145729_SCL_20m.tif,,2026-08-09T23:20:24.475049Z,discovered
laberinto_development,dataset_development,2022,2022-06-01,2022-09-30,S2A_MSIL2A_20220824T144741_R139_T19LDG_20240704T164843,2022-08-24T14:47:41.024000Z,0.009948,Sentinel-2A,05.10,32719,sentinel-2-l2a,https://planetarycomputer.microsoft.com/api/stac/v1/collections/sentinel-2-l2a/items/S2A_MSIL2A_20220824T144741_R139_T19LDG_20240704T164843,"[-69.9215794,-12.7524315,-68.9100858,-11.7583364]",True,,https://sentinel2l2a01.blob.core.windows.net/sentinel2-l2/19/L/DG/2022/08/24/S2A_MSIL2A_20220824T144741_N0510_R139_T19LDG_20240704T164843.SAFE/GRANULE/L2A_T19LDG_A037459_20220824T145550/IMG_DATA/R10m/T19LDG_20220824T144741_B02_10m.tif,https://sentinel2l2a01.blob.core.windows.net/sentinel2-l2/19/L/DG/2022/08/24/S2A_MSIL2A_20220824T144741_N0510_R139_T19LDG_20240704T164843.SAFE/GRANULE/L2A_T19LDG_A037459_20220824T145550/IMG_DATA/R10m/T19LDG_20220824T144741_B03_10m.tif,https://sentinel2l2a01.blob.core.windows.net/sentinel2-l2/19/L/DG/2022/08/24/S2A_MSIL2A_20220824T144741_N0510_R139_T19LDG_20240704T164843.SAFE/GRANULE/L2A_T19LDG_A037459_20220824T145550/IMG_DATA/R10m/T19LDG_20220824T144741_B04_10m.tif,https://sentinel2l2a01.blob.core.windows.net/sentinel2-l2/19/L/DG/2022/08/24/S2A_MSIL2A_20220824T144741_N0510_R139_T19LDG_20240704T164843.SAFE/GRANULE/L2A_T19LDG_A037459_20220824T145550/IMG_DATA/R10m/T19LDG_20220824T144741_B08_10m.tif,https://sentinel2l2a01.blob.core.windows.net/sentinel2-l2/19/L/DG/2022/08/24/S2A_MSIL2A_20220824T144741_N0510_R139_T19LDG_20240704T164843.SAFE/GRANULE/L2A_T19LDG_A037459_20220824T145550/IMG_DATA/R20m/T19LDG_20220824T144741_SCL_20m.tif,,2026-08-09T23:20:24.475049Z,discovered
laberinto_development,dataset_development,2022,2022-06-01,2022-09-30,S2A_MSIL2A_20220824T144741_R139_T19LDG_20220825T134649,2022-08-24T14:47:41.024000Z,0.010435,Sentinel-2A,04.00,32719,sentinel-2-l2a,https://planetarycomputer.microsoft.com/api/stac/v1/collections/sentinel-2-l2a/items/S2A_MSIL2A_20220824T144741_R139_T19LDG_20220825T134649,"[-69.92157,-12.75243147,-68.910095,-11.75833637]",True,,https://sentinel2l2a01.blob.core.windows.net/sentinel2-l2/19/L/DG/2022/08/24/S2A_MSIL2A_20220824T144741_N0400_R139_T19LDG_20220825T134649.SAFE/GRANULE/L2A_T19LDG_A037459_20220824T145550/IMG_DATA/R10m/T19LDG_20220824T144741_B02_10m.tif,https://sentinel2l2a01.blob.core.windows.net/sentinel2-l2/19/L/DG/2022/08/24/S2A_MSIL2A_20220824T144741_N0400_R139_T19LDG_20220825T134649.SAFE/GRANULE/L2A_T19LDG_A037459_20220824T145550/IMG_DATA/R10m/T19LDG_20220824T144741_B03_10m.tif,https://sentinel2l2a01.blob.core.windows.net/sentinel2-l2/19/L/DG/2022/08/24/S2A_MSIL2A_20220824T144741_N0400_R139_T19LDG_20220825T134649.SAFE/GRANULE/L2A_T19LDG_A037459_20220824T145550/IMG_DATA/R10m/T19LDG_20220824T144741_B04_10m.tif,https://sentinel2l2a01.blob.core.windows.net/sentinel2-l2/19/L/DG/2022/08/24/S2A_MSIL2A_20220824T144741_N0400_R139_T19LDG_20220825T134649.SAFE/GRANULE/L2A_T19LDG_A037459_20220824T145550/IMG_DATA/R10m/T19LDG_20220824T144741_B08_10m.tif,https://sentinel2l2a01.blob.core.windows.net/sentinel2-l2/19/L/DG/2022/08/24/S2A_MSIL2A_20220824T144741_N0400_R139_T19LDG_20220825T134649.SAFE/GRANULE/L2A_T19LDG_A037459_20220824T145550/IMG_DATA/R20m/T19LDG_20220824T144741_SCL_20m.tif,,2026-08-09T23:20:24.475049Z,discovered
laberinto_development,dataset_development,2022,2022-06-01,2022-09-30,S2B_MSIL2A_20220822T145729_R039_T19LDG_20240704T091633,2022-08-22T14:57:29.024000Z,5.993735,Sentinel-2B,05.10,32719,sentinel-2-l2a,https://planetarycomputer.microsoft.com/api/stac/v1/collections/sentinel-2-l2a/items/S2B_MSIL2A_20220822T145729_R039_T19LDG_20240704T091633,"[-69.9215794,-12.7512696,-69.4289911,-11.7580242]",True,,https://sentinel2l2a01.blob.core.windows.net/sentinel2-l2/19/L/DG/2022/08/22/S2B_MSIL2A_20220822T145729_N0510_R039_T19LDG_20240704T091633.SAFE/GRANULE/L2A_T19LDG_A028522_20220822T145726/IMG_DATA/R10m/T19LDG_20220822T145729_B02_10m.tif,https://sentinel2l2a01.blob.core.windows.net/sentinel2-l2/19/L/DG/2022/08/22/S2B_MSIL2A_20220822T145729_N0510_R039_T19LDG_20240704T091633.SAFE/GRANULE/L2A_T19LDG_A028522_20220822T145726/IMG_DATA/R10m/T19LDG_20220822T145729_B03_10m.tif,https://sentinel2l2a01.blob.core.windows.net/sentinel2-l2/19/L/DG/2022/08/22/S2B_MSIL2A_20220822T145729_N0510_R039_T19LDG_20240704T091633.SAFE/GRANULE/L2A_T19LDG_A028522_20220822T145726/IMG_DATA/R10m/T19LDG_20220822T145729_B04_10m.tif,https://sentinel2l2a01.blob.core.windows.net/sentinel2-l2/19/L/DG/2022/08/22/S2B_MSIL2A_20220822T145729_N0510_R039_T19LDG_20240704T091633.SAFE/GRANULE/L2A_T19LDG_A028522_20220822T145726/IMG_DATA/R10m/T19LDG_20220822T145729_B08_10m.tif,https://sentinel2l2a01.blob.core.windows.net/sentinel2-l2/19/L/DG/2022/08/22/S2B_MSIL2A_20220822T145729_N0510_R039_T19LDG_20240704T091633.SAFE/GRANULE/L2A_T19LDG_A028522_20220822T145726/IMG_DATA/R20m/T19LDG_20220822T145729_SCL_20m.tif,,2026-08-09T23:20:24.475049Z,discovered
laberinto_development,dataset_development,2022,2022-06-01,2022-09-30,S2B_MSIL2A_20220822T145729_R039_T19LDG_20220823T144754,2022-08-22T14:57:29.024000Z,6.01959,Sentinel-2B,04.00,32719,sentinel-2-l2a,https://planetarycomputer.microsoft.com/api/stac/v1/collections/sentinel-2-l2a/items/S2B_MSIL2A_20220822T145729_R039_T19LDG_20220823T144754,"[-69.92157,-12.75126961,-69.428986,-11.75802416]",True,,https://sentinel2l2a01.blob.core.windows.net/sentinel2-l2/19/L/DG/2022/08/22/S2B_MSIL2A_20220822T145729_N0400_R039_T19LDG_20220823T144754.SAFE/GRANULE/L2A_T19LDG_A028522_20220822T145726/IMG_DATA/R10m/T19LDG_20220822T145729_B02_10m.tif,https://sentinel2l2a01.blob.core.windows.net/sentinel2-l2/19/L/DG/2022/08/22/S2B_MSIL2A_20220822T145729_N0400_R039_T19LDG_20220823T144754.SAFE/GRANULE/L2A_T19LDG_A028522_20220822T145726/IMG_DATA/R10m/T19LDG_20220822T145729_B03_10m.tif,https://sentinel2l2a01.blob.core.windows.net/sentinel2-l2/19/L/DG/2022/08/22/S2B_MSIL2A_20220822T145729_N0400_R039_T19LDG_20220823T144754.SAFE/GRANULE/L2A_T19LDG_A028522_20220822T145726/IMG_DATA/R10m/T19LDG_20220822T145729_B04_10m.tif,https://sentinel2l2a01.blob.core.windows.net/sentinel2-l2/19/L/DG/2022/08/22/S2B_MSIL2A_20220822T145729_N0400_R039_T19LDG_20220823T144754.SAFE/GRANULE/L2A_T19LDG_A028522_20220822T145726/IMG_DATA/R10m/T19LDG_20220822T145729_B08_10m.tif,https://sentinel2l2a01.blob.core.windows.net/sentinel2-l2/19/L/DG/2022/08/22/S2B_MSIL2A_20220822T145729_N0400_R039_T19LDG_20220823T144754.SAFE/GRANULE/L2A_T19LDG_A028522_20220822T145726/IMG_DATA/R20m/T19LDG_20220822T145729_SCL_20m.tif,,2026-08-09T23:20:24.475049Z,discovered
laberinto_development,dataset_development,2022,2022-06-01,2022-09-30,S2A_MSIL2A_20220814T144741_R139_T19LDG_20240703T134048,2022-08-14T14:47:41.024000Z,0.08707,Sentinel-2A,05.10,32719,sentinel-2-l2a,https://planetarycomputer.microsoft.com/api/stac/v1/collections/sentinel-2-l2a/items/S2A_MSIL2A_20220814T144741_R139_T19LDG_20240703T134048,"[-69.9215794,-12.7524315,-68.9100858,-11.7583421]",True,,https://sentinel2l2a01.blob.core.windows.net/sentinel2-l2/19/L/DG/2022/08/14/S2A_MSIL2A_20220814T144741_N0510_R139_T19LDG_20240703T134048.SAFE/GRANULE/L2A_T19LDG_A037316_20220814T144738/IMG_DATA/R10m/T19LDG_20220814T144741_B02_10m.tif,https://sentinel2l2a01.blob.core.windows.net/sentinel2-l2/19/L/DG/2022/08/14/S2A_MSIL2A_20220814T144741_N0510_R139_T19LDG_20240703T134048.SAFE/GRANULE/L2A_T19LDG_A037316_20220814T144738/IMG_DATA/R10m/T19LDG_20220814T144741_B03_10m.tif,https://sentinel2l2a01.blob.core.windows.net/sentinel2-l2/19/L/DG/2022/08/14/S2A_MSIL2A_20220814T144741_N0510_R139_T19LDG_20240703T134048.SAFE/GRANULE/L2A_T19LDG_A037316_20220814T144738/IMG_DATA/R10m/T19LDG_20220814T144741_B04_10m.tif,https://sentinel2l2a01.blob.core.windows.net/sentinel2-l2/19/L/DG/2022/08/14/S2A_MSIL2A_20220814T144741_N0510_R139_T19LDG_20240703T134048.SAFE/GRANULE/L2A_T19LDG_A037316_20220814T144738/IMG_DATA/R10m/T19LDG_20220814T144741_B08_10m.tif,https://sentinel2l2a01.blob.core.windows.net/sentinel2-l2/19/L/DG/2022/08/14/S2A_MSIL2A_20220814T144741_N0510_R139_T19LDG_20240703T134048.SAFE/GRANULE/L2A_T19LDG_A037316_20220814T144738/IMG_DATA/R20m/T19LDG_20220814T144741_SCL_20m.tif,,2026-08-09T23:20:24.475049Z,discovered
laberinto_development,dataset_development,2022,2022-06-01,2022-09-30,S2A_MSIL2A_20220814T144741_R139_T19LDG_20220815T072226,2022-08-14T14:47:41.024000Z,0.085918,Sentinel-2A,04.00,32719,sentinel-2-l2a,https://planetarycomputer.microsoft.com/api/stac/v1/collections/sentinel-2-l2a/items/S2A_MSIL2A_20220814T144741_R139_T19LDG_20220815T072226,"[-69.92157,-12.75243147,-68.910095,-11.75834211]",True,,https://sentinel2l2a01.blob.core.windows.net/sentinel2-l2/19/L/DG/2022/08/14/S2A_MSIL2A_20220814T144741_N0400_R139_T19LDG_20220815T072226.SAFE/GRANULE/L2A_T19LDG_A037316_20220814T144738/IMG_DATA/R10m/T19LDG_20220814T144741_B02_10m.tif,https://sentinel2l2a01.blob.core.windows.net/sentinel2-l2/19/L/DG/2022/08/14/S2A_MSIL2A_20220814T144741_N0400_R139_T19LDG_20220815T072226.SAFE/GRANULE/L2A_T19LDG_A037316_20220814T144738/IMG_DATA/R10m/T19LDG_20220814T144741_B03_10m.tif,https://sentinel2l2a01.blob.core.windows.net/sentinel2-l2/19/L/DG/2022/08/14/S2A_MSIL2A_20220814T144741_N0400_R139_T19LDG_20220815T072226.SAFE/GRANULE/L2A_T19LDG_A037316_20220814T144738/IMG_DATA/R10m/T19LDG_20220814T144741_B04_10m.tif,https://sentinel2l2a01.blob.core.windows.net/sentinel2-l2/19/L/DG/2022/08/14/S2A_MSIL2A_20220814T144741_N0400_R139_T19LDG_20220815T072226.SAFE/GRANULE/L2A_T19LDG_A037316_20220814T144738/IMG_DATA/R10m/T19LDG_20220814T144741_B08_10m.tif,https://sentinel2l2a01.blob.core.windows.net/sentinel2-l2/19/L/DG/2022/08/14/S2A_MSIL2A_20220814T144741_N0400_R139_T19LDG_20220815T072226.SAFE/GRANULE/L2A_T19LDG_A037316_20220814T144738/IMG_DATA/R20m/T19LDG_20220814T144741_SCL_20m.tif,,2026-08-09T23:20:24.475049Z,discovered
laberinto_development,dataset_development,2022,2022-06-01,2022-09-30,S2A_MSIL2A_20220728T145741_R039_T19LDG_20220729T203143,2022-07-28T14:57:41.024000Z,2.265368,Sentinel-2A,04.00,32719,sentinel-2-l2a,https://planetarycomputer.microsoft.com/api/stac/v1/collections/sentinel-2-l2a/items/S2A_MSIL2A_20220728T145741_R039_T19LDG_20220729T203143,"[-69.92157,-12.751259,-69.43628,-11.75802416]",True,,https://sentinel2l2a01.blob.core.windows.net/sentinel2-l2/19/L/DG/2022/07/28/S2A_MSIL2A_20220728T145741_N0400_R039_T19LDG_20220729T203143.SAFE/GRANULE/L2A_T19LDG_A037073_20220728T150430/IMG_DATA/R10m/T19LDG_20220728T145741_B02_10m.tif,https://sentinel2l2a01.blob.core.windows.net/sentinel2-l2/19/L/DG/2022/07/28/S2A_MSIL2A_20220728T145741_N0400_R039_T19LDG_20220729T203143.SAFE/GRANULE/L2A_T19LDG_A037073_20220728T150430/IMG_DATA/R10m/T19LDG_20220728T145741_B03_10m.tif,https://sentinel2l2a01.blob.core.windows.net/sentinel2-l2/19/L/DG/2022/07/28/S2A_MSIL2A_20220728T145741_N0400_R039_T19LDG_20220729T203143.SAFE/GRANULE/L2A_T19LDG_A037073_20220728T150430/IMG_DATA/R10m/T19LDG_20220728T145741_B04_10m.tif,https://sentinel2l2a01.blob.core.windows.net/sentinel2-l2/19/L/DG/2022/07/28/S2A_MSIL2A_20220728T145741_N0400_R039_T19LDG_20220729T203143.SAFE/GRANULE/L2A_T19LDG_A037073_20220728T150430/IMG_DATA/R10m/T19LDG_20220728T145741_B08_10m.tif,https://sentinel2l2a01.blob.core.windows.net/sentinel2-l2/19/L/DG/2022/07/28/S2A_MSIL2A_20220728T145741_N0400_R039_T19LDG_20220729T203143.SAFE/GRANULE/L2A_T19LDG_A037073_20220728T150430/IMG_DATA/R20m/T19LDG_20220728T145741_SCL_20m.tif,,2026-08-09T23:20:24.475049Z,discovered
laberinto_development,dataset_development,2022,2022-06-01,2022-09-30,S2B_MSIL2A_20220723T145729_R039_T19LDG_20240708T193618,2022-07-23T14:57:29.024000Z,11.613116,Sentinel-2B,05.10,32719,sentinel-2-l2a,https://planetarycomputer.microsoft.com/api/stac/v1/collections/sentinel-2-l2a/items/S2B_MSIL2A_20220723T145729_R039_T19LDG_20240708T193618,"[-69.9215794,-12.7512397,-69.4486675,-11.7580242]",True,,https://sentinel2l2a01.blob.core.windows.net/sentinel2-l2/19/L/DG/2022/07/23/S2B_MSIL2A_20220723T145729_N0510_R039_T19LDG_20240708T193618.SAFE/GRANULE/L2A_T19LDG_A028093_20220723T145752/IMG_DATA/R10m/T19LDG_20220723T145729_B02_10m.tif,https://sentinel2l2a01.blob.core.windows.net/sentinel2-l2/19/L/DG/2022/07/23/S2B_MSIL2A_20220723T145729_N0510_R039_T19LDG_20240708T193618.SAFE/GRANULE/L2A_T19LDG_A028093_20220723T145752/IMG_DATA/R10m/T19LDG_20220723T145729_B03_10m.tif,https://sentinel2l2a01.blob.core.windows.net/sentinel2-l2/19/L/DG/2022/07/23/S2B_MSIL2A_20220723T145729_N0510_R039_T19LDG_20240708T193618.SAFE/GRANULE/L2A_T19LDG_A028093_20220723T145752/IMG_DATA/R10m/T19LDG_20220723T145729_B04_10m.tif,https://sentinel2l2a01.blob.core.windows.net/sentinel2-l2/19/L/DG/2022/07/23/S2B_MSIL2A_20220723T145729_N0510_R039_T19LDG_20240708T193618.SAFE/GRANULE/L2A_T19LDG_A028093_20220723T145752/IMG_DATA/R10m/T19LDG_20220723T145729_B08_10m.tif,https://sentinel2l2a01.blob.core.windows.net/sentinel2-l2/19/L/DG/2022/07/23/S2B_MSIL2A_20220723T145729_N0510_R039_T19LDG_20240708T193618.SAFE/GRANULE/L2A_T19LDG_A028093_20220723T145752/IMG_DATA/R20m/T19LDG_20220723T145729_SCL_20m.tif,,2026-08-09T23:20:24.475049Z,discovered
laberinto_development,dataset_development,2022,2022-06-01,2022-09-30,S2B_MSIL2A_20220723T145729_R039_T19LDG_20220725T144846,2022-07-23T14:57:29.024000Z,11.687024,Sentinel-2B,04.00,32719,sentinel-2-l2a,https://planetarycomputer.microsoft.com/api/stac/v1/collections/sentinel-2-l2a/items/S2B_MSIL2A_20220723T145729_R039_T19LDG_20220725T144846,"[-69.92157,-12.75123974,-69.44867,-11.75802416]",True,,https://sentinel2l2a01.blob.core.windows.net/sentinel2-l2/19/L/DG/2022/07/23/S2B_MSIL2A_20220723T145729_N0400_R039_T19LDG_20220725T144846.SAFE/GRANULE/L2A_T19LDG_A028093_20220723T145752/IMG_DATA/R10m/T19LDG_20220723T145729_B02_10m.tif,https://sentinel2l2a01.blob.core.windows.net/sentinel2-l2/19/L/DG/2022/07/23/S2B_MSIL2A_20220723T145729_N0400_R039_T19LDG_20220725T144846.SAFE/GRANULE/L2A_T19LDG_A028093_20220723T145752/IMG_DATA/R10m/T19LDG_20220723T145729_B03_10m.tif,https://sentinel2l2a01.blob.core.windows.net/sentinel2-l2/19/L/DG/2022/07/23/S2B_MSIL2A_20220723T145729_N0400_R039_T19LDG_20220725T144846.SAFE/GRANULE/L2A_T19LDG_A028093_20220723T145752/IMG_DATA/R10m/T19LDG_20220723T145729_B04_10m.tif,https://sentinel2l2a01.blob.core.windows.net/sentinel2-l2/19/L/DG/2022/07/23/S2B_MSIL2A_20220723T145729_N0400_R039_T19LDG_20220725T144846.SAFE/GRANULE/L2A_T19LDG_A028093_20220723T145752/IMG_DATA/R10m/T19LDG_20220723T145729_B08_10m.tif,https://sentinel2l2a01.blob.core.windows.net/sentinel2-l2/19/L/DG/2022/07/23/S2B_MSIL2A_20220723T145729_N0400_R039_T19LDG_20220725T144846.SAFE/GRANULE/L2A_T19LDG_A028093_20220723T145752/IMG_DATA/R20m/T19LDG_20220723T145729_SCL_20m.tif,,2026-08-09T23:20:24.475049Z,discovered
laberinto_development,dataset_development,2022,2022-06-01,2022-09-30,S2B_MSIL2A_20220710T144729_R139_T19LDG_20220712T145135,2022-07-10T14:47:29.024000Z,1.059924,Sentinel-2B,04.00,32719,sentinel-2-l2a,https://planetarycomputer.microsoft.com/api/stac/v1/collections/sentinel-2-l2a/items/S2B_MSIL2A_20220710T144729_R139_T19LDG_20220712T145135,"[-69.92157,-12.75243147,-68.910095,-11.75833824]",True,,https://sentinel2l2a01.blob.core.windows.net/sentinel2-l2/19/L/DG/2022/07/10/S2B_MSIL2A_20220710T144729_N0400_R139_T19LDG_20220712T145135.SAFE/GRANULE/L2A_T19LDG_A027907_20220710T144824/IMG_DATA/R10m/T19LDG_20220710T144729_B02_10m.tif,https://sentinel2l2a01.blob.core.windows.net/sentinel2-l2/19/L/DG/2022/07/10/S2B_MSIL2A_20220710T144729_N0400_R139_T19LDG_20220712T145135.SAFE/GRANULE/L2A_T19LDG_A027907_20220710T144824/IMG_DATA/R10m/T19LDG_20220710T144729_B03_10m.tif,https://sentinel2l2a01.blob.core.windows.net/sentinel2-l2/19/L/DG/2022/07/10/S2B_MSIL2A_20220710T144729_N0400_R139_T19LDG_20220712T145135.SAFE/GRANULE/L2A_T19LDG_A027907_20220710T144824/IMG_DATA/R10m/T19LDG_20220710T144729_B04_10m.tif,https://sentinel2l2a01.blob.core.windows.net/sentinel2-l2/19/L/DG/2022/07/10/S2B_MSIL2A_20220710T144729_N0400_R139_T19LDG_20220712T145135.SAFE/GRANULE/L2A_T19LDG_A027907_20220710T144824/IMG_DATA/R10m/T19LDG_20220710T144729_B08_10m.tif,https://sentinel2l2a01.blob.core.windows.net/sentinel2-l2/19/L/DG/2022/07/10/S2B_MSIL2A_20220710T144729_N0400_R139_T19LDG_20220712T145135.SAFE/GRANULE/L2A_T19LDG_A027907_20220710T144824/IMG_DATA/R20m/T19LDG_20220710T144729_SCL_20m.tif,,2026-08-09T23:20:24.475049Z,discovered
laberinto_development,dataset_development,2022,2022-06-01,2022-09-30,S2A_MSIL2A_20220705T144741_R139_T19LDG_20220707T074556,2022-07-05T14:47:41.024000Z,9.671464,Sentinel-2A,04.00,32719,sentinel-2-l2a,https://planetarycomputer.microsoft.com/api/stac/v1/collections/sentinel-2-l2a/items/S2A_MSIL2A_20220705T144741_R139_T19LDG_20220707T074556,"[-69.92157,-12.75243147,-68.910095,-11.758334]",True,,https://sentinel2l2a01.blob.core.windows.net/sentinel2-l2/19/L/DG/2022/07/05/S2A_MSIL2A_20220705T144741_N0400_R139_T19LDG_20220707T074556.SAFE/GRANULE/L2A_T19LDG_A036744_20220705T145550/IMG_DATA/R10m/T19LDG_20220705T144741_B02_10m.tif,https://sentinel2l2a01.blob.core.windows.net/sentinel2-l2/19/L/DG/2022/07/05/S2A_MSIL2A_20220705T144741_N0400_R139_T19LDG_20220707T074556.SAFE/GRANULE/L2A_T19LDG_A036744_20220705T145550/IMG_DATA/R10m/T19LDG_20220705T144741_B03_10m.tif,https://sentinel2l2a01.blob.core.windows.net/sentinel2-l2/19/L/DG/2022/07/05/S2A_MSIL2A_20220705T144741_N0400_R139_T19LDG_20220707T074556.SAFE/GRANULE/L2A_T19LDG_A036744_20220705T145550/IMG_DATA/R10m/T19LDG_20220705T144741_B04_10m.tif,https://sentinel2l2a01.blob.core.windows.net/sentinel2-l2/19/L/DG/2022/07/05/S2A_MSIL2A_20220705T144741_N0400_R139_T19LDG_20220707T074556.SAFE/GRANULE/L2A_T19LDG_A036744_20220705T145550/IMG_DATA/R10m/T19LDG_20220705T144741_B08_10m.tif,https://sentinel2l2a01.blob.core.windows.net/sentinel2-l2/19/L/DG/2022/07/05/S2A_MSIL2A_20220705T144741_N0400_R139_T19LDG_20220707T074556.SAFE/GRANULE/L2A_T19LDG_A036744_20220705T145550/IMG_DATA/R20m/T19LDG_20220705T144741_SCL_20m.tif,,2026-08-09T23:20:24.475049Z,discovered
laberinto_development,dataset_development,2022,2022-06-01,2022-09-30,S2B_MSIL2A_20220630T144729_R139_T19LDG_20240714T160033,2022-06-30T14:47:29.024000Z,2.759395,Sentinel-2B,05.10,32719,sentinel-2-l2a,https://planetarycomputer.microsoft.com/api/stac/v1/collections/sentinel-2-l2a/items/S2B_MSIL2A_20220630T144729_R139_T19LDG_20240714T160033,"[-69.9215794,-12.7524315,-68.9100858,-11.7583313]",True,,https://sentinel2l2a01.blob.core.windows.net/sentinel2-l2/19/L/DG/2022/06/30/S2B_MSIL2A_20220630T144729_N0510_R139_T19LDG_20240714T160033.SAFE/GRANULE/L2A_T19LDG_A027764_20220630T144731/IMG_DATA/R10m/T19LDG_20220630T144729_B02_10m.tif,https://sentinel2l2a01.blob.core.windows.net/sentinel2-l2/19/L/DG/2022/06/30/S2B_MSIL2A_20220630T144729_N0510_R139_T19LDG_20240714T160033.SAFE/GRANULE/L2A_T19LDG_A027764_20220630T144731/IMG_DATA/R10m/T19LDG_20220630T144729_B03_10m.tif,https://sentinel2l2a01.blob.core.windows.net/sentinel2-l2/19/L/DG/2022/06/30/S2B_MSIL2A_20220630T144729_N0510_R139_T19LDG_20240714T160033.SAFE/GRANULE/L2A_T19LDG_A027764_20220630T144731/IMG_DATA/R10m/T19LDG_20220630T144729_B04_10m.tif,https://sentinel2l2a01.blob.core.windows.net/sentinel2-l2/19/L/DG/2022/06/30/S2B_MSIL2A_20220630T144729_N0510_R139_T19LDG_20240714T160033.SAFE/GRANULE/L2A_T19LDG_A027764_20220630T144731/IMG_DATA/R10m/T19LDG_20220630T144729_B08_10m.tif,https://sentinel2l2a01.blob.core.windows.net/sentinel2-l2/19/L/DG/2022/06/30/S2B_MSIL2A_20220630T144729_N0510_R139_T19LDG_20240714T160033.SAFE/GRANULE/L2A_T19LDG_A027764_20220630T144731/IMG_DATA/R20m/T19LDG_20220630T144729_SCL_20m.tif,,2026-08-09T23:20:24.475049Z,discovered
laberinto_development,dataset_development,2022,2022-06-01,2022-09-30,S2B_MSIL2A_20220630T144729_R139_T19LDG_20220701T042409,2022-06-30T14:47:29.024000Z,2.730447,Sentinel-2B,04.00,32719,sentinel-2-l2a,https://planetarycomputer.microsoft.com/api/stac/v1/collections/sentinel-2-l2a/items/S2B_MSIL2A_20220630T144729_R139_T19LDG_20220701T042409,"[-69.92157,-12.75243147,-68.910095,-11.7583313]",True,,https://sentinel2l2a01.blob.core.windows.net/sentinel2-l2/19/L/DG/2022/06/30/S2B_MSIL2A_20220630T144729_N0400_R139_T19LDG_20220701T042409.SAFE/GRANULE/L2A_T19LDG_A027764_20220630T144731/IMG_DATA/R10m/T19LDG_20220630T144729_B02_10m.tif,https://sentinel2l2a01.blob.core.windows.net/sentinel2-l2/19/L/DG/2022/06/30/S2B_MSIL2A_20220630T144729_N0400_R139_T19LDG_20220701T042409.SAFE/GRANULE/L2A_T19LDG_A027764_20220630T144731/IMG_DATA/R10m/T19LDG_20220630T144729_B03_10m.tif,https://sentinel2l2a01.blob.core.windows.net/sentinel2-l2/19/L/DG/2022/06/30/S2B_MSIL2A_20220630T144729_N0400_R139_T19LDG_20220701T042409.SAFE/GRANULE/L2A_T19LDG_A027764_20220630T144731/IMG_DATA/R10m/T19LDG_20220630T144729_B04_10m.tif,https://sentinel2l2a01.blob.core.windows.net/sentinel2-l2/19/L/DG/2022/06/30/S2B_MSIL2A_20220630T144729_N0400_R139_T19LDG_20220701T042409.SAFE/GRANULE/L2A_T19LDG_A027764_20220630T144731/IMG_DATA/R10m/T19LDG_20220630T144729_B08_10m.tif,https://sentinel2l2a01.blob.core.windows.net/sentinel2-l2/19/L/DG/2022/06/30/S2B_MSIL2A_20220630T144729_N0400_R139_T19LDG_20220701T042409.SAFE/GRANULE/L2A_T19LDG_A027764_20220630T144731/IMG_DATA/R20m/T19LDG_20220630T144729_SCL_20m.tif,,2026-08-09T23:20:24.475049Z,discovered
laberinto_development,dataset_development,2022,2022-06-01,2022-09-30,S2A_MSIL2A_20220628T145741_R039_T19LDG_20220629T063124,2022-06-28T14:57:41.024000Z,9.206921,Sentinel-2A,04.00,32719,sentinel-2-l2a,https://planetarycomputer.microsoft.com/api/stac/v1/collections/sentinel-2-l2a/items/S2A_MSIL2A_20220628T145741_R039_T19LDG_20220629T063124,"[-69.92157,-12.75122689,-69.4563,-11.75802416]",True,,https://sentinel2l2a01.blob.core.windows.net/sentinel2-l2/19/L/DG/2022/06/28/S2A_MSIL2A_20220628T145741_N0400_R039_T19LDG_20220629T063124.SAFE/GRANULE/L2A_T19LDG_A036644_20220628T150513/IMG_DATA/R10m/T19LDG_20220628T145741_B02_10m.tif,https://sentinel2l2a01.blob.core.windows.net/sentinel2-l2/19/L/DG/2022/06/28/S2A_MSIL2A_20220628T145741_N0400_R039_T19LDG_20220629T063124.SAFE/GRANULE/L2A_T19LDG_A036644_20220628T150513/IMG_DATA/R10m/T19LDG_20220628T145741_B03_10m.tif,https://sentinel2l2a01.blob.core.windows.net/sentinel2-l2/19/L/DG/2022/06/28/S2A_MSIL2A_20220628T145741_N0400_R039_T19LDG_20220629T063124.SAFE/GRANULE/L2A_T19LDG_A036644_20220628T150513/IMG_DATA/R10m/T19LDG_20220628T145741_B04_10m.tif,https://sentinel2l2a01.blob.core.windows.net/sentinel2-l2/19/L/DG/2022/06/28/S2A_MSIL2A_20220628T145741_N0400_R039_T19LDG_20220629T063124.SAFE/GRANULE/L2A_T19LDG_A036644_20220628T150513/IMG_DATA/R10m/T19LDG_20220628T145741_B08_10m.tif,https://sentinel2l2a01.blob.core.windows.net/sentinel2-l2/19/L/DG/2022/06/28/S2A_MSIL2A_20220628T145741_N0400_R039_T19LDG_20220629T063124.SAFE/GRANULE/L2A_T19LDG_A036644_20220628T150513/IMG_DATA/R20m/T19LDG_20220628T145741_SCL_20m.tif,,2026-08-09T23:20:24.475049Z,discovered
laberinto_development,dataset_development,2022,2022-06-01,2022-09-30,S2A_MSIL2A_20220625T144741_R139_T19LDG_20240703T025543,2022-06-25T14:47:41.024000Z,9.864256,Sentinel-2A,05.10,32719,sentinel-2-l2a,https://planetarycomputer.microsoft.com/api/stac/v1/collections/sentinel-2-l2a/items/S2A_MSIL2A_20220625T144741_R139_T19LDG_20240703T025543,"[-69.9215794,-12.7524315,-68.9100858,-11.7583317]",True,,https://sentinel2l2a01.blob.core.windows.net/sentinel2-l2/19/L/DG/2022/06/25/S2A_MSIL2A_20220625T144741_N0510_R139_T19LDG_20240703T025543.SAFE/GRANULE/L2A_T19LDG_A036601_20220625T144743/IMG_DATA/R10m/T19LDG_20220625T144741_B02_10m.tif,https://sentinel2l2a01.blob.core.windows.net/sentinel2-l2/19/L/DG/2022/06/25/S2A_MSIL2A_20220625T144741_N0510_R139_T19LDG_20240703T025543.SAFE/GRANULE/L2A_T19LDG_A036601_20220625T144743/IMG_DATA/R10m/T19LDG_20220625T144741_B03_10m.tif,https://sentinel2l2a01.blob.core.windows.net/sentinel2-l2/19/L/DG/2022/06/25/S2A_MSIL2A_20220625T144741_N0510_R139_T19LDG_20240703T025543.SAFE/GRANULE/L2A_T19LDG_A036601_20220625T144743/IMG_DATA/R10m/T19LDG_20220625T144741_B04_10m.tif,https://sentinel2l2a01.blob.core.windows.net/sentinel2-l2/19/L/DG/2022/06/25/S2A_MSIL2A_20220625T144741_N0510_R139_T19LDG_20240703T025543.SAFE/GRANULE/L2A_T19LDG_A036601_20220625T144743/IMG_DATA/R10m/T19LDG_20220625T144741_B08_10m.tif,https://sentinel2l2a01.blob.core.windows.net/sentinel2-l2/19/L/DG/2022/06/25/S2A_MSIL2A_20220625T144741_N0510_R139_T19LDG_20240703T025543.SAFE/GRANULE/L2A_T19LDG_A036601_20220625T144743/IMG_DATA/R20m/T19LDG_20220625T144741_SCL_20m.tif,,2026-08-09T23:20:24.475049Z,discovered
laberinto_development,dataset_development,2022,2022-06-01,2022-09-30,S2A_MSIL2A_20220625T144741_R139_T19LDG_20220626T044643,2022-06-25T14:47:41.024000Z,9.874263,Sentinel-2A,04.00,32719,sentinel-2-l2a,https://planetarycomputer.microsoft.com/api/stac/v1/collections/sentinel-2-l2a/items/S2A_MSIL2A_20220625T144741_R139_T19LDG_20220626T044643,"[-69.92157,-12.75243147,-68.910095,-11.75833175]",True,,https://sentinel2l2a01.blob.core.windows.net/sentinel2-l2/19/L/DG/2022/06/25/S2A_MSIL2A_20220625T144741_N0400_R139_T19LDG_20220626T044643.SAFE/GRANULE/L2A_T19LDG_A036601_20220625T144743/IMG_DATA/R10m/T19LDG_20220625T144741_B02_10m.tif,https://sentinel2l2a01.blob.core.windows.net/sentinel2-l2/19/L/DG/2022/06/25/S2A_MSIL2A_20220625T144741_N0400_R139_T19LDG_20220626T044643.SAFE/GRANULE/L2A_T19LDG_A036601_20220625T144743/IMG_DATA/R10m/T19LDG_20220625T144741_B03_10m.tif,https://sentinel2l2a01.blob.core.windows.net/sentinel2-l2/19/L/DG/2022/06/25/S2A_MSIL2A_20220625T144741_N0400_R139_T19LDG_20220626T044643.SAFE/GRANULE/L2A_T19LDG_A036601_20220625T144743/IMG_DATA/R10m/T19LDG_20220625T144741_B04_10m.tif,https://sentinel2l2a01.blob.core.windows.net/sentinel2-l2/19/L/DG/2022/06/25/S2A_MSIL2A_20220625T144741_N0400_R139_T19LDG_20220626T044643.SAFE/GRANULE/L2A_T19LDG_A036601_20220625T144743/IMG_DATA/R10m/T19LDG_20220625T144741_B08_10m.tif,https://sentinel2l2a01.blob.core.windows.net/sentinel2-l2/19/L/DG/2022/06/25/S2A_MSIL2A_20220625T144741_N0400_R139_T19LDG_20220626T044643.SAFE/GRANULE/L2A_T19LDG_A036601_20220625T144743/IMG_DATA/R20m/T19LDG_20220625T144741_SCL_20m.tif,,2026-08-09T23:20:24.475049Z,discovered
laberinto_development,dataset_development,2022,2022-06-01,2022-09-30,S2B_MSIL2A_20220623T145729_R039_T19LDG_20220624T031819,2022-06-23T14:57:29.024000Z,1.021742,Sentinel-2B,04.00,32719,sentinel-2-l2a,https://planetarycomputer.microsoft.com/api/stac/v1/collections/sentinel-2-l2a/items/S2B_MSIL2A_20220623T145729_R039_T19LDG_20220624T031819,"[-69.92157,-12.75122799,-69.45639,-11.75802416]",True,,https://sentinel2l2a01.blob.core.windows.net/sentinel2-l2/19/L/DG/2022/06/23/S2B_MSIL2A_20220623T145729_N0400_R039_T19LDG_20220624T031819.SAFE/GRANULE/L2A_T19LDG_A027664_20220623T145918/IMG_DATA/R10m/T19LDG_20220623T145729_B02_10m.tif,https://sentinel2l2a01.blob.core.windows.net/sentinel2-l2/19/L/DG/2022/06/23/S2B_MSIL2A_20220623T145729_N0400_R039_T19LDG_20220624T031819.SAFE/GRANULE/L2A_T19LDG_A027664_20220623T145918/IMG_DATA/R10m/T19LDG_20220623T145729_B03_10m.tif,https://sentinel2l2a01.blob.core.windows.net/sentinel2-l2/19/L/DG/2022/06/23/S2B_MSIL2A_20220623T145729_N0400_R039_T19LDG_20220624T031819.SAFE/GRANULE/L2A_T19LDG_A027664_20220623T145918/IMG_DATA/R10m/T19LDG_20220623T145729_B04_10m.tif,https://sentinel2l2a01.blob.core.windows.net/sentinel2-l2/19/L/DG/2022/06/23/S2B_MSIL2A_20220623T145729_N0400_R039_T19LDG_20220624T031819.SAFE/GRANULE/L2A_T19LDG_A027664_20220623T145918/IMG_DATA/R10m/T19LDG_20220623T145729_B08_10m.tif,https://sentinel2l2a01.blob.core.windows.net/sentinel2-l2/19/L/DG/2022/06/23/S2B_MSIL2A_20220623T145729_N0400_R039_T19LDG_20220624T031819.SAFE/GRANULE/L2A_T19LDG_A027664_20220623T145918/IMG_DATA/R20m/T19LDG_20220623T145729_SCL_20m.tif,,2026-08-09T23:20:24.475049Z,discovered
laberinto_development,dataset_development,2022,2022-06-01,2022-09-30,S2A_MSIL2A_20220615T144741_R139_T19LDG_20240620T023425,2022-06-15T14:47:41.024000Z,0.004444,Sentinel-2A,05.10,32719,sentinel-2-l2a,https://planetarycomputer.microsoft.com/api/stac/v1/collections/sentinel-2-l2a/items/S2A_MSIL2A_20220615T144741_R139_T19LDG_20240620T023425,"[-69.9215794,-12.7524315,-68.9100858,-11.7583388]",True,,https://sentinel2l2a01.blob.core.windows.net/sentinel2-l2/19/L/DG/2022/06/15/S2A_MSIL2A_20220615T144741_N0510_R139_T19LDG_20240620T023425.SAFE/GRANULE/L2A_T19LDG_A036458_20220615T144741/IMG_DATA/R10m/T19LDG_20220615T144741_B02_10m.tif,https://sentinel2l2a01.blob.core.windows.net/sentinel2-l2/19/L/DG/2022/06/15/S2A_MSIL2A_20220615T144741_N0510_R139_T19LDG_20240620T023425.SAFE/GRANULE/L2A_T19LDG_A036458_20220615T144741/IMG_DATA/R10m/T19LDG_20220615T144741_B03_10m.tif,https://sentinel2l2a01.blob.core.windows.net/sentinel2-l2/19/L/DG/2022/06/15/S2A_MSIL2A_20220615T144741_N0510_R139_T19LDG_20240620T023425.SAFE/GRANULE/L2A_T19LDG_A036458_20220615T144741/IMG_DATA/R10m/T19LDG_20220615T144741_B04_10m.tif,https://sentinel2l2a01.blob.core.windows.net/sentinel2-l2/19/L/DG/2022/06/15/S2A_MSIL2A_20220615T144741_N0510_R139_T19LDG_20240620T023425.SAFE/GRANULE/L2A_T19LDG_A036458_20220615T144741/IMG_DATA/R10m/T19LDG_20220615T144741_B08_10m.tif,https://sentinel2l2a01.blob.core.windows.net/sentinel2-l2/19/L/DG/2022/06/15/S2A_MSIL2A_20220615T144741_N0510_R139_T19LDG_20240620T023425.SAFE/GRANULE/L2A_T19LDG_A036458_20220615T144741/IMG_DATA/R20m/T19LDG_20220615T144741_SCL_20m.tif,,2026-08-09T23:20:24.475049Z,discovered
laberinto_development,dataset_development,2022,2022-06-01,2022-09-30,S2A_MSIL2A_20220615T144741_R139_T19LDG_20220618T163011,2022-06-15T14:47:41.024000Z,0.004751,Sentinel-2A,04.00,32719,sentinel-2-l2a,https://planetarycomputer.microsoft.com/api/stac/v1/collections/sentinel-2-l2a/items/S2A_MSIL2A_20220615T144741_R139_T19LDG_20220618T163011,"[-69.92157,-12.75243147,-68.910095,-11.75833886]",True,,https://sentinel2l2a01.blob.core.windows.net/sentinel2-l2/19/L/DG/2022/06/15/S2A_MSIL2A_20220615T144741_N0400_R139_T19LDG_20220618T163011.SAFE/GRANULE/L2A_T19LDG_A036458_20220615T144741/IMG_DATA/R10m/T19LDG_20220615T144741_B02_10m.tif,https://sentinel2l2a01.blob.core.windows.net/sentinel2-l2/19/L/DG/2022/06/15/S2A_MSIL2A_20220615T144741_N0400_R139_T19LDG_20220618T163011.SAFE/GRANULE/L2A_T19LDG_A036458_20220615T144741/IMG_DATA/R10m/T19LDG_20220615T144741_B03_10m.tif,https://sentinel2l2a01.blob.core.windows.net/sentinel2-l2/19/L/DG/2022/06/15/S2A_MSIL2A_20220615T144741_N0400_R139_T19LDG_20220618T163011.SAFE/GRANULE/L2A_T19LDG_A036458_20220615T144741/IMG_DATA/R10m/T19LDG_20220615T144741_B04_10m.tif,https://sentinel2l2a01.blob.core.windows.net/sentinel2-l2/19/L/DG/2022/06/15/S2A_MSIL2A_20220615T144741_N0400_R139_T19LDG_20220618T163011.SAFE/GRANULE/L2A_T19LDG_A036458_20220615T144741/IMG_DATA/R10m/T19LDG_20220615T144741_B08_10m.tif,https://sentinel2l2a01.blob.core.windows.net/sentinel2-l2/19/L/DG/2022/06/15/S2A_MSIL2A_20220615T144741_N0400_R139_T19LDG_20220618T163011.SAFE/GRANULE/L2A_T19LDG_A036458_20220615T144741/IMG_DATA/R20m/T19LDG_20220615T144741_SCL_20m.tif,,2026-08-09T23:20:24.475049Z,discovered
laberinto_development,dataset_development,2022,2022-06-01,2022-09-30,S2B_MSIL2A_20220613T145729_R039_T19LDG_20220614T102720,2022-06-13T14:57:29.024000Z,0.119197,Sentinel-2B,04.00,32719,sentinel-2-l2a,https://planetarycomputer.microsoft.com/api/stac/v1/collections/sentinel-2-l2a/items/S2B_MSIL2A_20220613T145729_R039_T19LDG_20220614T102720,"[-69.9215794,-12.75123199,-69.45313141,-11.75802416]",True,,https://sentinel2l2a01.blob.core.windows.net/sentinel2-l2/19/L/DG/2022/06/13/S2B_MSIL2A_20220613T145729_N0400_R039_T19LDG_20220614T102720.SAFE/GRANULE/L2A_T19LDG_A027521_20220613T145913/IMG_DATA/R10m/T19LDG_20220613T145729_B02_10m.tif,https://sentinel2l2a01.blob.core.windows.net/sentinel2-l2/19/L/DG/2022/06/13/S2B_MSIL2A_20220613T145729_N0400_R039_T19LDG_20220614T102720.SAFE/GRANULE/L2A_T19LDG_A027521_20220613T145913/IMG_DATA/R10m/T19LDG_20220613T145729_B03_10m.tif,https://sentinel2l2a01.blob.core.windows.net/sentinel2-l2/19/L/DG/2022/06/13/S2B_MSIL2A_20220613T145729_N0400_R039_T19LDG_20220614T102720.SAFE/GRANULE/L2A_T19LDG_A027521_20220613T145913/IMG_DATA/R10m/T19LDG_20220613T145729_B04_10m.tif,https://sentinel2l2a01.blob.core.windows.net/sentinel2-l2/19/L/DG/2022/06/13/S2B_MSIL2A_20220613T145729_N0400_R039_T19LDG_20220614T102720.SAFE/GRANULE/L2A_T19LDG_A027521_20220613T145913/IMG_DATA/R10m/T19LDG_20220613T145729_B08_10m.tif,https://sentinel2l2a01.blob.core.windows.net/sentinel2-l2/19/L/DG/2022/06/13/S2B_MSIL2A_20220613T145729_N0400_R039_T19LDG_20220614T102720.SAFE/GRANULE/L2A_T19LDG_A027521_20220613T145913/IMG_DATA/R20m/T19LDG_20220613T145729_SCL_20m.tif,,2026-08-09T23:20:24.475049Z,discovered
las_piedras_development,dataset_development,2018,2018-06-01,2018-09-30,S2B_MSIL2A_20180929T144729_R139_T19LDG_20201009T062150,2018-09-29T14:47:29.024000Z,6.861087,Sentinel-2B,02.12,32719,sentinel-2-l2a,https://planetarycomputer.microsoft.com/api/stac/v1/collections/sentinel-2-l2a/items/S2B_MSIL2A_20180929T144729_R139_T19LDG_20201009T062150,"[-69.92157,-12.75243146859007,-68.910095,-11.75835328008711]",True,,https://sentinel2l2a01.blob.core.windows.net/sentinel2-l2/19/L/DG/2018/09/29/S2B_MSIL2A_20180929T144729_N0212_R139_T19LDG_20201009T062150.SAFE/GRANULE/L2A_T19LDG_A008173_20180929T145000/IMG_DATA/R10m/T19LDG_20180929T144729_B02_10m.tif,https://sentinel2l2a01.blob.core.windows.net/sentinel2-l2/19/L/DG/2018/09/29/S2B_MSIL2A_20180929T144729_N0212_R139_T19LDG_20201009T062150.SAFE/GRANULE/L2A_T19LDG_A008173_20180929T145000/IMG_DATA/R10m/T19LDG_20180929T144729_B03_10m.tif,https://sentinel2l2a01.blob.core.windows.net/sentinel2-l2/19/L/DG/2018/09/29/S2B_MSIL2A_20180929T144729_N0212_R139_T19LDG_20201009T062150.SAFE/GRANULE/L2A_T19LDG_A008173_20180929T145000/IMG_DATA/R10m/T19LDG_20180929T144729_B04_10m.tif,https://sentinel2l2a01.blob.core.windows.net/sentinel2-l2/19/L/DG/2018/09/29/S2B_MSIL2A_20180929T144729_N0212_R139_T19LDG_20201009T062150.SAFE/GRANULE/L2A_T19LDG_A008173_20180929T145000/IMG_DATA/R10m/T19LDG_20180929T144729_B08_10m.tif,https://sentinel2l2a01.blob.core.windows.net/sentinel2-l2/19/L/DG/2018/09/29/S2B_MSIL2A_20180929T144729_N0212_R139_T19LDG_20201009T062150.SAFE/GRANULE/L2A_T19LDG_A008173_20180929T145000/IMG_DATA/R20m/T19LDG_20180929T144729_SCL_20m.tif,,2026-08-09T23:20:24.475049Z,discovered
las_piedras_development,dataset_development,2018,2018-06-01,2018-09-30,S2B_MSIL2A_20180909T144719_R139_T19LDG_20201008T232544,2018-09-09T14:47:19.024000Z,0.083925,Sentinel-2B,02.12,32719,sentinel-2-l2a,https://planetarycomputer.microsoft.com/api/stac/v1/collections/sentinel-2-l2a/items/S2B_MSIL2A_20180909T144719_R139_T19LDG_20201008T232544,"[-69.911194,-12.75243146859007,-68.910095,-11.758369857433273]",True,,https://sentinel2l2a01.blob.core.windows.net/sentinel2-l2/19/L/DG/2018/09/09/S2B_MSIL2A_20180909T144719_N0212_R139_T19LDG_20201008T232544.SAFE/GRANULE/L2A_T19LDG_A007887_20180909T145159/IMG_DATA/R10m/T19LDG_20180909T144719_B02_10m.tif,https://sentinel2l2a01.blob.core.windows.net/sentinel2-l2/19/L/DG/2018/09/09/S2B_MSIL2A_20180909T144719_N0212_R139_T19LDG_20201008T232544.SAFE/GRANULE/L2A_T19LDG_A007887_20180909T145159/IMG_DATA/R10m/T19LDG_20180909T144719_B03_10m.tif,https://sentinel2l2a01.blob.core.windows.net/sentinel2-l2/19/L/DG/2018/09/09/S2B_MSIL2A_20180909T144719_N0212_R139_T19LDG_20201008T232544.SAFE/GRANULE/L2A_T19LDG_A007887_20180909T145159/IMG_DATA/R10m/T19LDG_20180909T144719_B04_10m.tif,https://sentinel2l2a01.blob.core.windows.net/sentinel2-l2/19/L/DG/2018/09/09/S2B_MSIL2A_20180909T144719_N0212_R139_T19LDG_20201008T232544.SAFE/GRANULE/L2A_T19LDG_A007887_20180909T145159/IMG_DATA/R10m/T19LDG_20180909T144719_B08_10m.tif,https://sentinel2l2a01.blob.core.windows.net/sentinel2-l2/19/L/DG/2018/09/09/S2B_MSIL2A_20180909T144719_N0212_R139_T19LDG_20201008T232544.SAFE/GRANULE/L2A_T19LDG_A007887_20180909T145159/IMG_DATA/R20m/T19LDG_20180909T144719_SCL_20m.tif,,2026-08-09T23:20:24.475049Z,discovered
las_piedras_development,dataset_development,2018,2018-06-01,2018-09-30,S2A_MSIL2A_20180904T144731_R139_T19LDG_20201011T082931,2018-09-04T14:47:31.024000Z,0.098344,Sentinel-2A,02.12,32719,sentinel-2-l2a,https://planetarycomputer.microsoft.com/api/stac/v1/collections/sentinel-2-l2a/items/S2A_MSIL2A_20180904T144731_R139_T19LDG_20201011T082931,"[-69.92157,-12.75243146859007,-68.910095,-11.75834989259188]",True,,https://sentinel2l2a01.blob.core.windows.net/sentinel2-l2/19/L/DG/2018/09/04/S2A_MSIL2A_20180904T144731_N0212_R139_T19LDG_20201011T082931.SAFE/GRANULE/L2A_T19LDG_A016724_20180904T144728/IMG_DATA/R10m/T19LDG_20180904T144731_B02_10m.tif,https://sentinel2l2a01.blob.core.windows.net/sentinel2-l2/19/L/DG/2018/09/04/S2A_MSIL2A_20180904T144731_N0212_R139_T19LDG_20201011T082931.SAFE/GRANULE/L2A_T19LDG_A016724_20180904T144728/IMG_DATA/R10m/T19LDG_20180904T144731_B03_10m.tif,https://sentinel2l2a01.blob.core.windows.net/sentinel2-l2/19/L/DG/2018/09/04/S2A_MSIL2A_20180904T144731_N0212_R139_T19LDG_20201011T082931.SAFE/GRANULE/L2A_T19LDG_A016724_20180904T144728/IMG_DATA/R10m/T19LDG_20180904T144731_B04_10m.tif,https://sentinel2l2a01.blob.core.windows.net/sentinel2-l2/19/L/DG/2018/09/04/S2A_MSIL2A_20180904T144731_N0212_R139_T19LDG_20201011T082931.SAFE/GRANULE/L2A_T19LDG_A016724_20180904T144728/IMG_DATA/R10m/T19LDG_20180904T144731_B08_10m.tif,https://sentinel2l2a01.blob.core.windows.net/sentinel2-l2/19/L/DG/2018/09/04/S2A_MSIL2A_20180904T144731_N0212_R139_T19LDG_20201011T082931.SAFE/GRANULE/L2A_T19LDG_A016724_20180904T144728/IMG_DATA/R20m/T19LDG_20180904T144731_SCL_20m.tif,,2026-08-09T23:20:24.475049Z,discovered
las_piedras_development,dataset_development,2018,2018-06-01,2018-09-30,S2B_MSIL2A_20180830T144719_R139_T19LDG_20201103T163533,2018-08-30T14:47:19.024000Z,0.06888,Sentinel-2B,02.12,32719,sentinel-2-l2a,https://planetarycomputer.microsoft.com/api/stac/v1/collections/sentinel-2-l2a/items/S2B_MSIL2A_20180830T144719_R139_T19LDG_20201103T163533,"[-69.90275282591124,-12.75243146859007,-68.91008576435848,-11.758382257552325]",True,,https://sentinel2l2a01.blob.core.windows.net/sentinel2-l2/19/L/DG/2018/08/30/S2B_MSIL2A_20180830T144719_N0212_R139_T19LDG_20201103T163533.SAFE/GRANULE/L2A_T19LDG_A007744_20180830T144952/IMG_DATA/R10m/T19LDG_20180830T144719_B02_10m.tif,https://sentinel2l2a01.blob.core.windows.net/sentinel2-l2/19/L/DG/2018/08/30/S2B_MSIL2A_20180830T144719_N0212_R139_T19LDG_20201103T163533.SAFE/GRANULE/L2A_T19LDG_A007744_20180830T144952/IMG_DATA/R10m/T19LDG_20180830T144719_B03_10m.tif,https://sentinel2l2a01.blob.core.windows.net/sentinel2-l2/19/L/DG/2018/08/30/S2B_MSIL2A_20180830T144719_N0212_R139_T19LDG_20201103T163533.SAFE/GRANULE/L2A_T19LDG_A007744_20180830T144952/IMG_DATA/R10m/T19LDG_20180830T144719_B04_10m.tif,https://sentinel2l2a01.blob.core.windows.net/sentinel2-l2/19/L/DG/2018/08/30/S2B_MSIL2A_20180830T144719_N0212_R139_T19LDG_20201103T163533.SAFE/GRANULE/L2A_T19LDG_A007744_20180830T144952/IMG_DATA/R10m/T19LDG_20180830T144719_B08_10m.tif,https://sentinel2l2a01.blob.core.windows.net/sentinel2-l2/19/L/DG/2018/08/30/S2B_MSIL2A_20180830T144719_N0212_R139_T19LDG_20201103T163533.SAFE/GRANULE/L2A_T19LDG_A007744_20180830T144952/IMG_DATA/R20m/T19LDG_20180830T144719_SCL_20m.tif,,2026-08-09T23:20:24.475049Z,discovered
las_piedras_development,dataset_development,2018,2018-06-01,2018-09-30,S2A_MSIL2A_20180825T144731_R139_T19LDG_20201011T064550,2018-08-25T14:47:31.024000Z,0.385414,Sentinel-2A,02.12,32719,sentinel-2-l2a,https://planetarycomputer.microsoft.com/api/stac/v1/collections/sentinel-2-l2a/items/S2A_MSIL2A_20180825T144731_R139_T19LDG_20201011T064550,"[-69.92157,-12.75243146859007,-68.910095,-11.758352372823085]",True,,https://sentinel2l2a01.blob.core.windows.net/sentinel2-l2/19/L/DG/2018/08/25/S2A_MSIL2A_20180825T144731_N0212_R139_T19LDG_20201011T064550.SAFE/GRANULE/L2A_T19LDG_A016581_20180825T145457/IMG_DATA/R10m/T19LDG_20180825T144731_B02_10m.tif,https://sentinel2l2a01.blob.core.windows.net/sentinel2-l2/19/L/DG/2018/08/25/S2A_MSIL2A_20180825T144731_N0212_R139_T19LDG_20201011T064550.SAFE/GRANULE/L2A_T19LDG_A016581_20180825T145457/IMG_DATA/R10m/T19LDG_20180825T144731_B03_10m.tif,https://sentinel2l2a01.blob.core.windows.net/sentinel2-l2/19/L/DG/2018/08/25/S2A_MSIL2A_20180825T144731_N0212_R139_T19LDG_20201011T064550.SAFE/GRANULE/L2A_T19LDG_A016581_20180825T145457/IMG_DATA/R10m/T19LDG_20180825T144731_B04_10m.tif,https://sentinel2l2a01.blob.core.windows.net/sentinel2-l2/19/L/DG/2018/08/25/S2A_MSIL2A_20180825T144731_N0212_R139_T19LDG_20201011T064550.SAFE/GRANULE/L2A_T19LDG_A016581_20180825T145457/IMG_DATA/R10m/T19LDG_20180825T144731_B08_10m.tif,https://sentinel2l2a01.blob.core.windows.net/sentinel2-l2/19/L/DG/2018/08/25/S2A_MSIL2A_20180825T144731_N0212_R139_T19LDG_20201011T064550.SAFE/GRANULE/L2A_T19LDG_A016581_20180825T145457/IMG_DATA/R20m/T19LDG_20180825T144731_SCL_20m.tif,,2026-08-09T23:20:24.475049Z,discovered
las_piedras_development,dataset_development,2018,2018-06-01,2018-09-30,S2B_MSIL2A_20180810T144729_R139_T19LDG_20201011T000046,2018-08-10T14:47:29.024000Z,1.377127,Sentinel-2B,02.12,32719,sentinel-2-l2a,https://planetarycomputer.microsoft.com/api/stac/v1/collections/sentinel-2-l2a/items/S2B_MSIL2A_20180810T144729_R139_T19LDG_20201011T000046,"[-69.91174,-12.75243146859007,-68.910095,-11.758368731990432]",True,,https://sentinel2l2a01.blob.core.windows.net/sentinel2-l2/19/L/DG/2018/08/10/S2B_MSIL2A_20180810T144729_N0212_R139_T19LDG_20201011T000046.SAFE/GRANULE/L2A_T19LDG_A007458_20180810T144802/IMG_DATA/R10m/T19LDG_20180810T144729_B02_10m.tif,https://sentinel2l2a01.blob.core.windows.net/sentinel2-l2/19/L/DG/2018/08/10/S2B_MSIL2A_20180810T144729_N0212_R139_T19LDG_20201011T000046.SAFE/GRANULE/L2A_T19LDG_A007458_20180810T144802/IMG_DATA/R10m/T19LDG_20180810T144729_B03_10m.tif,https://sentinel2l2a01.blob.core.windows.net/sentinel2-l2/19/L/DG/2018/08/10/S2B_MSIL2A_20180810T144729_N0212_R139_T19LDG_20201011T000046.SAFE/GRANULE/L2A_T19LDG_A007458_20180810T144802/IMG_DATA/R10m/T19LDG_20180810T144729_B04_10m.tif,https://sentinel2l2a01.blob.core.windows.net/sentinel2-l2/19/L/DG/2018/08/10/S2B_MSIL2A_20180810T144729_N0212_R139_T19LDG_20201011T000046.SAFE/GRANULE/L2A_T19LDG_A007458_20180810T144802/IMG_DATA/R10m/T19LDG_20180810T144729_B08_10m.tif,https://sentinel2l2a01.blob.core.windows.net/sentinel2-l2/19/L/DG/2018/08/10/S2B_MSIL2A_20180810T144729_N0212_R139_T19LDG_20201011T000046.SAFE/GRANULE/L2A_T19LDG_A007458_20180810T144802/IMG_DATA/R20m/T19LDG_20180810T144729_SCL_20m.tif,,2026-08-09T23:20:24.475049Z,discovered
las_piedras_development,dataset_development,2018,2018-06-01,2018-09-30,S2A_MSIL2A_20180726T144731_R139_T19LDG_20201011T201334,2018-07-26T14:47:31.024000Z,0.288017,Sentinel-2A,02.12,32719,sentinel-2-l2a,https://planetarycomputer.microsoft.com/api/stac/v1/collections/sentinel-2-l2a/items/S2A_MSIL2A_20180726T144731_R139_T19LDG_20201011T201334,"[-69.9213814404313,-12.75243146859007,-68.91008576435848,-11.758355043289775]",True,,https://sentinel2l2a01.blob.core.windows.net/sentinel2-l2/19/L/DG/2018/07/26/S2A_MSIL2A_20180726T144731_N0212_R139_T19LDG_20201011T201334.SAFE/GRANULE/L2A_T19LDG_A016152_20180726T145459/IMG_DATA/R10m/T19LDG_20180726T144731_B02_10m.tif,https://sentinel2l2a01.blob.core.windows.net/sentinel2-l2/19/L/DG/2018/07/26/S2A_MSIL2A_20180726T144731_N0212_R139_T19LDG_20201011T201334.SAFE/GRANULE/L2A_T19LDG_A016152_20180726T145459/IMG_DATA/R10m/T19LDG_20180726T144731_B03_10m.tif,https://sentinel2l2a01.blob.core.windows.net/sentinel2-l2/19/L/DG/2018/07/26/S2A_MSIL2A_20180726T144731_N0212_R139_T19LDG_20201011T201334.SAFE/GRANULE/L2A_T19LDG_A016152_20180726T145459/IMG_DATA/R10m/T19LDG_20180726T144731_B04_10m.tif,https://sentinel2l2a01.blob.core.windows.net/sentinel2-l2/19/L/DG/2018/07/26/S2A_MSIL2A_20180726T144731_N0212_R139_T19LDG_20201011T201334.SAFE/GRANULE/L2A_T19LDG_A016152_20180726T145459/IMG_DATA/R10m/T19LDG_20180726T144731_B08_10m.tif,https://sentinel2l2a01.blob.core.windows.net/sentinel2-l2/19/L/DG/2018/07/26/S2A_MSIL2A_20180726T144731_N0212_R139_T19LDG_20201011T201334.SAFE/GRANULE/L2A_T19LDG_A016152_20180726T145459/IMG_DATA/R20m/T19LDG_20180726T144731_SCL_20m.tif,,2026-08-09T23:20:24.475049Z,discovered
las_piedras_development,dataset_development,2018,2018-06-01,2018-09-30,S2A_MSIL2A_20180716T144731_R139_T19LDG_20201011T162627,2018-07-16T14:47:31.024000Z,0.312198,Sentinel-2A,02.12,32719,sentinel-2-l2a,https://planetarycomputer.microsoft.com/api/stac/v1/collections/sentinel-2-l2a/items/S2A_MSIL2A_20180716T144731_R139_T19LDG_20201011T162627,"[-69.91998213866353,-12.75243146859007,-68.91008576435848,-11.75835663419678]",True,,https://sentinel2l2a01.blob.core.windows.net/sentinel2-l2/19/L/DG/2018/07/16/S2A_MSIL2A_20180716T144731_N0212_R139_T19LDG_20201011T162627.SAFE/GRANULE/L2A_T19LDG_A016009_20180716T144920/IMG_DATA/R10m/T19LDG_20180716T144731_B02_10m.tif,https://sentinel2l2a01.blob.core.windows.net/sentinel2-l2/19/L/DG/2018/07/16/S2A_MSIL2A_20180716T144731_N0212_R139_T19LDG_20201011T162627.SAFE/GRANULE/L2A_T19LDG_A016009_20180716T144920/IMG_DATA/R10m/T19LDG_20180716T144731_B03_10m.tif,https://sentinel2l2a01.blob.core.windows.net/sentinel2-l2/19/L/DG/2018/07/16/S2A_MSIL2A_20180716T144731_N0212_R139_T19LDG_20201011T162627.SAFE/GRANULE/L2A_T19LDG_A016009_20180716T144920/IMG_DATA/R10m/T19LDG_20180716T144731_B04_10m.tif,https://sentinel2l2a01.blob.core.windows.net/sentinel2-l2/19/L/DG/2018/07/16/S2A_MSIL2A_20180716T144731_N0212_R139_T19LDG_20201011T162627.SAFE/GRANULE/L2A_T19LDG_A016009_20180716T144920/IMG_DATA/R10m/T19LDG_20180716T144731_B08_10m.tif,https://sentinel2l2a01.blob.core.windows.net/sentinel2-l2/19/L/DG/2018/07/16/S2A_MSIL2A_20180716T144731_N0212_R139_T19LDG_20201011T162627.SAFE/GRANULE/L2A_T19LDG_A016009_20180716T144920/IMG_DATA/R20m/T19LDG_20180716T144731_SCL_20m.tif,,2026-08-09T23:20:24.475049Z,discovered
las_piedras_development,dataset_development,2018,2018-06-01,2018-09-30,S2A_MSIL2A_20180706T144731_R139_T19LDG_20201011T123602,2018-07-06T14:47:31.024000Z,4.415671,Sentinel-2A,02.12,32719,sentinel-2-l2a,https://planetarycomputer.microsoft.com/api/stac/v1/collections/sentinel-2-l2a/items/S2A_MSIL2A_20180706T144731_R139_T19LDG_20201011T123602,"[-69.918915,-12.75243146859007,-68.910095,-11.758360000111377]",True,,https://sentinel2l2a01.blob.core.windows.net/sentinel2-l2/19/L/DG/2018/07/06/S2A_MSIL2A_20180706T144731_N0212_R139_T19LDG_20201011T123602.SAFE/GRANULE/L2A_T19LDG_A015866_20180706T144812/IMG_DATA/R10m/T19LDG_20180706T144731_B02_10m.tif,https://sentinel2l2a01.blob.core.windows.net/sentinel2-l2/19/L/DG/2018/07/06/S2A_MSIL2A_20180706T144731_N0212_R139_T19LDG_20201011T123602.SAFE/GRANULE/L2A_T19LDG_A015866_20180706T144812/IMG_DATA/R10m/T19LDG_20180706T144731_B03_10m.tif,https://sentinel2l2a01.blob.core.windows.net/sentinel2-l2/19/L/DG/2018/07/06/S2A_MSIL2A_20180706T144731_N0212_R139_T19LDG_20201011T123602.SAFE/GRANULE/L2A_T19LDG_A015866_20180706T144812/IMG_DATA/R10m/T19LDG_20180706T144731_B04_10m.tif,https://sentinel2l2a01.blob.core.windows.net/sentinel2-l2/19/L/DG/2018/07/06/S2A_MSIL2A_20180706T144731_N0212_R139_T19LDG_20201011T123602.SAFE/GRANULE/L2A_T19LDG_A015866_20180706T144812/IMG_DATA/R10m/T19LDG_20180706T144731_B08_10m.tif,https://sentinel2l2a01.blob.core.windows.net/sentinel2-l2/19/L/DG/2018/07/06/S2A_MSIL2A_20180706T144731_N0212_R139_T19LDG_20201011T123602.SAFE/GRANULE/L2A_T19LDG_A015866_20180706T144812/IMG_DATA/R20m/T19LDG_20180706T144731_SCL_20m.tif,,2026-08-09T23:20:24.475049Z,discovered
las_piedras_development,dataset_development,2018,2018-06-01,2018-09-30,S2A_MSIL2A_20180626T144731_R139_T19LDG_20201012T023616,2018-06-26T14:47:31.024000Z,15.207575,Sentinel-2A,02.12,32719,sentinel-2-l2a,https://planetarycomputer.microsoft.com/api/stac/v1/collections/sentinel-2-l2a/items/S2A_MSIL2A_20180626T144731_R139_T19LDG_20201012T023616,"[-69.91559,-12.75243146859007,-68.910095,-11.758363131661076]",True,,https://sentinel2l2a01.blob.core.windows.net/sentinel2-l2/19/L/DG/2018/06/26/S2A_MSIL2A_20180626T144731_N0212_R139_T19LDG_20201012T023616.SAFE/GRANULE/L2A_T19LDG_A015723_20180626T145458/IMG_DATA/R10m/T19LDG_20180626T144731_B02_10m.tif,https://sentinel2l2a01.blob.core.windows.net/sentinel2-l2/19/L/DG/2018/06/26/S2A_MSIL2A_20180626T144731_N0212_R139_T19LDG_20201012T023616.SAFE/GRANULE/L2A_T19LDG_A015723_20180626T145458/IMG_DATA/R10m/T19LDG_20180626T144731_B03_10m.tif,https://sentinel2l2a01.blob.core.windows.net/sentinel2-l2/19/L/DG/2018/06/26/S2A_MSIL2A_20180626T144731_N0212_R139_T19LDG_20201012T023616.SAFE/GRANULE/L2A_T19LDG_A015723_20180626T145458/IMG_DATA/R10m/T19LDG_20180626T144731_B04_10m.tif,https://sentinel2l2a01.blob.core.windows.net/sentinel2-l2/19/L/DG/2018/06/26/S2A_MSIL2A_20180626T144731_N0212_R139_T19LDG_20201012T023616.SAFE/GRANULE/L2A_T19LDG_A015723_20180626T145458/IMG_DATA/R10m/T19LDG_20180626T144731_B08_10m.tif,https://sentinel2l2a01.blob.core.windows.net/sentinel2-l2/19/L/DG/2018/06/26/S2A_MSIL2A_20180626T144731_N0212_R139_T19LDG_20201012T023616.SAFE/GRANULE/L2A_T19LDG_A015723_20180626T145458/IMG_DATA/R20m/T19LDG_20180626T144731_SCL_20m.tif,,2026-08-09T23:20:24.475049Z,discovered
las_piedras_development,dataset_development,2018,2018-06-01,2018-09-30,S2B_MSIL2A_20180621T144729_R139_T19LDG_20201012T005201,2018-06-21T14:47:29.024000Z,0.218146,Sentinel-2B,02.12,32719,sentinel-2-l2a,https://planetarycomputer.microsoft.com/api/stac/v1/collections/sentinel-2-l2a/items/S2B_MSIL2A_20180621T144729_R139_T19LDG_20201012T005201,"[-69.91751,-12.75243146859007,-68.910095,-11.75836166080469]",True,,https://sentinel2l2a01.blob.core.windows.net/sentinel2-l2/19/L/DG/2018/06/21/S2B_MSIL2A_20180621T144729_N0212_R139_T19LDG_20201012T005201.SAFE/GRANULE/L2A_T19LDG_A006743_20180621T145608/IMG_DATA/R10m/T19LDG_20180621T144729_B02_10m.tif,https://sentinel2l2a01.blob.core.windows.net/sentinel2-l2/19/L/DG/2018/06/21/S2B_MSIL2A_20180621T144729_N0212_R139_T19LDG_20201012T005201.SAFE/GRANULE/L2A_T19LDG_A006743_20180621T145608/IMG_DATA/R10m/T19LDG_20180621T144729_B03_10m.tif,https://sentinel2l2a01.blob.core.windows.net/sentinel2-l2/19/L/DG/2018/06/21/S2B_MSIL2A_20180621T144729_N0212_R139_T19LDG_20201012T005201.SAFE/GRANULE/L2A_T19LDG_A006743_20180621T145608/IMG_DATA/R10m/T19LDG_20180621T144729_B04_10m.tif,https://sentinel2l2a01.blob.core.windows.net/sentinel2-l2/19/L/DG/2018/06/21/S2B_MSIL2A_20180621T144729_N0212_R139_T19LDG_20201012T005201.SAFE/GRANULE/L2A_T19LDG_A006743_20180621T145608/IMG_DATA/R10m/T19LDG_20180621T144729_B08_10m.tif,https://sentinel2l2a01.blob.core.windows.net/sentinel2-l2/19/L/DG/2018/06/21/S2B_MSIL2A_20180621T144729_N0212_R139_T19LDG_20201012T005201.SAFE/GRANULE/L2A_T19LDG_A006743_20180621T145608/IMG_DATA/R20m/T19LDG_20180621T144729_SCL_20m.tif,,2026-08-09T23:20:24.475049Z,discovered
las_piedras_development,dataset_development,2018,2018-06-01,2018-09-30,S2A_MSIL2A_20180616T144731_R139_T19LDG_20201011T224646,2018-06-16T14:47:31.024000Z,9.566233,Sentinel-2A,02.12,32719,sentinel-2-l2a,https://planetarycomputer.microsoft.com/api/stac/v1/collections/sentinel-2-l2a/items/S2A_MSIL2A_20180616T144731_R139_T19LDG_20201011T224646,"[-69.91034,-12.75243146859007,-68.910095,-11.758371424458739]",True,,https://sentinel2l2a01.blob.core.windows.net/sentinel2-l2/19/L/DG/2018/06/16/S2A_MSIL2A_20180616T144731_N0212_R139_T19LDG_20201011T224646.SAFE/GRANULE/L2A_T19LDG_A015580_20180616T145425/IMG_DATA/R10m/T19LDG_20180616T144731_B02_10m.tif,https://sentinel2l2a01.blob.core.windows.net/sentinel2-l2/19/L/DG/2018/06/16/S2A_MSIL2A_20180616T144731_N0212_R139_T19LDG_20201011T224646.SAFE/GRANULE/L2A_T19LDG_A015580_20180616T145425/IMG_DATA/R10m/T19LDG_20180616T144731_B03_10m.tif,https://sentinel2l2a01.blob.core.windows.net/sentinel2-l2/19/L/DG/2018/06/16/S2A_MSIL2A_20180616T144731_N0212_R139_T19LDG_20201011T224646.SAFE/GRANULE/L2A_T19LDG_A015580_20180616T145425/IMG_DATA/R10m/T19LDG_20180616T144731_B04_10m.tif,https://sentinel2l2a01.blob.core.windows.net/sentinel2-l2/19/L/DG/2018/06/16/S2A_MSIL2A_20180616T144731_N0212_R139_T19LDG_20201011T224646.SAFE/GRANULE/L2A_T19LDG_A015580_20180616T145425/IMG_DATA/R10m/T19LDG_20180616T144731_B08_10m.tif,https://sentinel2l2a01.blob.core.windows.net/sentinel2-l2/19/L/DG/2018/06/16/S2A_MSIL2A_20180616T144731_N0212_R139_T19LDG_20201011T224646.SAFE/GRANULE/L2A_T19LDG_A015580_20180616T145425/IMG_DATA/R20m/T19LDG_20180616T144731_SCL_20m.tif,,2026-08-09T23:20:24.475049Z,discovered
las_piedras_development,dataset_development,2022,2022-06-01,2022-09-30,S2B_MSIL2A_20220918T144729_R139_T19LDG_20240731T115220,2022-09-18T14:47:29.024000Z,0.854981,Sentinel-2B,05.10,32719,sentinel-2-l2a,https://planetarycomputer.microsoft.com/api/stac/v1/collections/sentinel-2-l2a/items/S2B_MSIL2A_20220918T144729_R139_T19LDG_20240731T115220,"[-69.9215794,-12.7524315,-68.9100858,-11.7583506]",True,,https://sentinel2l2a01.blob.core.windows.net/sentinel2-l2/19/L/DG/2022/09/18/S2B_MSIL2A_20220918T144729_N0510_R139_T19LDG_20240731T115220.SAFE/GRANULE/L2A_T19LDG_A028908_20220918T145244/IMG_DATA/R10m/T19LDG_20220918T144729_B02_10m.tif,https://sentinel2l2a01.blob.core.windows.net/sentinel2-l2/19/L/DG/2022/09/18/S2B_MSIL2A_20220918T144729_N0510_R139_T19LDG_20240731T115220.SAFE/GRANULE/L2A_T19LDG_A028908_20220918T145244/IMG_DATA/R10m/T19LDG_20220918T144729_B03_10m.tif,https://sentinel2l2a01.blob.core.windows.net/sentinel2-l2/19/L/DG/2022/09/18/S2B_MSIL2A_20220918T144729_N0510_R139_T19LDG_20240731T115220.SAFE/GRANULE/L2A_T19LDG_A028908_20220918T145244/IMG_DATA/R10m/T19LDG_20220918T144729_B04_10m.tif,https://sentinel2l2a01.blob.core.windows.net/sentinel2-l2/19/L/DG/2022/09/18/S2B_MSIL2A_20220918T144729_N0510_R139_T19LDG_20240731T115220.SAFE/GRANULE/L2A_T19LDG_A028908_20220918T145244/IMG_DATA/R10m/T19LDG_20220918T144729_B08_10m.tif,https://sentinel2l2a01.blob.core.windows.net/sentinel2-l2/19/L/DG/2022/09/18/S2B_MSIL2A_20220918T144729_N0510_R139_T19LDG_20240731T115220.SAFE/GRANULE/L2A_T19LDG_A028908_20220918T145244/IMG_DATA/R20m/T19LDG_20220918T144729_SCL_20m.tif,,2026-08-09T23:20:24.475049Z,discovered
las_piedras_development,dataset_development,2022,2022-06-01,2022-09-30,S2B_MSIL2A_20220918T144729_R139_T19LDG_20220919T072953,2022-09-18T14:47:29.024000Z,0.85474,Sentinel-2B,04.00,32719,sentinel-2-l2a,https://planetarycomputer.microsoft.com/api/stac/v1/collections/sentinel-2-l2a/items/S2B_MSIL2A_20220918T144729_R139_T19LDG_20220919T072953,"[-69.92157,-12.75243147,-68.910095,-11.75835059]",True,,https://sentinel2l2a01.blob.core.windows.net/sentinel2-l2/19/L/DG/2022/09/18/S2B_MSIL2A_20220918T144729_N0400_R139_T19LDG_20220919T072953.SAFE/GRANULE/L2A_T19LDG_A028908_20220918T145244/IMG_DATA/R10m/T19LDG_20220918T144729_B02_10m.tif,https://sentinel2l2a01.blob.core.windows.net/sentinel2-l2/19/L/DG/2022/09/18/S2B_MSIL2A_20220918T144729_N0400_R139_T19LDG_20220919T072953.SAFE/GRANULE/L2A_T19LDG_A028908_20220918T145244/IMG_DATA/R10m/T19LDG_20220918T144729_B03_10m.tif,https://sentinel2l2a01.blob.core.windows.net/sentinel2-l2/19/L/DG/2022/09/18/S2B_MSIL2A_20220918T144729_N0400_R139_T19LDG_20220919T072953.SAFE/GRANULE/L2A_T19LDG_A028908_20220918T145244/IMG_DATA/R10m/T19LDG_20220918T144729_B04_10m.tif,https://sentinel2l2a01.blob.core.windows.net/sentinel2-l2/19/L/DG/2022/09/18/S2B_MSIL2A_20220918T144729_N0400_R139_T19LDG_20220919T072953.SAFE/GRANULE/L2A_T19LDG_A028908_20220918T145244/IMG_DATA/R10m/T19LDG_20220918T144729_B08_10m.tif,https://sentinel2l2a01.blob.core.windows.net/sentinel2-l2/19/L/DG/2022/09/18/S2B_MSIL2A_20220918T144729_N0400_R139_T19LDG_20220919T072953.SAFE/GRANULE/L2A_T19LDG_A028908_20220918T145244/IMG_DATA/R20m/T19LDG_20220918T144729_SCL_20m.tif,,2026-08-09T23:20:24.475049Z,discovered
las_piedras_development,dataset_development,2022,2022-06-01,2022-09-30,S2B_MSIL2A_20220908T144729_R139_T19LDG_20220909T054438,2022-09-08T14:47:29.024000Z,0.029163,Sentinel-2B,04.00,32719,sentinel-2-l2a,https://planetarycomputer.microsoft.com/api/stac/v1/collections/sentinel-2-l2a/items/S2B_MSIL2A_20220908T144729_R139_T19LDG_20220909T054438,"[-69.92157,-12.75243147,-68.910095,-11.75835453]",True,,https://sentinel2l2a01.blob.core.windows.net/sentinel2-l2/19/L/DG/2022/09/08/S2B_MSIL2A_20220908T144729_N0400_R139_T19LDG_20220909T054438.SAFE/GRANULE/L2A_T19LDG_A028765_20220908T145249/IMG_DATA/R10m/T19LDG_20220908T144729_B02_10m.tif,https://sentinel2l2a01.blob.core.windows.net/sentinel2-l2/19/L/DG/2022/09/08/S2B_MSIL2A_20220908T144729_N0400_R139_T19LDG_20220909T054438.SAFE/GRANULE/L2A_T19LDG_A028765_20220908T145249/IMG_DATA/R10m/T19LDG_20220908T144729_B03_10m.tif,https://sentinel2l2a01.blob.core.windows.net/sentinel2-l2/19/L/DG/2022/09/08/S2B_MSIL2A_20220908T144729_N0400_R139_T19LDG_20220909T054438.SAFE/GRANULE/L2A_T19LDG_A028765_20220908T145249/IMG_DATA/R10m/T19LDG_20220908T144729_B04_10m.tif,https://sentinel2l2a01.blob.core.windows.net/sentinel2-l2/19/L/DG/2022/09/08/S2B_MSIL2A_20220908T144729_N0400_R139_T19LDG_20220909T054438.SAFE/GRANULE/L2A_T19LDG_A028765_20220908T145249/IMG_DATA/R10m/T19LDG_20220908T144729_B08_10m.tif,https://sentinel2l2a01.blob.core.windows.net/sentinel2-l2/19/L/DG/2022/09/08/S2B_MSIL2A_20220908T144729_N0400_R139_T19LDG_20220909T054438.SAFE/GRANULE/L2A_T19LDG_A028765_20220908T145249/IMG_DATA/R20m/T19LDG_20220908T144729_SCL_20m.tif,,2026-08-09T23:20:24.475049Z,discovered
las_piedras_development,dataset_development,2022,2022-06-01,2022-09-30,S2A_MSIL2A_20220824T144741_R139_T19LDG_20240704T164843,2022-08-24T14:47:41.024000Z,0.009948,Sentinel-2A,05.10,32719,sentinel-2-l2a,https://planetarycomputer.microsoft.com/api/stac/v1/collections/sentinel-2-l2a/items/S2A_MSIL2A_20220824T144741_R139_T19LDG_20240704T164843,"[-69.9215794,-12.7524315,-68.9100858,-11.7583364]",True,,https://sentinel2l2a01.blob.core.windows.net/sentinel2-l2/19/L/DG/2022/08/24/S2A_MSIL2A_20220824T144741_N0510_R139_T19LDG_20240704T164843.SAFE/GRANULE/L2A_T19LDG_A037459_20220824T145550/IMG_DATA/R10m/T19LDG_20220824T144741_B02_10m.tif,https://sentinel2l2a01.blob.core.windows.net/sentinel2-l2/19/L/DG/2022/08/24/S2A_MSIL2A_20220824T144741_N0510_R139_T19LDG_20240704T164843.SAFE/GRANULE/L2A_T19LDG_A037459_20220824T145550/IMG_DATA/R10m/T19LDG_20220824T144741_B03_10m.tif,https://sentinel2l2a01.blob.core.windows.net/sentinel2-l2/19/L/DG/2022/08/24/S2A_MSIL2A_20220824T144741_N0510_R139_T19LDG_20240704T164843.SAFE/GRANULE/L2A_T19LDG_A037459_20220824T145550/IMG_DATA/R10m/T19LDG_20220824T144741_B04_10m.tif,https://sentinel2l2a01.blob.core.windows.net/sentinel2-l2/19/L/DG/2022/08/24/S2A_MSIL2A_20220824T144741_N0510_R139_T19LDG_20240704T164843.SAFE/GRANULE/L2A_T19LDG_A037459_20220824T145550/IMG_DATA/R10m/T19LDG_20220824T144741_B08_10m.tif,https://sentinel2l2a01.blob.core.windows.net/sentinel2-l2/19/L/DG/2022/08/24/S2A_MSIL2A_20220824T144741_N0510_R139_T19LDG_20240704T164843.SAFE/GRANULE/L2A_T19LDG_A037459_20220824T145550/IMG_DATA/R20m/T19LDG_20220824T144741_SCL_20m.tif,,2026-08-09T23:20:24.475049Z,discovered
las_piedras_development,dataset_development,2022,2022-06-01,2022-09-30,S2A_MSIL2A_20220824T144741_R139_T19LDG_20220825T134649,2022-08-24T14:47:41.024000Z,0.010435,Sentinel-2A,04.00,32719,sentinel-2-l2a,https://planetarycomputer.microsoft.com/api/stac/v1/collections/sentinel-2-l2a/items/S2A_MSIL2A_20220824T144741_R139_T19LDG_20220825T134649,"[-69.92157,-12.75243147,-68.910095,-11.75833637]",True,,https://sentinel2l2a01.blob.core.windows.net/sentinel2-l2/19/L/DG/2022/08/24/S2A_MSIL2A_20220824T144741_N0400_R139_T19LDG_20220825T134649.SAFE/GRANULE/L2A_T19LDG_A037459_20220824T145550/IMG_DATA/R10m/T19LDG_20220824T144741_B02_10m.tif,https://sentinel2l2a01.blob.core.windows.net/sentinel2-l2/19/L/DG/2022/08/24/S2A_MSIL2A_20220824T144741_N0400_R139_T19LDG_20220825T134649.SAFE/GRANULE/L2A_T19LDG_A037459_20220824T145550/IMG_DATA/R10m/T19LDG_20220824T144741_B03_10m.tif,https://sentinel2l2a01.blob.core.windows.net/sentinel2-l2/19/L/DG/2022/08/24/S2A_MSIL2A_20220824T144741_N0400_R139_T19LDG_20220825T134649.SAFE/GRANULE/L2A_T19LDG_A037459_20220824T145550/IMG_DATA/R10m/T19LDG_20220824T144741_B04_10m.tif,https://sentinel2l2a01.blob.core.windows.net/sentinel2-l2/19/L/DG/2022/08/24/S2A_MSIL2A_20220824T144741_N0400_R139_T19LDG_20220825T134649.SAFE/GRANULE/L2A_T19LDG_A037459_20220824T145550/IMG_DATA/R10m/T19LDG_20220824T144741_B08_10m.tif,https://sentinel2l2a01.blob.core.windows.net/sentinel2-l2/19/L/DG/2022/08/24/S2A_MSIL2A_20220824T144741_N0400_R139_T19LDG_20220825T134649.SAFE/GRANULE/L2A_T19LDG_A037459_20220824T145550/IMG_DATA/R20m/T19LDG_20220824T144741_SCL_20m.tif,,2026-08-09T23:20:24.475049Z,discovered
las_piedras_development,dataset_development,2022,2022-06-01,2022-09-30,S2A_MSIL2A_20220814T144741_R139_T19LDG_20240703T134048,2022-08-14T14:47:41.024000Z,0.08707,Sentinel-2A,05.10,32719,sentinel-2-l2a,https://planetarycomputer.microsoft.com/api/stac/v1/collections/sentinel-2-l2a/items/S2A_MSIL2A_20220814T144741_R139_T19LDG_20240703T134048,"[-69.9215794,-12.7524315,-68.9100858,-11.7583421]",True,,https://sentinel2l2a01.blob.core.windows.net/sentinel2-l2/19/L/DG/2022/08/14/S2A_MSIL2A_20220814T144741_N0510_R139_T19LDG_20240703T134048.SAFE/GRANULE/L2A_T19LDG_A037316_20220814T144738/IMG_DATA/R10m/T19LDG_20220814T144741_B02_10m.tif,https://sentinel2l2a01.blob.core.windows.net/sentinel2-l2/19/L/DG/2022/08/14/S2A_MSIL2A_20220814T144741_N0510_R139_T19LDG_20240703T134048.SAFE/GRANULE/L2A_T19LDG_A037316_20220814T144738/IMG_DATA/R10m/T19LDG_20220814T144741_B03_10m.tif,https://sentinel2l2a01.blob.core.windows.net/sentinel2-l2/19/L/DG/2022/08/14/S2A_MSIL2A_20220814T144741_N0510_R139_T19LDG_20240703T134048.SAFE/GRANULE/L2A_T19LDG_A037316_20220814T144738/IMG_DATA/R10m/T19LDG_20220814T144741_B04_10m.tif,https://sentinel2l2a01.blob.core.windows.net/sentinel2-l2/19/L/DG/2022/08/14/S2A_MSIL2A_20220814T144741_N0510_R139_T19LDG_20240703T134048.SAFE/GRANULE/L2A_T19LDG_A037316_20220814T144738/IMG_DATA/R10m/T19LDG_20220814T144741_B08_10m.tif,https://sentinel2l2a01.blob.core.windows.net/sentinel2-l2/19/L/DG/2022/08/14/S2A_MSIL2A_20220814T144741_N0510_R139_T19LDG_20240703T134048.SAFE/GRANULE/L2A_T19LDG_A037316_20220814T144738/IMG_DATA/R20m/T19LDG_20220814T144741_SCL_20m.tif,,2026-08-09T23:20:24.475049Z,discovered
las_piedras_development,dataset_development,2022,2022-06-01,2022-09-30,S2A_MSIL2A_20220814T144741_R139_T19LDG_20220815T072226,2022-08-14T14:47:41.024000Z,0.085918,Sentinel-2A,04.00,32719,sentinel-2-l2a,https://planetarycomputer.microsoft.com/api/stac/v1/collections/sentinel-2-l2a/items/S2A_MSIL2A_20220814T144741_R139_T19LDG_20220815T072226,"[-69.92157,-12.75243147,-68.910095,-11.75834211]",True,,https://sentinel2l2a01.blob.core.windows.net/sentinel2-l2/19/L/DG/2022/08/14/S2A_MSIL2A_20220814T144741_N0400_R139_T19LDG_20220815T072226.SAFE/GRANULE/L2A_T19LDG_A037316_20220814T144738/IMG_DATA/R10m/T19LDG_20220814T144741_B02_10m.tif,https://sentinel2l2a01.blob.core.windows.net/sentinel2-l2/19/L/DG/2022/08/14/S2A_MSIL2A_20220814T144741_N0400_R139_T19LDG_20220815T072226.SAFE/GRANULE/L2A_T19LDG_A037316_20220814T144738/IMG_DATA/R10m/T19LDG_20220814T144741_B03_10m.tif,https://sentinel2l2a01.blob.core.windows.net/sentinel2-l2/19/L/DG/2022/08/14/S2A_MSIL2A_20220814T144741_N0400_R139_T19LDG_20220815T072226.SAFE/GRANULE/L2A_T19LDG_A037316_20220814T144738/IMG_DATA/R10m/T19LDG_20220814T144741_B04_10m.tif,https://sentinel2l2a01.blob.core.windows.net/sentinel2-l2/19/L/DG/2022/08/14/S2A_MSIL2A_20220814T144741_N0400_R139_T19LDG_20220815T072226.SAFE/GRANULE/L2A_T19LDG_A037316_20220814T144738/IMG_DATA/R10m/T19LDG_20220814T144741_B08_10m.tif,https://sentinel2l2a01.blob.core.windows.net/sentinel2-l2/19/L/DG/2022/08/14/S2A_MSIL2A_20220814T144741_N0400_R139_T19LDG_20220815T072226.SAFE/GRANULE/L2A_T19LDG_A037316_20220814T144738/IMG_DATA/R20m/T19LDG_20220814T144741_SCL_20m.tif,,2026-08-09T23:20:24.475049Z,discovered
las_piedras_development,dataset_development,2022,2022-06-01,2022-09-30,S2B_MSIL2A_20220710T144729_R139_T19LDG_20220712T145135,2022-07-10T14:47:29.024000Z,1.059924,Sentinel-2B,04.00,32719,sentinel-2-l2a,https://planetarycomputer.microsoft.com/api/stac/v1/collections/sentinel-2-l2a/items/S2B_MSIL2A_20220710T144729_R139_T19LDG_20220712T145135,"[-69.92157,-12.75243147,-68.910095,-11.75833824]",True,,https://sentinel2l2a01.blob.core.windows.net/sentinel2-l2/19/L/DG/2022/07/10/S2B_MSIL2A_20220710T144729_N0400_R139_T19LDG_20220712T145135.SAFE/GRANULE/L2A_T19LDG_A027907_20220710T144824/IMG_DATA/R10m/T19LDG_20220710T144729_B02_10m.tif,https://sentinel2l2a01.blob.core.windows.net/sentinel2-l2/19/L/DG/2022/07/10/S2B_MSIL2A_20220710T144729_N0400_R139_T19LDG_20220712T145135.SAFE/GRANULE/L2A_T19LDG_A027907_20220710T144824/IMG_DATA/R10m/T19LDG_20220710T144729_B03_10m.tif,https://sentinel2l2a01.blob.core.windows.net/sentinel2-l2/19/L/DG/2022/07/10/S2B_MSIL2A_20220710T144729_N0400_R139_T19LDG_20220712T145135.SAFE/GRANULE/L2A_T19LDG_A027907_20220710T144824/IMG_DATA/R10m/T19LDG_20220710T144729_B04_10m.tif,https://sentinel2l2a01.blob.core.windows.net/sentinel2-l2/19/L/DG/2022/07/10/S2B_MSIL2A_20220710T144729_N0400_R139_T19LDG_20220712T145135.SAFE/GRANULE/L2A_T19LDG_A027907_20220710T144824/IMG_DATA/R10m/T19LDG_20220710T144729_B08_10m.tif,https://sentinel2l2a01.blob.core.windows.net/sentinel2-l2/19/L/DG/2022/07/10/S2B_MSIL2A_20220710T144729_N0400_R139_T19LDG_20220712T145135.SAFE/GRANULE/L2A_T19LDG_A027907_20220710T144824/IMG_DATA/R20m/T19LDG_20220710T144729_SCL_20m.tif,,2026-08-09T23:20:24.475049Z,discovered
las_piedras_development,dataset_development,2022,2022-06-01,2022-09-30,S2A_MSIL2A_20220705T144741_R139_T19LDG_20220707T074556,2022-07-05T14:47:41.024000Z,9.671464,Sentinel-2A,04.00,32719,sentinel-2-l2a,https://planetarycomputer.microsoft.com/api/stac/v1/collections/sentinel-2-l2a/items/S2A_MSIL2A_20220705T144741_R139_T19LDG_20220707T074556,"[-69.92157,-12.75243147,-68.910095,-11.758334]",True,,https://sentinel2l2a01.blob.core.windows.net/sentinel2-l2/19/L/DG/2022/07/05/S2A_MSIL2A_20220705T144741_N0400_R139_T19LDG_20220707T074556.SAFE/GRANULE/L2A_T19LDG_A036744_20220705T145550/IMG_DATA/R10m/T19LDG_20220705T144741_B02_10m.tif,https://sentinel2l2a01.blob.core.windows.net/sentinel2-l2/19/L/DG/2022/07/05/S2A_MSIL2A_20220705T144741_N0400_R139_T19LDG_20220707T074556.SAFE/GRANULE/L2A_T19LDG_A036744_20220705T145550/IMG_DATA/R10m/T19LDG_20220705T144741_B03_10m.tif,https://sentinel2l2a01.blob.core.windows.net/sentinel2-l2/19/L/DG/2022/07/05/S2A_MSIL2A_20220705T144741_N0400_R139_T19LDG_20220707T074556.SAFE/GRANULE/L2A_T19LDG_A036744_20220705T145550/IMG_DATA/R10m/T19LDG_20220705T144741_B04_10m.tif,https://sentinel2l2a01.blob.core.windows.net/sentinel2-l2/19/L/DG/2022/07/05/S2A_MSIL2A_20220705T144741_N0400_R139_T19LDG_20220707T074556.SAFE/GRANULE/L2A_T19LDG_A036744_20220705T145550/IMG_DATA/R10m/T19LDG_20220705T144741_B08_10m.tif,https://sentinel2l2a01.blob.core.windows.net/sentinel2-l2/19/L/DG/2022/07/05/S2A_MSIL2A_20220705T144741_N0400_R139_T19LDG_20220707T074556.SAFE/GRANULE/L2A_T19LDG_A036744_20220705T145550/IMG_DATA/R20m/T19LDG_20220705T144741_SCL_20m.tif,,2026-08-09T23:20:24.475049Z,discovered
las_piedras_development,dataset_development,2022,2022-06-01,2022-09-30,S2B_MSIL2A_20220630T144729_R139_T19LDG_20240714T160033,2022-06-30T14:47:29.024000Z,2.759395,Sentinel-2B,05.10,32719,sentinel-2-l2a,https://planetarycomputer.microsoft.com/api/stac/v1/collections/sentinel-2-l2a/items/S2B_MSIL2A_20220630T144729_R139_T19LDG_20240714T160033,"[-69.9215794,-12.7524315,-68.9100858,-11.7583313]",True,,https://sentinel2l2a01.blob.core.windows.net/sentinel2-l2/19/L/DG/2022/06/30/S2B_MSIL2A_20220630T144729_N0510_R139_T19LDG_20240714T160033.SAFE/GRANULE/L2A_T19LDG_A027764_20220630T144731/IMG_DATA/R10m/T19LDG_20220630T144729_B02_10m.tif,https://sentinel2l2a01.blob.core.windows.net/sentinel2-l2/19/L/DG/2022/06/30/S2B_MSIL2A_20220630T144729_N0510_R139_T19LDG_20240714T160033.SAFE/GRANULE/L2A_T19LDG_A027764_20220630T144731/IMG_DATA/R10m/T19LDG_20220630T144729_B03_10m.tif,https://sentinel2l2a01.blob.core.windows.net/sentinel2-l2/19/L/DG/2022/06/30/S2B_MSIL2A_20220630T144729_N0510_R139_T19LDG_20240714T160033.SAFE/GRANULE/L2A_T19LDG_A027764_20220630T144731/IMG_DATA/R10m/T19LDG_20220630T144729_B04_10m.tif,https://sentinel2l2a01.blob.core.windows.net/sentinel2-l2/19/L/DG/2022/06/30/S2B_MSIL2A_20220630T144729_N0510_R139_T19LDG_20240714T160033.SAFE/GRANULE/L2A_T19LDG_A027764_20220630T144731/IMG_DATA/R10m/T19LDG_20220630T144729_B08_10m.tif,https://sentinel2l2a01.blob.core.windows.net/sentinel2-l2/19/L/DG/2022/06/30/S2B_MSIL2A_20220630T144729_N0510_R139_T19LDG_20240714T160033.SAFE/GRANULE/L2A_T19LDG_A027764_20220630T144731/IMG_DATA/R20m/T19LDG_20220630T144729_SCL_20m.tif,,2026-08-09T23:20:24.475049Z,discovered
las_piedras_development,dataset_development,2022,2022-06-01,2022-09-30,S2B_MSIL2A_20220630T144729_R139_T19LDG_20220701T042409,2022-06-30T14:47:29.024000Z,2.730447,Sentinel-2B,04.00,32719,sentinel-2-l2a,https://planetarycomputer.microsoft.com/api/stac/v1/collections/sentinel-2-l2a/items/S2B_MSIL2A_20220630T144729_R139_T19LDG_20220701T042409,"[-69.92157,-12.75243147,-68.910095,-11.7583313]",True,,https://sentinel2l2a01.blob.core.windows.net/sentinel2-l2/19/L/DG/2022/06/30/S2B_MSIL2A_20220630T144729_N0400_R139_T19LDG_20220701T042409.SAFE/GRANULE/L2A_T19LDG_A027764_20220630T144731/IMG_DATA/R10m/T19LDG_20220630T144729_B02_10m.tif,https://sentinel2l2a01.blob.core.windows.net/sentinel2-l2/19/L/DG/2022/06/30/S2B_MSIL2A_20220630T144729_N0400_R139_T19LDG_20220701T042409.SAFE/GRANULE/L2A_T19LDG_A027764_20220630T144731/IMG_DATA/R10m/T19LDG_20220630T144729_B03_10m.tif,https://sentinel2l2a01.blob.core.windows.net/sentinel2-l2/19/L/DG/2022/06/30/S2B_MSIL2A_20220630T144729_N0400_R139_T19LDG_20220701T042409.SAFE/GRANULE/L2A_T19LDG_A027764_20220630T144731/IMG_DATA/R10m/T19LDG_20220630T144729_B04_10m.tif,https://sentinel2l2a01.blob.core.windows.net/sentinel2-l2/19/L/DG/2022/06/30/S2B_MSIL2A_20220630T144729_N0400_R139_T19LDG_20220701T042409.SAFE/GRANULE/L2A_T19LDG_A027764_20220630T144731/IMG_DATA/R10m/T19LDG_20220630T144729_B08_10m.tif,https://sentinel2l2a01.blob.core.windows.net/sentinel2-l2/19/L/DG/2022/06/30/S2B_MSIL2A_20220630T144729_N0400_R139_T19LDG_20220701T042409.SAFE/GRANULE/L2A_T19LDG_A027764_20220630T144731/IMG_DATA/R20m/T19LDG_20220630T144729_SCL_20m.tif,,2026-08-09T23:20:24.475049Z,discovered
las_piedras_development,dataset_development,2022,2022-06-01,2022-09-30,S2A_MSIL2A_20220625T144741_R139_T19LDG_20240703T025543,2022-06-25T14:47:41.024000Z,9.864256,Sentinel-2A,05.10,32719,sentinel-2-l2a,https://planetarycomputer.microsoft.com/api/stac/v1/collections/sentinel-2-l2a/items/S2A_MSIL2A_20220625T144741_R139_T19LDG_20240703T025543,"[-69.9215794,-12.7524315,-68.9100858,-11.7583317]",True,,https://sentinel2l2a01.blob.core.windows.net/sentinel2-l2/19/L/DG/2022/06/25/S2A_MSIL2A_20220625T144741_N0510_R139_T19LDG_20240703T025543.SAFE/GRANULE/L2A_T19LDG_A036601_20220625T144743/IMG_DATA/R10m/T19LDG_20220625T144741_B02_10m.tif,https://sentinel2l2a01.blob.core.windows.net/sentinel2-l2/19/L/DG/2022/06/25/S2A_MSIL2A_20220625T144741_N0510_R139_T19LDG_20240703T025543.SAFE/GRANULE/L2A_T19LDG_A036601_20220625T144743/IMG_DATA/R10m/T19LDG_20220625T144741_B03_10m.tif,https://sentinel2l2a01.blob.core.windows.net/sentinel2-l2/19/L/DG/2022/06/25/S2A_MSIL2A_20220625T144741_N0510_R139_T19LDG_20240703T025543.SAFE/GRANULE/L2A_T19LDG_A036601_20220625T144743/IMG_DATA/R10m/T19LDG_20220625T144741_B04_10m.tif,https://sentinel2l2a01.blob.core.windows.net/sentinel2-l2/19/L/DG/2022/06/25/S2A_MSIL2A_20220625T144741_N0510_R139_T19LDG_20240703T025543.SAFE/GRANULE/L2A_T19LDG_A036601_20220625T144743/IMG_DATA/R10m/T19LDG_20220625T144741_B08_10m.tif,https://sentinel2l2a01.blob.core.windows.net/sentinel2-l2/19/L/DG/2022/06/25/S2A_MSIL2A_20220625T144741_N0510_R139_T19LDG_20240703T025543.SAFE/GRANULE/L2A_T19LDG_A036601_20220625T144743/IMG_DATA/R20m/T19LDG_20220625T144741_SCL_20m.tif,,2026-08-09T23:20:24.475049Z,discovered
las_piedras_development,dataset_development,2022,2022-06-01,2022-09-30,S2A_MSIL2A_20220625T144741_R139_T19LDG_20220626T044643,2022-06-25T14:47:41.024000Z,9.874263,Sentinel-2A,04.00,32719,sentinel-2-l2a,https://planetarycomputer.microsoft.com/api/stac/v1/collections/sentinel-2-l2a/items/S2A_MSIL2A_20220625T144741_R139_T19LDG_20220626T044643,"[-69.92157,-12.75243147,-68.910095,-11.75833175]",True,,https://sentinel2l2a01.blob.core.windows.net/sentinel2-l2/19/L/DG/2022/06/25/S2A_MSIL2A_20220625T144741_N0400_R139_T19LDG_20220626T044643.SAFE/GRANULE/L2A_T19LDG_A036601_20220625T144743/IMG_DATA/R10m/T19LDG_20220625T144741_B02_10m.tif,https://sentinel2l2a01.blob.core.windows.net/sentinel2-l2/19/L/DG/2022/06/25/S2A_MSIL2A_20220625T144741_N0400_R139_T19LDG_20220626T044643.SAFE/GRANULE/L2A_T19LDG_A036601_20220625T144743/IMG_DATA/R10m/T19LDG_20220625T144741_B03_10m.tif,https://sentinel2l2a01.blob.core.windows.net/sentinel2-l2/19/L/DG/2022/06/25/S2A_MSIL2A_20220625T144741_N0400_R139_T19LDG_20220626T044643.SAFE/GRANULE/L2A_T19LDG_A036601_20220625T144743/IMG_DATA/R10m/T19LDG_20220625T144741_B04_10m.tif,https://sentinel2l2a01.blob.core.windows.net/sentinel2-l2/19/L/DG/2022/06/25/S2A_MSIL2A_20220625T144741_N0400_R139_T19LDG_20220626T044643.SAFE/GRANULE/L2A_T19LDG_A036601_20220625T144743/IMG_DATA/R10m/T19LDG_20220625T144741_B08_10m.tif,https://sentinel2l2a01.blob.core.windows.net/sentinel2-l2/19/L/DG/2022/06/25/S2A_MSIL2A_20220625T144741_N0400_R139_T19LDG_20220626T044643.SAFE/GRANULE/L2A_T19LDG_A036601_20220625T144743/IMG_DATA/R20m/T19LDG_20220625T144741_SCL_20m.tif,,2026-08-09T23:20:24.475049Z,discovered
las_piedras_development,dataset_development,2022,2022-06-01,2022-09-30,S2A_MSIL2A_20220615T144741_R139_T19LDG_20240620T023425,2022-06-15T14:47:41.024000Z,0.004444,Sentinel-2A,05.10,32719,sentinel-2-l2a,https://planetarycomputer.microsoft.com/api/stac/v1/collections/sentinel-2-l2a/items/S2A_MSIL2A_20220615T144741_R139_T19LDG_20240620T023425,"[-69.9215794,-12.7524315,-68.9100858,-11.7583388]",True,,https://sentinel2l2a01.blob.core.windows.net/sentinel2-l2/19/L/DG/2022/06/15/S2A_MSIL2A_20220615T144741_N0510_R139_T19LDG_20240620T023425.SAFE/GRANULE/L2A_T19LDG_A036458_20220615T144741/IMG_DATA/R10m/T19LDG_20220615T144741_B02_10m.tif,https://sentinel2l2a01.blob.core.windows.net/sentinel2-l2/19/L/DG/2022/06/15/S2A_MSIL2A_20220615T144741_N0510_R139_T19LDG_20240620T023425.SAFE/GRANULE/L2A_T19LDG_A036458_20220615T144741/IMG_DATA/R10m/T19LDG_20220615T144741_B03_10m.tif,https://sentinel2l2a01.blob.core.windows.net/sentinel2-l2/19/L/DG/2022/06/15/S2A_MSIL2A_20220615T144741_N0510_R139_T19LDG_20240620T023425.SAFE/GRANULE/L2A_T19LDG_A036458_20220615T144741/IMG_DATA/R10m/T19LDG_20220615T144741_B04_10m.tif,https://sentinel2l2a01.blob.core.windows.net/sentinel2-l2/19/L/DG/2022/06/15/S2A_MSIL2A_20220615T144741_N0510_R139_T19LDG_20240620T023425.SAFE/GRANULE/L2A_T19LDG_A036458_20220615T144741/IMG_DATA/R10m/T19LDG_20220615T144741_B08_10m.tif,https://sentinel2l2a01.blob.core.windows.net/sentinel2-l2/19/L/DG/2022/06/15/S2A_MSIL2A_20220615T144741_N0510_R139_T19LDG_20240620T023425.SAFE/GRANULE/L2A_T19LDG_A036458_20220615T144741/IMG_DATA/R20m/T19LDG_20220615T144741_SCL_20m.tif,,2026-08-09T23:20:24.475049Z,discovered
las_piedras_development,dataset_development,2022,2022-06-01,2022-09-30,S2A_MSIL2A_20220615T144741_R139_T19LDG_20220618T163011,2022-06-15T14:47:41.024000Z,0.004751,Sentinel-2A,04.00,32719,sentinel-2-l2a,https://planetarycomputer.microsoft.com/api/stac/v1/collections/sentinel-2-l2a/items/S2A_MSIL2A_20220615T144741_R139_T19LDG_20220618T163011,"[-69.92157,-12.75243147,-68.910095,-11.75833886]",True,,https://sentinel2l2a01.blob.core.windows.net/sentinel2-l2/19/L/DG/2022/06/15/S2A_MSIL2A_20220615T144741_N0400_R139_T19LDG_20220618T163011.SAFE/GRANULE/L2A_T19LDG_A036458_20220615T144741/IMG_DATA/R10m/T19LDG_20220615T144741_B02_10m.tif,https://sentinel2l2a01.blob.core.windows.net/sentinel2-l2/19/L/DG/2022/06/15/S2A_MSIL2A_20220615T144741_N0400_R139_T19LDG_20220618T163011.SAFE/GRANULE/L2A_T19LDG_A036458_20220615T144741/IMG_DATA/R10m/T19LDG_20220615T144741_B03_10m.tif,https://sentinel2l2a01.blob.core.windows.net/sentinel2-l2/19/L/DG/2022/06/15/S2A_MSIL2A_20220615T144741_N0400_R139_T19LDG_20220618T163011.SAFE/GRANULE/L2A_T19LDG_A036458_20220615T144741/IMG_DATA/R10m/T19LDG_20220615T144741_B04_10m.tif,https://sentinel2l2a01.blob.core.windows.net/sentinel2-l2/19/L/DG/2022/06/15/S2A_MSIL2A_20220615T144741_N0400_R139_T19LDG_20220618T163011.SAFE/GRANULE/L2A_T19LDG_A036458_20220615T144741/IMG_DATA/R10m/T19LDG_20220615T144741_B08_10m.tif,https://sentinel2l2a01.blob.core.windows.net/sentinel2-l2/19/L/DG/2022/06/15/S2A_MSIL2A_20220615T144741_N0400_R139_T19LDG_20220618T163011.SAFE/GRANULE/L2A_T19LDG_A036458_20220615T144741/IMG_DATA/R20m/T19LDG_20220615T144741_SCL_20m.tif,,2026-08-09T23:20:24.475049Z,discovered
inambari_development,dataset_development,2018,2018-06-01,2018-09-30,S2A_MSIL2A_20180907T145721_R039_T19LCF_20201011T093958,2018-09-07T14:57:21.024000Z,7.25854,Sentinel-2A,02.12,32719,sentinel-2-l2a,https://planetarycomputer.microsoft.com/api/stac/v1/collections/sentinel-2-l2a/items/S2A_MSIL2A_20180907T145721_R039_T19LCF_20201011T093958,"[-70.84897,-13.655304068939095,-69.83066,-12.657636587187465]",True,,https://sentinel2l2a01.blob.core.windows.net/sentinel2-l2/19/L/CF/2018/09/07/S2A_MSIL2A_20180907T145721_N0212_R039_T19LCF_20201011T093958.SAFE/GRANULE/L2A_T19LCF_A016767_20180907T150208/IMG_DATA/R10m/T19LCF_20180907T145721_B02_10m.tif,https://sentinel2l2a01.blob.core.windows.net/sentinel2-l2/19/L/CF/2018/09/07/S2A_MSIL2A_20180907T145721_N0212_R039_T19LCF_20201011T093958.SAFE/GRANULE/L2A_T19LCF_A016767_20180907T150208/IMG_DATA/R10m/T19LCF_20180907T145721_B03_10m.tif,https://sentinel2l2a01.blob.core.windows.net/sentinel2-l2/19/L/CF/2018/09/07/S2A_MSIL2A_20180907T145721_N0212_R039_T19LCF_20201011T093958.SAFE/GRANULE/L2A_T19LCF_A016767_20180907T150208/IMG_DATA/R10m/T19LCF_20180907T145721_B04_10m.tif,https://sentinel2l2a01.blob.core.windows.net/sentinel2-l2/19/L/CF/2018/09/07/S2A_MSIL2A_20180907T145721_N0212_R039_T19LCF_20201011T093958.SAFE/GRANULE/L2A_T19LCF_A016767_20180907T150208/IMG_DATA/R10m/T19LCF_20180907T145721_B08_10m.tif,https://sentinel2l2a01.blob.core.windows.net/sentinel2-l2/19/L/CF/2018/09/07/S2A_MSIL2A_20180907T145721_N0212_R039_T19LCF_20201011T093958.SAFE/GRANULE/L2A_T19LCF_A016767_20180907T150208/IMG_DATA/R20m/T19LCF_20180907T145721_SCL_20m.tif,,2026-08-09T23:20:24.475049Z,discovered
inambari_development,dataset_development,2018,2018-06-01,2018-09-30,S2A_MSIL2A_20180904T144731_R139_T19LCF_20201011T082925,2018-09-04T14:47:31.024000Z,10.707588,Sentinel-2A,02.12,32719,sentinel-2-l2a,https://planetarycomputer.microsoft.com/api/stac/v1/collections/sentinel-2-l2a/items/S2A_MSIL2A_20180904T144731_R139_T19LCF_20201011T082925,"[-70.131744,-13.655483318755016,-69.83066,-12.662339104797566]",True,,https://sentinel2l2a01.blob.core.windows.net/sentinel2-l2/19/L/CF/2018/09/04/S2A_MSIL2A_20180904T144731_N0212_R139_T19LCF_20201011T082925.SAFE/GRANULE/L2A_T19LCF_A016724_20180904T144728/IMG_DATA/R10m/T19LCF_20180904T144731_B02_10m.tif,https://sentinel2l2a01.blob.core.windows.net/sentinel2-l2/19/L/CF/2018/09/04/S2A_MSIL2A_20180904T144731_N0212_R139_T19LCF_20201011T082925.SAFE/GRANULE/L2A_T19LCF_A016724_20180904T144728/IMG_DATA/R10m/T19LCF_20180904T144731_B03_10m.tif,https://sentinel2l2a01.blob.core.windows.net/sentinel2-l2/19/L/CF/2018/09/04/S2A_MSIL2A_20180904T144731_N0212_R139_T19LCF_20201011T082925.SAFE/GRANULE/L2A_T19LCF_A016724_20180904T144728/IMG_DATA/R10m/T19LCF_20180904T144731_B04_10m.tif,https://sentinel2l2a01.blob.core.windows.net/sentinel2-l2/19/L/CF/2018/09/04/S2A_MSIL2A_20180904T144731_N0212_R139_T19LCF_20201011T082925.SAFE/GRANULE/L2A_T19LCF_A016724_20180904T144728/IMG_DATA/R10m/T19LCF_20180904T144731_B08_10m.tif,https://sentinel2l2a01.blob.core.windows.net/sentinel2-l2/19/L/CF/2018/09/04/S2A_MSIL2A_20180904T144731_N0212_R139_T19LCF_20201011T082925.SAFE/GRANULE/L2A_T19LCF_A016724_20180904T144728/IMG_DATA/R20m/T19LCF_20180904T144731_SCL_20m.tif,,2026-08-09T23:20:24.475049Z,discovered
inambari_development,dataset_development,2018,2018-06-01,2018-09-30,S2A_MSIL2A_20180828T145721_R039_T19LCF_20201027T054517,2018-08-28T14:57:21.024000Z,12.441118,Sentinel-2A,02.12,32719,sentinel-2-l2a,https://planetarycomputer.microsoft.com/api/stac/v1/collections/sentinel-2-l2a/items/S2A_MSIL2A_20180828T145721_R039_T19LCF_20201027T054517,"[-70.84895839954056,-13.655319631943023,-69.83065200221534,-12.657636587187465]",True,,https://sentinel2l2a01.blob.core.windows.net/sentinel2-l2/19/L/CF/2018/08/28/S2A_MSIL2A_20180828T145721_N0212_R039_T19LCF_20201027T054517.SAFE/GRANULE/L2A_T19LCF_A016624_20180828T145854/IMG_DATA/R10m/T19LCF_20180828T145721_B02_10m.tif,https://sentinel2l2a01.blob.core.windows.net/sentinel2-l2/19/L/CF/2018/08/28/S2A_MSIL2A_20180828T145721_N0212_R039_T19LCF_20201027T054517.SAFE/GRANULE/L2A_T19LCF_A016624_20180828T145854/IMG_DATA/R10m/T19LCF_20180828T145721_B03_10m.tif,https://sentinel2l2a01.blob.core.windows.net/sentinel2-l2/19/L/CF/2018/08/28/S2A_MSIL2A_20180828T145721_N0212_R039_T19LCF_20201027T054517.SAFE/GRANULE/L2A_T19LCF_A016624_20180828T145854/IMG_DATA/R10m/T19LCF_20180828T145721_B04_10m.tif,https://sentinel2l2a01.blob.core.windows.net/sentinel2-l2/19/L/CF/2018/08/28/S2A_MSIL2A_20180828T145721_N0212_R039_T19LCF_20201027T054517.SAFE/GRANULE/L2A_T19LCF_A016624_20180828T145854/IMG_DATA/R10m/T19LCF_20180828T145721_B08_10m.tif,https://sentinel2l2a01.blob.core.windows.net/sentinel2-l2/19/L/CF/2018/08/28/S2A_MSIL2A_20180828T145721_N0212_R039_T19LCF_20201027T054517.SAFE/GRANULE/L2A_T19LCF_A016624_20180828T145854/IMG_DATA/R20m/T19LCF_20180828T145721_SCL_20m.tif,,2026-08-09T23:20:24.475049Z,discovered
inambari_development,dataset_development,2018,2018-06-01,2018-09-30,S2A_MSIL2A_20180818T145721_R039_T19LCF_20201011T032904,2018-08-18T14:57:21.024000Z,11.352001,Sentinel-2A,02.12,32719,sentinel-2-l2a,https://planetarycomputer.microsoft.com/api/stac/v1/collections/sentinel-2-l2a/items/S2A_MSIL2A_20180818T145721_R039_T19LCF_20201011T032904,"[-70.84897,-13.655330575689524,-69.83066,-12.657636587187465]",True,,https://sentinel2l2a01.blob.core.windows.net/sentinel2-l2/19/L/CF/2018/08/18/S2A_MSIL2A_20180818T145721_N0212_R039_T19LCF_20201011T032904.SAFE/GRANULE/L2A_T19LCF_A016481_20180818T150209/IMG_DATA/R10m/T19LCF_20180818T145721_B02_10m.tif,https://sentinel2l2a01.blob.core.windows.net/sentinel2-l2/19/L/CF/2018/08/18/S2A_MSIL2A_20180818T145721_N0212_R039_T19LCF_20201011T032904.SAFE/GRANULE/L2A_T19LCF_A016481_20180818T150209/IMG_DATA/R10m/T19LCF_20180818T145721_B03_10m.tif,https://sentinel2l2a01.blob.core.windows.net/sentinel2-l2/19/L/CF/2018/08/18/S2A_MSIL2A_20180818T145721_N0212_R039_T19LCF_20201011T032904.SAFE/GRANULE/L2A_T19LCF_A016481_20180818T150209/IMG_DATA/R10m/T19LCF_20180818T145721_B04_10m.tif,https://sentinel2l2a01.blob.core.windows.net/sentinel2-l2/19/L/CF/2018/08/18/S2A_MSIL2A_20180818T145721_N0212_R039_T19LCF_20201011T032904.SAFE/GRANULE/L2A_T19LCF_A016481_20180818T150209/IMG_DATA/R10m/T19LCF_20180818T145721_B08_10m.tif,https://sentinel2l2a01.blob.core.windows.net/sentinel2-l2/19/L/CF/2018/08/18/S2A_MSIL2A_20180818T145721_N0212_R039_T19LCF_20201011T032904.SAFE/GRANULE/L2A_T19LCF_A016481_20180818T150209/IMG_DATA/R20m/T19LCF_20180818T145721_SCL_20m.tif,,2026-08-09T23:20:24.475049Z,discovered
inambari_development,dataset_development,2018,2018-06-01,2018-09-30,S2B_MSIL2A_20180813T145719_R039_T19LCF_20201011T012223,2018-08-13T14:57:19.024000Z,14.148408,Sentinel-2B,02.12,32719,sentinel-2-l2a,https://planetarycomputer.microsoft.com/api/stac/v1/collections/sentinel-2-l2a/items/S2B_MSIL2A_20180813T145719_R039_T19LCF_20201011T012223,"[-70.84897,-13.655405480903744,-69.83066,-12.657636587187465]",True,,https://sentinel2l2a01.blob.core.windows.net/sentinel2-l2/19/L/CF/2018/08/13/S2B_MSIL2A_20180813T145719_N0212_R039_T19LCF_20201011T012223.SAFE/GRANULE/L2A_T19LCF_A007501_20180813T150106/IMG_DATA/R10m/T19LCF_20180813T145719_B02_10m.tif,https://sentinel2l2a01.blob.core.windows.net/sentinel2-l2/19/L/CF/2018/08/13/S2B_MSIL2A_20180813T145719_N0212_R039_T19LCF_20201011T012223.SAFE/GRANULE/L2A_T19LCF_A007501_20180813T150106/IMG_DATA/R10m/T19LCF_20180813T145719_B03_10m.tif,https://sentinel2l2a01.blob.core.windows.net/sentinel2-l2/19/L/CF/2018/08/13/S2B_MSIL2A_20180813T145719_N0212_R039_T19LCF_20201011T012223.SAFE/GRANULE/L2A_T19LCF_A007501_20180813T150106/IMG_DATA/R10m/T19LCF_20180813T145719_B04_10m.tif,https://sentinel2l2a01.blob.core.windows.net/sentinel2-l2/19/L/CF/2018/08/13/S2B_MSIL2A_20180813T145719_N0212_R039_T19LCF_20201011T012223.SAFE/GRANULE/L2A_T19LCF_A007501_20180813T150106/IMG_DATA/R10m/T19LCF_20180813T145719_B08_10m.tif,https://sentinel2l2a01.blob.core.windows.net/sentinel2-l2/19/L/CF/2018/08/13/S2B_MSIL2A_20180813T145719_N0212_R039_T19LCF_20201011T012223.SAFE/GRANULE/L2A_T19LCF_A007501_20180813T150106/IMG_DATA/R20m/T19LCF_20180813T145719_SCL_20m.tif,,2026-08-09T23:20:24.475049Z,discovered
inambari_development,dataset_development,2018,2018-06-01,2018-09-30,S2A_MSIL2A_20180716T144731_R139_T19LCF_20201011T162616,2018-07-16T14:47:31.024000Z,19.790277,Sentinel-2A,02.12,32719,sentinel-2-l2a,https://planetarycomputer.microsoft.com/api/stac/v1/collections/sentinel-2-l2a/items/S2A_MSIL2A_20180716T144731_R139_T19LCF_20201011T162616,"[-70.12952296912329,-13.655483318755016,-69.83065200221534,-12.662366047719349]",True,,https://sentinel2l2a01.blob.core.windows.net/sentinel2-l2/19/L/CF/2018/07/16/S2A_MSIL2A_20180716T144731_N0212_R139_T19LCF_20201011T162616.SAFE/GRANULE/L2A_T19LCF_A016009_20180716T144920/IMG_DATA/R10m/T19LCF_20180716T144731_B02_10m.tif,https://sentinel2l2a01.blob.core.windows.net/sentinel2-l2/19/L/CF/2018/07/16/S2A_MSIL2A_20180716T144731_N0212_R139_T19LCF_20201011T162616.SAFE/GRANULE/L2A_T19LCF_A016009_20180716T144920/IMG_DATA/R10m/T19LCF_20180716T144731_B03_10m.tif,https://sentinel2l2a01.blob.core.windows.net/sentinel2-l2/19/L/CF/2018/07/16/S2A_MSIL2A_20180716T144731_N0212_R139_T19LCF_20201011T162616.SAFE/GRANULE/L2A_T19LCF_A016009_20180716T144920/IMG_DATA/R10m/T19LCF_20180716T144731_B04_10m.tif,https://sentinel2l2a01.blob.core.windows.net/sentinel2-l2/19/L/CF/2018/07/16/S2A_MSIL2A_20180716T144731_N0212_R139_T19LCF_20201011T162616.SAFE/GRANULE/L2A_T19LCF_A016009_20180716T144920/IMG_DATA/R10m/T19LCF_20180716T144731_B08_10m.tif,https://sentinel2l2a01.blob.core.windows.net/sentinel2-l2/19/L/CF/2018/07/16/S2A_MSIL2A_20180716T144731_N0212_R139_T19LCF_20201011T162616.SAFE/GRANULE/L2A_T19LCF_A016009_20180716T144920/IMG_DATA/R20m/T19LCF_20180716T144731_SCL_20m.tif,,2026-08-09T23:20:24.475049Z,discovered
inambari_development,dataset_development,2018,2018-06-01,2018-09-30,S2A_MSIL2A_20180619T145731_R039_T19LCF_20201011T235605,2018-06-19T14:57:31.024000Z,9.168934,Sentinel-2A,02.12,32719,sentinel-2-l2a,https://planetarycomputer.microsoft.com/api/stac/v1/collections/sentinel-2-l2a/items/S2A_MSIL2A_20180619T145731_R039_T19LCF_20201011T235605,"[-70.84895839954056,-13.655388944025065,-69.83065200221534,-12.657636587187465]",True,,https://sentinel2l2a01.blob.core.windows.net/sentinel2-l2/19/L/CF/2018/06/19/S2A_MSIL2A_20180619T145731_N0212_R039_T19LCF_20201011T235605.SAFE/GRANULE/L2A_T19LCF_A015623_20180619T150221/IMG_DATA/R10m/T19LCF_20180619T145731_B02_10m.tif,https://sentinel2l2a01.blob.core.windows.net/sentinel2-l2/19/L/CF/2018/06/19/S2A_MSIL2A_20180619T145731_N0212_R039_T19LCF_20201011T235605.SAFE/GRANULE/L2A_T19LCF_A015623_20180619T150221/IMG_DATA/R10m/T19LCF_20180619T145731_B03_10m.tif,https://sentinel2l2a01.blob.core.windows.net/sentinel2-l2/19/L/CF/2018/06/19/S2A_MSIL2A_20180619T145731_N0212_R039_T19LCF_20201011T235605.SAFE/GRANULE/L2A_T19LCF_A015623_20180619T150221/IMG_DATA/R10m/T19LCF_20180619T145731_B04_10m.tif,https://sentinel2l2a01.blob.core.windows.net/sentinel2-l2/19/L/CF/2018/06/19/S2A_MSIL2A_20180619T145731_N0212_R039_T19LCF_20201011T235605.SAFE/GRANULE/L2A_T19LCF_A015623_20180619T150221/IMG_DATA/R10m/T19LCF_20180619T145731_B08_10m.tif,https://sentinel2l2a01.blob.core.windows.net/sentinel2-l2/19/L/CF/2018/06/19/S2A_MSIL2A_20180619T145731_N0212_R039_T19LCF_20201011T235605.SAFE/GRANULE/L2A_T19LCF_A015623_20180619T150221/IMG_DATA/R20m/T19LCF_20180619T145731_SCL_20m.tif,,2026-08-09T23:20:24.475049Z,discovered
inambari_development,dataset_development,2022,2022-06-01,2022-09-30,S2B_MSIL2A_20220928T144729_R139_T19LCF_20240728T133246,2022-09-28T14:47:29.024000Z,9.63727,Sentinel-2B,05.10,32719,sentinel-2-l2a,https://planetarycomputer.microsoft.com/api/stac/v1/collections/sentinel-2-l2a/items/S2B_MSIL2A_20220928T144729_R139_T19LCF_20240728T133246,"[-70.1303219,-13.6554833,-69.830652,-12.662354]",True,,https://sentinel2l2a01.blob.core.windows.net/sentinel2-l2/19/L/CF/2022/09/28/S2B_MSIL2A_20220928T144729_N0510_R139_T19LCF_20240728T133246.SAFE/GRANULE/L2A_T19LCF_A029051_20220928T145153/IMG_DATA/R10m/T19LCF_20220928T144729_B02_10m.tif,https://sentinel2l2a01.blob.core.windows.net/sentinel2-l2/19/L/CF/2022/09/28/S2B_MSIL2A_20220928T144729_N0510_R139_T19LCF_20240728T133246.SAFE/GRANULE/L2A_T19LCF_A029051_20220928T145153/IMG_DATA/R10m/T19LCF_20220928T144729_B03_10m.tif,https://sentinel2l2a01.blob.core.windows.net/sentinel2-l2/19/L/CF/2022/09/28/S2B_MSIL2A_20220928T144729_N0510_R139_T19LCF_20240728T133246.SAFE/GRANULE/L2A_T19LCF_A029051_20220928T145153/IMG_DATA/R10m/T19LCF_20220928T144729_B04_10m.tif,https://sentinel2l2a01.blob.core.windows.net/sentinel2-l2/19/L/CF/2022/09/28/S2B_MSIL2A_20220928T144729_N0510_R139_T19LCF_20240728T133246.SAFE/GRANULE/L2A_T19LCF_A029051_20220928T145153/IMG_DATA/R10m/T19LCF_20220928T144729_B08_10m.tif,https://sentinel2l2a01.blob.core.windows.net/sentinel2-l2/19/L/CF/2022/09/28/S2B_MSIL2A_20220928T144729_N0510_R139_T19LCF_20240728T133246.SAFE/GRANULE/L2A_T19LCF_A029051_20220928T145153/IMG_DATA/R20m/T19LCF_20220928T144729_SCL_20m.tif,,2026-08-09T23:20:24.475049Z,discovered
inambari_development,dataset_development,2022,2022-06-01,2022-09-30,S2B_MSIL2A_20220928T144729_R139_T19LCF_20220929T062147,2022-09-28T14:47:29.024000Z,9.65803,Sentinel-2B,04.00,32719,sentinel-2-l2a,https://planetarycomputer.microsoft.com/api/stac/v1/collections/sentinel-2-l2a/items/S2B_MSIL2A_20220928T144729_R139_T19LCF_20220929T062147,"[-70.13034,-13.65548332,-69.83066,-12.66235402]",True,,https://sentinel2l2a01.blob.core.windows.net/sentinel2-l2/19/L/CF/2022/09/28/S2B_MSIL2A_20220928T144729_N0400_R139_T19LCF_20220929T062147.SAFE/GRANULE/L2A_T19LCF_A029051_20220928T145153/IMG_DATA/R10m/T19LCF_20220928T144729_B02_10m.tif,https://sentinel2l2a01.blob.core.windows.net/sentinel2-l2/19/L/CF/2022/09/28/S2B_MSIL2A_20220928T144729_N0400_R139_T19LCF_20220929T062147.SAFE/GRANULE/L2A_T19LCF_A029051_20220928T145153/IMG_DATA/R10m/T19LCF_20220928T144729_B03_10m.tif,https://sentinel2l2a01.blob.core.windows.net/sentinel2-l2/19/L/CF/2022/09/28/S2B_MSIL2A_20220928T144729_N0400_R139_T19LCF_20220929T062147.SAFE/GRANULE/L2A_T19LCF_A029051_20220928T145153/IMG_DATA/R10m/T19LCF_20220928T144729_B04_10m.tif,https://sentinel2l2a01.blob.core.windows.net/sentinel2-l2/19/L/CF/2022/09/28/S2B_MSIL2A_20220928T144729_N0400_R139_T19LCF_20220929T062147.SAFE/GRANULE/L2A_T19LCF_A029051_20220928T145153/IMG_DATA/R10m/T19LCF_20220928T144729_B08_10m.tif,https://sentinel2l2a01.blob.core.windows.net/sentinel2-l2/19/L/CF/2022/09/28/S2B_MSIL2A_20220928T144729_N0400_R139_T19LCF_20220929T062147.SAFE/GRANULE/L2A_T19LCF_A029051_20220928T145153/IMG_DATA/R20m/T19LCF_20220928T144729_SCL_20m.tif,,2026-08-09T23:20:24.475049Z,discovered
inambari_development,dataset_development,2022,2022-06-01,2022-09-30,S2A_MSIL2A_20220906T145741_R039_T19LCF_20220907T075707,2022-09-06T14:57:41.024000Z,11.85512,Sentinel-2A,04.00,32719,sentinel-2-l2a,https://planetarycomputer.microsoft.com/api/stac/v1/collections/sentinel-2-l2a/items/S2A_MSIL2A_20220906T145741_R039_T19LCF_20220907T075707,"[-70.84897,-13.65526343,-69.83066,-12.65763659]",True,,https://sentinel2l2a01.blob.core.windows.net/sentinel2-l2/19/L/CF/2022/09/06/S2A_MSIL2A_20220906T145741_N0400_R039_T19LCF_20220907T075707.SAFE/GRANULE/L2A_T19LCF_A037645_20220906T150345/IMG_DATA/R10m/T19LCF_20220906T145741_B02_10m.tif,https://sentinel2l2a01.blob.core.windows.net/sentinel2-l2/19/L/CF/2022/09/06/S2A_MSIL2A_20220906T145741_N0400_R039_T19LCF_20220907T075707.SAFE/GRANULE/L2A_T19LCF_A037645_20220906T150345/IMG_DATA/R10m/T19LCF_20220906T145741_B03_10m.tif,https://sentinel2l2a01.blob.core.windows.net/sentinel2-l2/19/L/CF/2022/09/06/S2A_MSIL2A_20220906T145741_N0400_R039_T19LCF_20220907T075707.SAFE/GRANULE/L2A_T19LCF_A037645_20220906T150345/IMG_DATA/R10m/T19LCF_20220906T145741_B04_10m.tif,https://sentinel2l2a01.blob.core.windows.net/sentinel2-l2/19/L/CF/2022/09/06/S2A_MSIL2A_20220906T145741_N0400_R039_T19LCF_20220907T075707.SAFE/GRANULE/L2A_T19LCF_A037645_20220906T150345/IMG_DATA/R10m/T19LCF_20220906T145741_B08_10m.tif,https://sentinel2l2a01.blob.core.windows.net/sentinel2-l2/19/L/CF/2022/09/06/S2A_MSIL2A_20220906T145741_N0400_R039_T19LCF_20220907T075707.SAFE/GRANULE/L2A_T19LCF_A037645_20220906T150345/IMG_DATA/R20m/T19LCF_20220906T145741_SCL_20m.tif,,2026-08-09T23:20:24.475049Z,discovered
inambari_development,dataset_development,2022,2022-06-01,2022-09-30,S2B_MSIL2A_20220901T145729_R039_T19LCF_20220902T065509,2022-09-01T14:57:29.024000Z,15.485813,Sentinel-2B,04.00,32719,sentinel-2-l2a,https://planetarycomputer.microsoft.com/api/stac/v1/collections/sentinel-2-l2a/items/S2B_MSIL2A_20220901T145729_R039_T19LCF_20220902T065509,"[-70.84897,-13.65537604,-69.83066,-12.65763659]",True,,https://sentinel2l2a01.blob.core.windows.net/sentinel2-l2/19/L/CF/2022/09/01/S2B_MSIL2A_20220901T145729_N0400_R039_T19LCF_20220902T065509.SAFE/GRANULE/L2A_T19LCF_A028665_20220901T145726/IMG_DATA/R10m/T19LCF_20220901T145729_B02_10m.tif,https://sentinel2l2a01.blob.core.windows.net/sentinel2-l2/19/L/CF/2022/09/01/S2B_MSIL2A_20220901T145729_N0400_R039_T19LCF_20220902T065509.SAFE/GRANULE/L2A_T19LCF_A028665_20220901T145726/IMG_DATA/R10m/T19LCF_20220901T145729_B03_10m.tif,https://sentinel2l2a01.blob.core.windows.net/sentinel2-l2/19/L/CF/2022/09/01/S2B_MSIL2A_20220901T145729_N0400_R039_T19LCF_20220902T065509.SAFE/GRANULE/L2A_T19LCF_A028665_20220901T145726/IMG_DATA/R10m/T19LCF_20220901T145729_B04_10m.tif,https://sentinel2l2a01.blob.core.windows.net/sentinel2-l2/19/L/CF/2022/09/01/S2B_MSIL2A_20220901T145729_N0400_R039_T19LCF_20220902T065509.SAFE/GRANULE/L2A_T19LCF_A028665_20220901T145726/IMG_DATA/R10m/T19LCF_20220901T145729_B08_10m.tif,https://sentinel2l2a01.blob.core.windows.net/sentinel2-l2/19/L/CF/2022/09/01/S2B_MSIL2A_20220901T145729_N0400_R039_T19LCF_20220902T065509.SAFE/GRANULE/L2A_T19LCF_A028665_20220901T145726/IMG_DATA/R20m/T19LCF_20220901T145729_SCL_20m.tif,,2026-08-09T23:20:24.475049Z,discovered
inambari_development,dataset_development,2022,2022-06-01,2022-09-30,S2A_MSIL2A_20220824T144741_R139_T19LCF_20240704T164843,2022-08-24T14:47:41.024000Z,7.436208,Sentinel-2A,05.10,32719,sentinel-2-l2a,https://planetarycomputer.microsoft.com/api/stac/v1/collections/sentinel-2-l2a/items/S2A_MSIL2A_20220824T144741_R139_T19LCF_20240704T164843,"[-70.143133,-13.6554833,-69.830652,-12.6622943]",True,,https://sentinel2l2a01.blob.core.windows.net/sentinel2-l2/19/L/CF/2022/08/24/S2A_MSIL2A_20220824T144741_N0510_R139_T19LCF_20240704T164843.SAFE/GRANULE/L2A_T19LCF_A037459_20220824T145550/IMG_DATA/R10m/T19LCF_20220824T144741_B02_10m.tif,https://sentinel2l2a01.blob.core.windows.net/sentinel2-l2/19/L/CF/2022/08/24/S2A_MSIL2A_20220824T144741_N0510_R139_T19LCF_20240704T164843.SAFE/GRANULE/L2A_T19LCF_A037459_20220824T145550/IMG_DATA/R10m/T19LCF_20220824T144741_B03_10m.tif,https://sentinel2l2a01.blob.core.windows.net/sentinel2-l2/19/L/CF/2022/08/24/S2A_MSIL2A_20220824T144741_N0510_R139_T19LCF_20240704T164843.SAFE/GRANULE/L2A_T19LCF_A037459_20220824T145550/IMG_DATA/R10m/T19LCF_20220824T144741_B04_10m.tif,https://sentinel2l2a01.blob.core.windows.net/sentinel2-l2/19/L/CF/2022/08/24/S2A_MSIL2A_20220824T144741_N0510_R139_T19LCF_20240704T164843.SAFE/GRANULE/L2A_T19LCF_A037459_20220824T145550/IMG_DATA/R10m/T19LCF_20220824T144741_B08_10m.tif,https://sentinel2l2a01.blob.core.windows.net/sentinel2-l2/19/L/CF/2022/08/24/S2A_MSIL2A_20220824T144741_N0510_R139_T19LCF_20240704T164843.SAFE/GRANULE/L2A_T19LCF_A037459_20220824T145550/IMG_DATA/R20m/T19LCF_20220824T144741_SCL_20m.tif,,2026-08-09T23:20:24.475049Z,discovered
inambari_development,dataset_development,2022,2022-06-01,2022-09-30,S2A_MSIL2A_20220824T144741_R139_T19LCF_20220825T150011,2022-08-24T14:47:41.024000Z,7.488132,Sentinel-2A,04.00,32719,sentinel-2-l2a,https://planetarycomputer.microsoft.com/api/stac/v1/collections/sentinel-2-l2a/items/S2A_MSIL2A_20220824T144741_R139_T19LCF_20220825T150011,"[-70.14313,-13.65548332,-69.83066,-12.66229435]",True,,https://sentinel2l2a01.blob.core.windows.net/sentinel2-l2/19/L/CF/2022/08/24/S2A_MSIL2A_20220824T144741_N0400_R139_T19LCF_20220825T150011.SAFE/GRANULE/L2A_T19LCF_A037459_20220824T145550/IMG_DATA/R10m/T19LCF_20220824T144741_B02_10m.tif,https://sentinel2l2a01.blob.core.windows.net/sentinel2-l2/19/L/CF/2022/08/24/S2A_MSIL2A_20220824T144741_N0400_R139_T19LCF_20220825T150011.SAFE/GRANULE/L2A_T19LCF_A037459_20220824T145550/IMG_DATA/R10m/T19LCF_20220824T144741_B03_10m.tif,https://sentinel2l2a01.blob.core.windows.net/sentinel2-l2/19/L/CF/2022/08/24/S2A_MSIL2A_20220824T144741_N0400_R139_T19LCF_20220825T150011.SAFE/GRANULE/L2A_T19LCF_A037459_20220824T145550/IMG_DATA/R10m/T19LCF_20220824T144741_B04_10m.tif,https://sentinel2l2a01.blob.core.windows.net/sentinel2-l2/19/L/CF/2022/08/24/S2A_MSIL2A_20220824T144741_N0400_R139_T19LCF_20220825T150011.SAFE/GRANULE/L2A_T19LCF_A037459_20220824T145550/IMG_DATA/R10m/T19LCF_20220824T144741_B08_10m.tif,https://sentinel2l2a01.blob.core.windows.net/sentinel2-l2/19/L/CF/2022/08/24/S2A_MSIL2A_20220824T144741_N0400_R139_T19LCF_20220825T150011.SAFE/GRANULE/L2A_T19LCF_A037459_20220824T145550/IMG_DATA/R20m/T19LCF_20220824T144741_SCL_20m.tif,,2026-08-09T23:20:24.475049Z,discovered
inambari_development,dataset_development,2022,2022-06-01,2022-09-30,S2B_MSIL2A_20220822T145729_R039_T19LCF_20240704T091633,2022-08-22T14:57:29.024000Z,8.351785,Sentinel-2B,05.10,32719,sentinel-2-l2a,https://planetarycomputer.microsoft.com/api/stac/v1/collections/sentinel-2-l2a/items/S2B_MSIL2A_20220822T145729_R039_T19LCF_20240704T091633,"[-70.8489584,-13.6553859,-69.830652,-12.6576366]",True,,https://sentinel2l2a01.blob.core.windows.net/sentinel2-l2/19/L/CF/2022/08/22/S2B_MSIL2A_20220822T145729_N0510_R039_T19LCF_20240704T091633.SAFE/GRANULE/L2A_T19LCF_A028522_20220822T145726/IMG_DATA/R10m/T19LCF_20220822T145729_B02_10m.tif,https://sentinel2l2a01.blob.core.windows.net/sentinel2-l2/19/L/CF/2022/08/22/S2B_MSIL2A_20220822T145729_N0510_R039_T19LCF_20240704T091633.SAFE/GRANULE/L2A_T19LCF_A028522_20220822T145726/IMG_DATA/R10m/T19LCF_20220822T145729_B03_10m.tif,https://sentinel2l2a01.blob.core.windows.net/sentinel2-l2/19/L/CF/2022/08/22/S2B_MSIL2A_20220822T145729_N0510_R039_T19LCF_20240704T091633.SAFE/GRANULE/L2A_T19LCF_A028522_20220822T145726/IMG_DATA/R10m/T19LCF_20220822T145729_B04_10m.tif,https://sentinel2l2a01.blob.core.windows.net/sentinel2-l2/19/L/CF/2022/08/22/S2B_MSIL2A_20220822T145729_N0510_R039_T19LCF_20240704T091633.SAFE/GRANULE/L2A_T19LCF_A028522_20220822T145726/IMG_DATA/R10m/T19LCF_20220822T145729_B08_10m.tif,https://sentinel2l2a01.blob.core.windows.net/sentinel2-l2/19/L/CF/2022/08/22/S2B_MSIL2A_20220822T145729_N0510_R039_T19LCF_20240704T091633.SAFE/GRANULE/L2A_T19LCF_A028522_20220822T145726/IMG_DATA/R20m/T19LCF_20220822T145729_SCL_20m.tif,,2026-08-09T23:20:24.475049Z,discovered
inambari_development,dataset_development,2022,2022-06-01,2022-09-30,S2B_MSIL2A_20220822T145729_R039_T19LCF_20220823T142834,2022-08-22T14:57:29.024000Z,8.363886,Sentinel-2B,04.00,32719,sentinel-2-l2a,https://planetarycomputer.microsoft.com/api/stac/v1/collections/sentinel-2-l2a/items/S2B_MSIL2A_20220822T145729_R039_T19LCF_20220823T142834,"[-70.84897,-13.65538589,-69.83066,-12.65763659]",True,,https://sentinel2l2a01.blob.core.windows.net/sentinel2-l2/19/L/CF/2022/08/22/S2B_MSIL2A_20220822T145729_N0400_R039_T19LCF_20220823T142834.SAFE/GRANULE/L2A_T19LCF_A028522_20220822T145726/IMG_DATA/R10m/T19LCF_20220822T145729_B02_10m.tif,https://sentinel2l2a01.blob.core.windows.net/sentinel2-l2/19/L/CF/2022/08/22/S2B_MSIL2A_20220822T145729_N0400_R039_T19LCF_20220823T142834.SAFE/GRANULE/L2A_T19LCF_A028522_20220822T145726/IMG_DATA/R10m/T19LCF_20220822T145729_B03_10m.tif,https://sentinel2l2a01.blob.core.windows.net/sentinel2-l2/19/L/CF/2022/08/22/S2B_MSIL2A_20220822T145729_N0400_R039_T19LCF_20220823T142834.SAFE/GRANULE/L2A_T19LCF_A028522_20220822T145726/IMG_DATA/R10m/T19LCF_20220822T145729_B04_10m.tif,https://sentinel2l2a01.blob.core.windows.net/sentinel2-l2/19/L/CF/2022/08/22/S2B_MSIL2A_20220822T145729_N0400_R039_T19LCF_20220823T142834.SAFE/GRANULE/L2A_T19LCF_A028522_20220822T145726/IMG_DATA/R10m/T19LCF_20220822T145729_B08_10m.tif,https://sentinel2l2a01.blob.core.windows.net/sentinel2-l2/19/L/CF/2022/08/22/S2B_MSIL2A_20220822T145729_N0400_R039_T19LCF_20220823T142834.SAFE/GRANULE/L2A_T19LCF_A028522_20220822T145726/IMG_DATA/R20m/T19LCF_20220822T145729_SCL_20m.tif,,2026-08-09T23:20:24.475049Z,discovered
inambari_development,dataset_development,2022,2022-06-01,2022-09-30,S2A_MSIL2A_20220814T144741_R139_T19LCF_20240703T134048,2022-08-14T14:47:41.024000Z,17.042051,Sentinel-2A,05.10,32719,sentinel-2-l2a,https://planetarycomputer.microsoft.com/api/stac/v1/collections/sentinel-2-l2a/items/S2A_MSIL2A_20220814T144741_R139_T19LCF_20240703T134048,"[-70.1374266,-13.6554833,-69.830652,-12.6623124]",True,,https://sentinel2l2a01.blob.core.windows.net/sentinel2-l2/19/L/CF/2022/08/14/S2A_MSIL2A_20220814T144741_N0510_R139_T19LCF_20240703T134048.SAFE/GRANULE/L2A_T19LCF_A037316_20220814T144738/IMG_DATA/R10m/T19LCF_20220814T144741_B02_10m.tif,https://sentinel2l2a01.blob.core.windows.net/sentinel2-l2/19/L/CF/2022/08/14/S2A_MSIL2A_20220814T144741_N0510_R139_T19LCF_20240703T134048.SAFE/GRANULE/L2A_T19LCF_A037316_20220814T144738/IMG_DATA/R10m/T19LCF_20220814T144741_B03_10m.tif,https://sentinel2l2a01.blob.core.windows.net/sentinel2-l2/19/L/CF/2022/08/14/S2A_MSIL2A_20220814T144741_N0510_R139_T19LCF_20240703T134048.SAFE/GRANULE/L2A_T19LCF_A037316_20220814T144738/IMG_DATA/R10m/T19LCF_20220814T144741_B04_10m.tif,https://sentinel2l2a01.blob.core.windows.net/sentinel2-l2/19/L/CF/2022/08/14/S2A_MSIL2A_20220814T144741_N0510_R139_T19LCF_20240703T134048.SAFE/GRANULE/L2A_T19LCF_A037316_20220814T144738/IMG_DATA/R10m/T19LCF_20220814T144741_B08_10m.tif,https://sentinel2l2a01.blob.core.windows.net/sentinel2-l2/19/L/CF/2022/08/14/S2A_MSIL2A_20220814T144741_N0510_R139_T19LCF_20240703T134048.SAFE/GRANULE/L2A_T19LCF_A037316_20220814T144738/IMG_DATA/R20m/T19LCF_20220814T144741_SCL_20m.tif,,2026-08-09T23:20:24.475049Z,discovered
inambari_development,dataset_development,2022,2022-06-01,2022-09-30,S2A_MSIL2A_20220814T144741_R139_T19LCF_20220815T060901,2022-08-14T14:47:41.024000Z,17.05485,Sentinel-2A,04.00,32719,sentinel-2-l2a,https://planetarycomputer.microsoft.com/api/stac/v1/collections/sentinel-2-l2a/items/S2A_MSIL2A_20220814T144741_R139_T19LCF_20220815T060901,"[-70.13742,-13.65548332,-69.83066,-12.66231238]",True,,https://sentinel2l2a01.blob.core.windows.net/sentinel2-l2/19/L/CF/2022/08/14/S2A_MSIL2A_20220814T144741_N0400_R139_T19LCF_20220815T060901.SAFE/GRANULE/L2A_T19LCF_A037316_20220814T144738/IMG_DATA/R10m/T19LCF_20220814T144741_B02_10m.tif,https://sentinel2l2a01.blob.core.windows.net/sentinel2-l2/19/L/CF/2022/08/14/S2A_MSIL2A_20220814T144741_N0400_R139_T19LCF_20220815T060901.SAFE/GRANULE/L2A_T19LCF_A037316_20220814T144738/IMG_DATA/R10m/T19LCF_20220814T144741_B03_10m.tif,https://sentinel2l2a01.blob.core.windows.net/sentinel2-l2/19/L/CF/2022/08/14/S2A_MSIL2A_20220814T144741_N0400_R139_T19LCF_20220815T060901.SAFE/GRANULE/L2A_T19LCF_A037316_20220814T144738/IMG_DATA/R10m/T19LCF_20220814T144741_B04_10m.tif,https://sentinel2l2a01.blob.core.windows.net/sentinel2-l2/19/L/CF/2022/08/14/S2A_MSIL2A_20220814T144741_N0400_R139_T19LCF_20220815T060901.SAFE/GRANULE/L2A_T19LCF_A037316_20220814T144738/IMG_DATA/R10m/T19LCF_20220814T144741_B08_10m.tif,https://sentinel2l2a01.blob.core.windows.net/sentinel2-l2/19/L/CF/2022/08/14/S2A_MSIL2A_20220814T144741_N0400_R139_T19LCF_20220815T060901.SAFE/GRANULE/L2A_T19LCF_A037316_20220814T144738/IMG_DATA/R20m/T19LCF_20220814T144741_SCL_20m.tif,,2026-08-09T23:20:24.475049Z,discovered
inambari_development,dataset_development,2022,2022-06-01,2022-09-30,S2A_MSIL2A_20220728T145741_R039_T19LCF_20220729T214335,2022-07-28T14:57:41.024000Z,14.730121,Sentinel-2A,04.00,32719,sentinel-2-l2a,https://planetarycomputer.microsoft.com/api/stac/v1/collections/sentinel-2-l2a/items/S2A_MSIL2A_20220728T145741_R039_T19LCF_20220729T214335,"[-70.84897,-13.65534729,-69.83066,-12.65763659]",True,,https://sentinel2l2a01.blob.core.windows.net/sentinel2-l2/19/L/CF/2022/07/28/S2A_MSIL2A_20220728T145741_N0400_R039_T19LCF_20220729T214335.SAFE/GRANULE/L2A_T19LCF_A037073_20220728T150430/IMG_DATA/R10m/T19LCF_20220728T145741_B02_10m.tif,https://sentinel2l2a01.blob.core.windows.net/sentinel2-l2/19/L/CF/2022/07/28/S2A_MSIL2A_20220728T145741_N0400_R039_T19LCF_20220729T214335.SAFE/GRANULE/L2A_T19LCF_A037073_20220728T150430/IMG_DATA/R10m/T19LCF_20220728T145741_B03_10m.tif,https://sentinel2l2a01.blob.core.windows.net/sentinel2-l2/19/L/CF/2022/07/28/S2A_MSIL2A_20220728T145741_N0400_R039_T19LCF_20220729T214335.SAFE/GRANULE/L2A_T19LCF_A037073_20220728T150430/IMG_DATA/R10m/T19LCF_20220728T145741_B04_10m.tif,https://sentinel2l2a01.blob.core.windows.net/sentinel2-l2/19/L/CF/2022/07/28/S2A_MSIL2A_20220728T145741_N0400_R039_T19LCF_20220729T214335.SAFE/GRANULE/L2A_T19LCF_A037073_20220728T150430/IMG_DATA/R10m/T19LCF_20220728T145741_B08_10m.tif,https://sentinel2l2a01.blob.core.windows.net/sentinel2-l2/19/L/CF/2022/07/28/S2A_MSIL2A_20220728T145741_N0400_R039_T19LCF_20220729T214335.SAFE/GRANULE/L2A_T19LCF_A037073_20220728T150430/IMG_DATA/R20m/T19LCF_20220728T145741_SCL_20m.tif,,2026-08-09T23:20:24.475049Z,discovered
inambari_development,dataset_development,2022,2022-06-01,2022-09-30,S2A_MSIL2A_20220615T144741_R139_T19LCF_20240620T023425,2022-06-15T14:47:41.024000Z,15.893771,Sentinel-2A,05.10,32719,sentinel-2-l2a,https://planetarycomputer.microsoft.com/api/stac/v1/collections/sentinel-2-l2a/items/S2A_MSIL2A_20220615T144741_R139_T19LCF_20240620T023425,"[-70.1419221,-13.6554833,-69.830652,-12.6623009]",True,,https://sentinel2l2a01.blob.core.windows.net/sentinel2-l2/19/L/CF/2022/06/15/S2A_MSIL2A_20220615T144741_N0510_R139_T19LCF_20240620T023425.SAFE/GRANULE/L2A_T19LCF_A036458_20220615T144741/IMG_DATA/R10m/T19LCF_20220615T144741_B02_10m.tif,https://sentinel2l2a01.blob.core.windows.net/sentinel2-l2/19/L/CF/2022/06/15/S2A_MSIL2A_20220615T144741_N0510_R139_T19LCF_20240620T023425.SAFE/GRANULE/L2A_T19LCF_A036458_20220615T144741/IMG_DATA/R10m/T19LCF_20220615T144741_B03_10m.tif,https://sentinel2l2a01.blob.core.windows.net/sentinel2-l2/19/L/CF/2022/06/15/S2A_MSIL2A_20220615T144741_N0510_R139_T19LCF_20240620T023425.SAFE/GRANULE/L2A_T19LCF_A036458_20220615T144741/IMG_DATA/R10m/T19LCF_20220615T144741_B04_10m.tif,https://sentinel2l2a01.blob.core.windows.net/sentinel2-l2/19/L/CF/2022/06/15/S2A_MSIL2A_20220615T144741_N0510_R139_T19LCF_20240620T023425.SAFE/GRANULE/L2A_T19LCF_A036458_20220615T144741/IMG_DATA/R10m/T19LCF_20220615T144741_B08_10m.tif,https://sentinel2l2a01.blob.core.windows.net/sentinel2-l2/19/L/CF/2022/06/15/S2A_MSIL2A_20220615T144741_N0510_R139_T19LCF_20240620T023425.SAFE/GRANULE/L2A_T19LCF_A036458_20220615T144741/IMG_DATA/R20m/T19LCF_20220615T144741_SCL_20m.tif,,2026-08-09T23:20:24.475049Z,discovered
inambari_development,dataset_development,2022,2022-06-01,2022-09-30,S2A_MSIL2A_20220615T144741_R139_T19LCF_20220618T175125,2022-06-15T14:47:41.024000Z,15.962695,Sentinel-2A,04.00,32719,sentinel-2-l2a,https://planetarycomputer.microsoft.com/api/stac/v1/collections/sentinel-2-l2a/items/S2A_MSIL2A_20220615T144741_R139_T19LCF_20220618T175125,"[-70.14191,-13.65548332,-69.83066,-12.66230095]",True,,https://sentinel2l2a01.blob.core.windows.net/sentinel2-l2/19/L/CF/2022/06/15/S2A_MSIL2A_20220615T144741_N0400_R139_T19LCF_20220618T175125.SAFE/GRANULE/L2A_T19LCF_A036458_20220615T144741/IMG_DATA/R10m/T19LCF_20220615T144741_B02_10m.tif,https://sentinel2l2a01.blob.core.windows.net/sentinel2-l2/19/L/CF/2022/06/15/S2A_MSIL2A_20220615T144741_N0400_R139_T19LCF_20220618T175125.SAFE/GRANULE/L2A_T19LCF_A036458_20220615T144741/IMG_DATA/R10m/T19LCF_20220615T144741_B03_10m.tif,https://sentinel2l2a01.blob.core.windows.net/sentinel2-l2/19/L/CF/2022/06/15/S2A_MSIL2A_20220615T144741_N0400_R139_T19LCF_20220618T175125.SAFE/GRANULE/L2A_T19LCF_A036458_20220615T144741/IMG_DATA/R10m/T19LCF_20220615T144741_B04_10m.tif,https://sentinel2l2a01.blob.core.windows.net/sentinel2-l2/19/L/CF/2022/06/15/S2A_MSIL2A_20220615T144741_N0400_R139_T19LCF_20220618T175125.SAFE/GRANULE/L2A_T19LCF_A036458_20220615T144741/IMG_DATA/R10m/T19LCF_20220615T144741_B08_10m.tif,https://sentinel2l2a01.blob.core.windows.net/sentinel2-l2/19/L/CF/2022/06/15/S2A_MSIL2A_20220615T144741_N0400_R139_T19LCF_20220618T175125.SAFE/GRANULE/L2A_T19LCF_A036458_20220615T144741/IMG_DATA/R20m/T19LCF_20220615T144741_SCL_20m.tif,,2026-08-09T23:20:24.475049Z,discovered
inambari_development,dataset_development,2022,2022-06-01,2022-09-30,S2B_MSIL2A_20220613T145729_R039_T19LCF_20220614T100200,2022-06-13T14:57:29.024000Z,0.42632,Sentinel-2B,04.00,32719,sentinel-2-l2a,https://planetarycomputer.microsoft.com/api/stac/v1/collections/sentinel-2-l2a/items/S2B_MSIL2A_20220613T145729_R039_T19LCF_20220614T100200,"[-70.8489584,-13.65525815,-69.830652,-12.65763659]",True,,https://sentinel2l2a01.blob.core.windows.net/sentinel2-l2/19/L/CF/2022/06/13/S2B_MSIL2A_20220613T145729_N0400_R039_T19LCF_20220614T100200.SAFE/GRANULE/L2A_T19LCF_A027521_20220613T145913/IMG_DATA/R10m/T19LCF_20220613T145729_B02_10m.tif,https://sentinel2l2a01.blob.core.windows.net/sentinel2-l2/19/L/CF/2022/06/13/S2B_MSIL2A_20220613T145729_N0400_R039_T19LCF_20220614T100200.SAFE/GRANULE/L2A_T19LCF_A027521_20220613T145913/IMG_DATA/R10m/T19LCF_20220613T145729_B03_10m.tif,https://sentinel2l2a01.blob.core.windows.net/sentinel2-l2/19/L/CF/2022/06/13/S2B_MSIL2A_20220613T145729_N0400_R039_T19LCF_20220614T100200.SAFE/GRANULE/L2A_T19LCF_A027521_20220613T145913/IMG_DATA/R10m/T19LCF_20220613T145729_B04_10m.tif,https://sentinel2l2a01.blob.core.windows.net/sentinel2-l2/19/L/CF/2022/06/13/S2B_MSIL2A_20220613T145729_N0400_R039_T19LCF_20220614T100200.SAFE/GRANULE/L2A_T19LCF_A027521_20220613T145913/IMG_DATA/R10m/T19LCF_20220613T145729_B08_10m.tif,https://sentinel2l2a01.blob.core.windows.net/sentinel2-l2/19/L/CF/2022/06/13/S2B_MSIL2A_20220613T145729_N0400_R039_T19LCF_20220614T100200.SAFE/GRANULE/L2A_T19LCF_A027521_20220613T145913/IMG_DATA/R20m/T19LCF_20220613T145729_SCL_20m.tif,,2026-08-09T23:20:24.475049Z,discovered
tambopata_test_area,diagnostic_holdout,2018,2018-06-01,2018-09-30,S2B_MSIL2A_20180912T145719_R039_T19LDF_20201009T003247,2018-09-12T14:57:19.024000Z,3.651689,Sentinel-2B,02.12,32719,sentinel-2-l2a,https://planetarycomputer.microsoft.com/api/stac/v1/collections/sentinel-2-l2a/items/S2B_MSIL2A_20180912T145719_R039_T19LDF_20201009T003247,"[-69.92499,-13.655284502793606,-69.62964,-12.662412634168817]",True,,https://sentinel2l2a01.blob.core.windows.net/sentinel2-l2/19/L/DF/2018/09/12/S2B_MSIL2A_20180912T145719_N0212_R039_T19LDF_20201009T003247.SAFE/GRANULE/L2A_T19LDF_A007930_20180912T145825/IMG_DATA/R10m/T19LDF_20180912T145719_B02_10m.tif,https://sentinel2l2a01.blob.core.windows.net/sentinel2-l2/19/L/DF/2018/09/12/S2B_MSIL2A_20180912T145719_N0212_R039_T19LDF_20201009T003247.SAFE/GRANULE/L2A_T19LDF_A007930_20180912T145825/IMG_DATA/R10m/T19LDF_20180912T145719_B03_10m.tif,https://sentinel2l2a01.blob.core.windows.net/sentinel2-l2/19/L/DF/2018/09/12/S2B_MSIL2A_20180912T145719_N0212_R039_T19LDF_20201009T003247.SAFE/GRANULE/L2A_T19LDF_A007930_20180912T145825/IMG_DATA/R10m/T19LDF_20180912T145719_B04_10m.tif,https://sentinel2l2a01.blob.core.windows.net/sentinel2-l2/19/L/DF/2018/09/12/S2B_MSIL2A_20180912T145719_N0212_R039_T19LDF_20201009T003247.SAFE/GRANULE/L2A_T19LDF_A007930_20180912T145825/IMG_DATA/R10m/T19LDF_20180912T145719_B08_10m.tif,https://sentinel2l2a01.blob.core.windows.net/sentinel2-l2/19/L/DF/2018/09/12/S2B_MSIL2A_20180912T145719_N0212_R039_T19LDF_20201009T003247.SAFE/GRANULE/L2A_T19LDF_A007930_20180912T145825/IMG_DATA/R20m/T19LDF_20180912T145719_SCL_20m.tif,,2026-08-09T23:20:24.475049Z,discovered
tambopata_test_area,diagnostic_holdout,2018,2018-06-01,2018-09-30,S2B_MSIL2A_20180909T144719_R139_T19LDF_20201008T232544,2018-09-09T14:47:19.024000Z,1.060929,Sentinel-2B,02.12,32719,sentinel-2-l2a,https://planetarycomputer.microsoft.com/api/stac/v1/collections/sentinel-2-l2a/items/S2B_MSIL2A_20180909T144719_R139_T19LDF_20201008T232544,"[-69.92499,-13.656868384073984,-68.90976,-12.662460660363838]",True,,https://sentinel2l2a01.blob.core.windows.net/sentinel2-l2/19/L/DF/2018/09/09/S2B_MSIL2A_20180909T144719_N0212_R139_T19LDF_20201008T232544.SAFE/GRANULE/L2A_T19LDF_A007887_20180909T145159/IMG_DATA/R10m/T19LDF_20180909T144719_B02_10m.tif,https://sentinel2l2a01.blob.core.windows.net/sentinel2-l2/19/L/DF/2018/09/09/S2B_MSIL2A_20180909T144719_N0212_R139_T19LDF_20201008T232544.SAFE/GRANULE/L2A_T19LDF_A007887_20180909T145159/IMG_DATA/R10m/T19LDF_20180909T144719_B03_10m.tif,https://sentinel2l2a01.blob.core.windows.net/sentinel2-l2/19/L/DF/2018/09/09/S2B_MSIL2A_20180909T144719_N0212_R139_T19LDF_20201008T232544.SAFE/GRANULE/L2A_T19LDF_A007887_20180909T145159/IMG_DATA/R10m/T19LDF_20180909T144719_B04_10m.tif,https://sentinel2l2a01.blob.core.windows.net/sentinel2-l2/19/L/DF/2018/09/09/S2B_MSIL2A_20180909T144719_N0212_R139_T19LDF_20201008T232544.SAFE/GRANULE/L2A_T19LDF_A007887_20180909T145159/IMG_DATA/R10m/T19LDF_20180909T144719_B08_10m.tif,https://sentinel2l2a01.blob.core.windows.net/sentinel2-l2/19/L/DF/2018/09/09/S2B_MSIL2A_20180909T144719_N0212_R139_T19LDF_20201008T232544.SAFE/GRANULE/L2A_T19LDF_A007887_20180909T145159/IMG_DATA/R20m/T19LDF_20180909T144719_SCL_20m.tif,,2026-08-09T23:20:24.475049Z,discovered
tambopata_test_area,diagnostic_holdout,2018,2018-06-01,2018-09-30,S2B_MSIL2A_20180909T144719_R139_T19LCF_20201008T232531,2018-09-09T14:47:19.024000Z,0.419456,Sentinel-2B,02.12,32719,sentinel-2-l2a,https://planetarycomputer.microsoft.com/api/stac/v1/collections/sentinel-2-l2a/items/S2B_MSIL2A_20180909T144719_R139_T19LCF_20201008T232531,"[-70.12067,-13.655483318755016,-69.83066,-12.66241042610519]",True,,https://sentinel2l2a01.blob.core.windows.net/sentinel2-l2/19/L/CF/2018/09/09/S2B_MSIL2A_20180909T144719_N0212_R139_T19LCF_20201008T232531.SAFE/GRANULE/L2A_T19LCF_A007887_20180909T145159/IMG_DATA/R10m/T19LCF_20180909T144719_B02_10m.tif,https://sentinel2l2a01.blob.core.windows.net/sentinel2-l2/19/L/CF/2018/09/09/S2B_MSIL2A_20180909T144719_N0212_R139_T19LCF_20201008T232531.SAFE/GRANULE/L2A_T19LCF_A007887_20180909T145159/IMG_DATA/R10m/T19LCF_20180909T144719_B03_10m.tif,https://sentinel2l2a01.blob.core.windows.net/sentinel2-l2/19/L/CF/2018/09/09/S2B_MSIL2A_20180909T144719_N0212_R139_T19LCF_20201008T232531.SAFE/GRANULE/L2A_T19LCF_A007887_20180909T145159/IMG_DATA/R10m/T19LCF_20180909T144719_B04_10m.tif,https://sentinel2l2a01.blob.core.windows.net/sentinel2-l2/19/L/CF/2018/09/09/S2B_MSIL2A_20180909T144719_N0212_R139_T19LCF_20201008T232531.SAFE/GRANULE/L2A_T19LCF_A007887_20180909T145159/IMG_DATA/R10m/T19LCF_20180909T144719_B08_10m.tif,https://sentinel2l2a01.blob.core.windows.net/sentinel2-l2/19/L/CF/2018/09/09/S2B_MSIL2A_20180909T144719_N0212_R139_T19LCF_20201008T232531.SAFE/GRANULE/L2A_T19LCF_A007887_20180909T145159/IMG_DATA/R20m/T19LCF_20180909T144719_SCL_20m.tif,,2026-08-09T23:20:24.475049Z,discovered
tambopata_test_area,diagnostic_holdout,2018,2018-06-01,2018-09-30,S2A_MSIL2A_20180907T145721_R039_T19LDF_20201011T093948,2018-09-07T14:57:21.024000Z,0.656002,Sentinel-2A,02.12,32719,sentinel-2-l2a,https://planetarycomputer.microsoft.com/api/stac/v1/collections/sentinel-2-l2a/items/S2A_MSIL2A_20180907T145721_R039_T19LDF_20201011T093948,"[-69.92499,-13.65525815145018,-69.64459,-12.662412634168817]",True,,https://sentinel2l2a01.blob.core.windows.net/sentinel2-l2/19/L/DF/2018/09/07/S2A_MSIL2A_20180907T145721_N0212_R039_T19LDF_20201011T093948.SAFE/GRANULE/L2A_T19LDF_A016767_20180907T150208/IMG_DATA/R10m/T19LDF_20180907T145721_B02_10m.tif,https://sentinel2l2a01.blob.core.windows.net/sentinel2-l2/19/L/DF/2018/09/07/S2A_MSIL2A_20180907T145721_N0212_R039_T19LDF_20201011T093948.SAFE/GRANULE/L2A_T19LDF_A016767_20180907T150208/IMG_DATA/R10m/T19LDF_20180907T145721_B03_10m.tif,https://sentinel2l2a01.blob.core.windows.net/sentinel2-l2/19/L/DF/2018/09/07/S2A_MSIL2A_20180907T145721_N0212_R039_T19LDF_20201011T093948.SAFE/GRANULE/L2A_T19LDF_A016767_20180907T150208/IMG_DATA/R10m/T19LDF_20180907T145721_B04_10m.tif,https://sentinel2l2a01.blob.core.windows.net/sentinel2-l2/19/L/DF/2018/09/07/S2A_MSIL2A_20180907T145721_N0212_R039_T19LDF_20201011T093948.SAFE/GRANULE/L2A_T19LDF_A016767_20180907T150208/IMG_DATA/R10m/T19LDF_20180907T145721_B08_10m.tif,https://sentinel2l2a01.blob.core.windows.net/sentinel2-l2/19/L/DF/2018/09/07/S2A_MSIL2A_20180907T145721_N0212_R039_T19LDF_20201011T093948.SAFE/GRANULE/L2A_T19LDF_A016767_20180907T150208/IMG_DATA/R20m/T19LDF_20180907T145721_SCL_20m.tif,,2026-08-09T23:20:24.475049Z,discovered
tambopata_test_area,diagnostic_holdout,2018,2018-06-01,2018-09-30,S2A_MSIL2A_20180907T145721_R039_T19LCF_20201011T093958,2018-09-07T14:57:21.024000Z,7.25854,Sentinel-2A,02.12,32719,sentinel-2-l2a,https://planetarycomputer.microsoft.com/api/stac/v1/collections/sentinel-2-l2a/items/S2A_MSIL2A_20180907T145721_R039_T19LCF_20201011T093958,"[-70.84897,-13.655304068939095,-69.83066,-12.657636587187465]",True,,https://sentinel2l2a01.blob.core.windows.net/sentinel2-l2/19/L/CF/2018/09/07/S2A_MSIL2A_20180907T145721_N0212_R039_T19LCF_20201011T093958.SAFE/GRANULE/L2A_T19LCF_A016767_20180907T150208/IMG_DATA/R10m/T19LCF_20180907T145721_B02_10m.tif,https://sentinel2l2a01.blob.core.windows.net/sentinel2-l2/19/L/CF/2018/09/07/S2A_MSIL2A_20180907T145721_N0212_R039_T19LCF_20201011T093958.SAFE/GRANULE/L2A_T19LCF_A016767_20180907T150208/IMG_DATA/R10m/T19LCF_20180907T145721_B03_10m.tif,https://sentinel2l2a01.blob.core.windows.net/sentinel2-l2/19/L/CF/2018/09/07/S2A_MSIL2A_20180907T145721_N0212_R039_T19LCF_20201011T093958.SAFE/GRANULE/L2A_T19LCF_A016767_20180907T150208/IMG_DATA/R10m/T19LCF_20180907T145721_B04_10m.tif,https://sentinel2l2a01.blob.core.windows.net/sentinel2-l2/19/L/CF/2018/09/07/S2A_MSIL2A_20180907T145721_N0212_R039_T19LCF_20201011T093958.SAFE/GRANULE/L2A_T19LCF_A016767_20180907T150208/IMG_DATA/R10m/T19LCF_20180907T145721_B08_10m.tif,https://sentinel2l2a01.blob.core.windows.net/sentinel2-l2/19/L/CF/2018/09/07/S2A_MSIL2A_20180907T145721_N0212_R039_T19LCF_20201011T093958.SAFE/GRANULE/L2A_T19LCF_A016767_20180907T150208/IMG_DATA/R20m/T19LCF_20180907T145721_SCL_20m.tif,,2026-08-09T23:20:24.475049Z,discovered
tambopata_test_area,diagnostic_holdout,2018,2018-06-01,2018-09-30,S2A_MSIL2A_20180904T144731_R139_T19LDF_20201011T082926,2018-09-04T14:47:31.024000Z,2.252363,Sentinel-2A,02.12,32719,sentinel-2-l2a,https://planetarycomputer.microsoft.com/api/stac/v1/collections/sentinel-2-l2a/items/S2A_MSIL2A_20180904T144731_R139_T19LDF_20201011T082926,"[-69.92499,-13.656868384073984,-68.90976,-12.662438451488594]",True,,https://sentinel2l2a01.blob.core.windows.net/sentinel2-l2/19/L/DF/2018/09/04/S2A_MSIL2A_20180904T144731_N0212_R139_T19LDF_20201011T082926.SAFE/GRANULE/L2A_T19LDF_A016724_20180904T144728/IMG_DATA/R10m/T19LDF_20180904T144731_B02_10m.tif,https://sentinel2l2a01.blob.core.windows.net/sentinel2-l2/19/L/DF/2018/09/04/S2A_MSIL2A_20180904T144731_N0212_R139_T19LDF_20201011T082926.SAFE/GRANULE/L2A_T19LDF_A016724_20180904T144728/IMG_DATA/R10m/T19LDF_20180904T144731_B03_10m.tif,https://sentinel2l2a01.blob.core.windows.net/sentinel2-l2/19/L/DF/2018/09/04/S2A_MSIL2A_20180904T144731_N0212_R139_T19LDF_20201011T082926.SAFE/GRANULE/L2A_T19LDF_A016724_20180904T144728/IMG_DATA/R10m/T19LDF_20180904T144731_B04_10m.tif,https://sentinel2l2a01.blob.core.windows.net/sentinel2-l2/19/L/DF/2018/09/04/S2A_MSIL2A_20180904T144731_N0212_R139_T19LDF_20201011T082926.SAFE/GRANULE/L2A_T19LDF_A016724_20180904T144728/IMG_DATA/R10m/T19LDF_20180904T144731_B08_10m.tif,https://sentinel2l2a01.blob.core.windows.net/sentinel2-l2/19/L/DF/2018/09/04/S2A_MSIL2A_20180904T144731_N0212_R139_T19LDF_20201011T082926.SAFE/GRANULE/L2A_T19LDF_A016724_20180904T144728/IMG_DATA/R20m/T19LDF_20180904T144731_SCL_20m.tif,,2026-08-09T23:20:24.475049Z,discovered
tambopata_test_area,diagnostic_holdout,2018,2018-06-01,2018-09-30,S2A_MSIL2A_20180904T144731_R139_T19LCF_20201011T082925,2018-09-04T14:47:31.024000Z,10.707588,Sentinel-2A,02.12,32719,sentinel-2-l2a,https://planetarycomputer.microsoft.com/api/stac/v1/collections/sentinel-2-l2a/items/S2A_MSIL2A_20180904T144731_R139_T19LCF_20201011T082925,"[-70.131744,-13.655483318755016,-69.83066,-12.662339104797566]",True,,https://sentinel2l2a01.blob.core.windows.net/sentinel2-l2/19/L/CF/2018/09/04/S2A_MSIL2A_20180904T144731_N0212_R139_T19LCF_20201011T082925.SAFE/GRANULE/L2A_T19LCF_A016724_20180904T144728/IMG_DATA/R10m/T19LCF_20180904T144731_B02_10m.tif,https://sentinel2l2a01.blob.core.windows.net/sentinel2-l2/19/L/CF/2018/09/04/S2A_MSIL2A_20180904T144731_N0212_R139_T19LCF_20201011T082925.SAFE/GRANULE/L2A_T19LCF_A016724_20180904T144728/IMG_DATA/R10m/T19LCF_20180904T144731_B03_10m.tif,https://sentinel2l2a01.blob.core.windows.net/sentinel2-l2/19/L/CF/2018/09/04/S2A_MSIL2A_20180904T144731_N0212_R139_T19LCF_20201011T082925.SAFE/GRANULE/L2A_T19LCF_A016724_20180904T144728/IMG_DATA/R10m/T19LCF_20180904T144731_B04_10m.tif,https://sentinel2l2a01.blob.core.windows.net/sentinel2-l2/19/L/CF/2018/09/04/S2A_MSIL2A_20180904T144731_N0212_R139_T19LCF_20201011T082925.SAFE/GRANULE/L2A_T19LCF_A016724_20180904T144728/IMG_DATA/R10m/T19LCF_20180904T144731_B08_10m.tif,https://sentinel2l2a01.blob.core.windows.net/sentinel2-l2/19/L/CF/2018/09/04/S2A_MSIL2A_20180904T144731_N0212_R139_T19LCF_20201011T082925.SAFE/GRANULE/L2A_T19LCF_A016724_20180904T144728/IMG_DATA/R20m/T19LCF_20180904T144731_SCL_20m.tif,,2026-08-09T23:20:24.475049Z,discovered
tambopata_test_area,diagnostic_holdout,2018,2018-06-01,2018-09-30,S2B_MSIL2A_20180830T144719_R139_T19LDF_20201103T163536,2018-08-30T14:47:19.024000Z,0.884742,Sentinel-2B,02.12,32719,sentinel-2-l2a,https://planetarycomputer.microsoft.com/api/stac/v1/collections/sentinel-2-l2a/items/S2B_MSIL2A_20180830T144719_R139_T19LDF_20201103T163536,"[-69.92497680524843,-13.656868384073984,-68.90975423786753,-12.662473924711325]",True,,https://sentinel2l2a01.blob.core.windows.net/sentinel2-l2/19/L/DF/2018/08/30/S2B_MSIL2A_20180830T144719_N0212_R139_T19LDF_20201103T163536.SAFE/GRANULE/L2A_T19LDF_A007744_20180830T144952/IMG_DATA/R10m/T19LDF_20180830T144719_B02_10m.tif,https://sentinel2l2a01.blob.core.windows.net/sentinel2-l2/19/L/DF/2018/08/30/S2B_MSIL2A_20180830T144719_N0212_R139_T19LDF_20201103T163536.SAFE/GRANULE/L2A_T19LDF_A007744_20180830T144952/IMG_DATA/R10m/T19LDF_20180830T144719_B03_10m.tif,https://sentinel2l2a01.blob.core.windows.net/sentinel2-l2/19/L/DF/2018/08/30/S2B_MSIL2A_20180830T144719_N0212_R139_T19LDF_20201103T163536.SAFE/GRANULE/L2A_T19LDF_A007744_20180830T144952/IMG_DATA/R10m/T19LDF_20180830T144719_B04_10m.tif,https://sentinel2l2a01.blob.core.windows.net/sentinel2-l2/19/L/DF/2018/08/30/S2B_MSIL2A_20180830T144719_N0212_R139_T19LDF_20201103T163536.SAFE/GRANULE/L2A_T19LDF_A007744_20180830T144952/IMG_DATA/R10m/T19LDF_20180830T144719_B08_10m.tif,https://sentinel2l2a01.blob.core.windows.net/sentinel2-l2/19/L/DF/2018/08/30/S2B_MSIL2A_20180830T144719_N0212_R139_T19LDF_20201103T163536.SAFE/GRANULE/L2A_T19LDF_A007744_20180830T144952/IMG_DATA/R20m/T19LDF_20180830T144719_SCL_20m.tif,,2026-08-09T23:20:24.475049Z,discovered
tambopata_test_area,diagnostic_holdout,2018,2018-06-01,2018-09-30,S2B_MSIL2A_20180830T144719_R139_T19LCF_20201103T163518,2018-08-30T14:47:19.024000Z,4.017965,Sentinel-2B,02.12,32719,sentinel-2-l2a,https://planetarycomputer.microsoft.com/api/stac/v1/collections/sentinel-2-l2a/items/S2B_MSIL2A_20180830T144719_R139_T19LCF_20201103T163518,"[-70.11167002091872,-13.655483318755016,-69.83065200221534,-12.662453023046183]",True,,https://sentinel2l2a01.blob.core.windows.net/sentinel2-l2/19/L/CF/2018/08/30/S2B_MSIL2A_20180830T144719_N0212_R139_T19LCF_20201103T163518.SAFE/GRANULE/L2A_T19LCF_A007744_20180830T144952/IMG_DATA/R10m/T19LCF_20180830T144719_B02_10m.tif,https://sentinel2l2a01.blob.core.windows.net/sentinel2-l2/19/L/CF/2018/08/30/S2B_MSIL2A_20180830T144719_N0212_R139_T19LCF_20201103T163518.SAFE/GRANULE/L2A_T19LCF_A007744_20180830T144952/IMG_DATA/R10m/T19LCF_20180830T144719_B03_10m.tif,https://sentinel2l2a01.blob.core.windows.net/sentinel2-l2/19/L/CF/2018/08/30/S2B_MSIL2A_20180830T144719_N0212_R139_T19LCF_20201103T163518.SAFE/GRANULE/L2A_T19LCF_A007744_20180830T144952/IMG_DATA/R10m/T19LCF_20180830T144719_B04_10m.tif,https://sentinel2l2a01.blob.core.windows.net/sentinel2-l2/19/L/CF/2018/08/30/S2B_MSIL2A_20180830T144719_N0212_R139_T19LCF_20201103T163518.SAFE/GRANULE/L2A_T19LCF_A007744_20180830T144952/IMG_DATA/R10m/T19LCF_20180830T144719_B08_10m.tif,https://sentinel2l2a01.blob.core.windows.net/sentinel2-l2/19/L/CF/2018/08/30/S2B_MSIL2A_20180830T144719_N0212_R139_T19LCF_20201103T163518.SAFE/GRANULE/L2A_T19LCF_A007744_20180830T144952/IMG_DATA/R20m/T19LCF_20180830T144719_SCL_20m.tif,,2026-08-09T23:20:24.475049Z,discovered
tambopata_test_area,diagnostic_holdout,2018,2018-06-01,2018-09-30,S2A_MSIL2A_20180828T145721_R039_T19LDF_20201027T054507,2018-08-28T14:57:21.024000Z,2.77943,Sentinel-2A,02.12,32719,sentinel-2-l2a,https://planetarycomputer.microsoft.com/api/stac/v1/collections/sentinel-2-l2a/items/S2A_MSIL2A_20180828T145721_R039_T19LDF_20201027T054507,"[-69.92497680524843,-13.65526299846551,-69.64259691372229,-12.662412634168817]",True,,https://sentinel2l2a01.blob.core.windows.net/sentinel2-l2/19/L/DF/2018/08/28/S2A_MSIL2A_20180828T145721_N0212_R039_T19LDF_20201027T054507.SAFE/GRANULE/L2A_T19LDF_A016624_20180828T145854/IMG_DATA/R10m/T19LDF_20180828T145721_B02_10m.tif,https://sentinel2l2a01.blob.core.windows.net/sentinel2-l2/19/L/DF/2018/08/28/S2A_MSIL2A_20180828T145721_N0212_R039_T19LDF_20201027T054507.SAFE/GRANULE/L2A_T19LDF_A016624_20180828T145854/IMG_DATA/R10m/T19LDF_20180828T145721_B03_10m.tif,https://sentinel2l2a01.blob.core.windows.net/sentinel2-l2/19/L/DF/2018/08/28/S2A_MSIL2A_20180828T145721_N0212_R039_T19LDF_20201027T054507.SAFE/GRANULE/L2A_T19LDF_A016624_20180828T145854/IMG_DATA/R10m/T19LDF_20180828T145721_B04_10m.tif,https://sentinel2l2a01.blob.core.windows.net/sentinel2-l2/19/L/DF/2018/08/28/S2A_MSIL2A_20180828T145721_N0212_R039_T19LDF_20201027T054507.SAFE/GRANULE/L2A_T19LDF_A016624_20180828T145854/IMG_DATA/R10m/T19LDF_20180828T145721_B08_10m.tif,https://sentinel2l2a01.blob.core.windows.net/sentinel2-l2/19/L/DF/2018/08/28/S2A_MSIL2A_20180828T145721_N0212_R039_T19LDF_20201027T054507.SAFE/GRANULE/L2A_T19LDF_A016624_20180828T145854/IMG_DATA/R20m/T19LDF_20180828T145721_SCL_20m.tif,,2026-08-09T23:20:24.475049Z,discovered
tambopata_test_area,diagnostic_holdout,2018,2018-06-01,2018-09-30,S2A_MSIL2A_20180828T145721_R039_T19LCF_20201027T054517,2018-08-28T14:57:21.024000Z,12.441118,Sentinel-2A,02.12,32719,sentinel-2-l2a,https://planetarycomputer.microsoft.com/api/stac/v1/collections/sentinel-2-l2a/items/S2A_MSIL2A_20180828T145721_R039_T19LCF_20201027T054517,"[-70.84895839954056,-13.655319631943023,-69.83065200221534,-12.657636587187465]",True,,https://sentinel2l2a01.blob.core.windows.net/sentinel2-l2/19/L/CF/2018/08/28/S2A_MSIL2A_20180828T145721_N0212_R039_T19LCF_20201027T054517.SAFE/GRANULE/L2A_T19LCF_A016624_20180828T145854/IMG_DATA/R10m/T19LCF_20180828T145721_B02_10m.tif,https://sentinel2l2a01.blob.core.windows.net/sentinel2-l2/19/L/CF/2018/08/28/S2A_MSIL2A_20180828T145721_N0212_R039_T19LCF_20201027T054517.SAFE/GRANULE/L2A_T19LCF_A016624_20180828T145854/IMG_DATA/R10m/T19LCF_20180828T145721_B03_10m.tif,https://sentinel2l2a01.blob.core.windows.net/sentinel2-l2/19/L/CF/2018/08/28/S2A_MSIL2A_20180828T145721_N0212_R039_T19LCF_20201027T054517.SAFE/GRANULE/L2A_T19LCF_A016624_20180828T145854/IMG_DATA/R10m/T19LCF_20180828T145721_B04_10m.tif,https://sentinel2l2a01.blob.core.windows.net/sentinel2-l2/19/L/CF/2018/08/28/S2A_MSIL2A_20180828T145721_N0212_R039_T19LCF_20201027T054517.SAFE/GRANULE/L2A_T19LCF_A016624_20180828T145854/IMG_DATA/R10m/T19LCF_20180828T145721_B08_10m.tif,https://sentinel2l2a01.blob.core.windows.net/sentinel2-l2/19/L/CF/2018/08/28/S2A_MSIL2A_20180828T145721_N0212_R039_T19LCF_20201027T054517.SAFE/GRANULE/L2A_T19LCF_A016624_20180828T145854/IMG_DATA/R20m/T19LCF_20180828T145721_SCL_20m.tif,,2026-08-09T23:20:24.475049Z,discovered
tambopata_test_area,diagnostic_holdout,2018,2018-06-01,2018-09-30,S2B_MSIL2A_20180823T145719_R039_T19LDF_20201011T060420,2018-08-23T14:57:19.024000Z,9.29443,Sentinel-2B,02.12,32719,sentinel-2-l2a,https://planetarycomputer.microsoft.com/api/stac/v1/collections/sentinel-2-l2a/items/S2B_MSIL2A_20180823T145719_R039_T19LDF_20201011T060420,"[-69.92499,-13.655293862183852,-69.622955,-12.662412634168817]",True,,https://sentinel2l2a01.blob.core.windows.net/sentinel2-l2/19/L/DF/2018/08/23/S2B_MSIL2A_20180823T145719_N0212_R039_T19LDF_20201011T060420.SAFE/GRANULE/L2A_T19LDF_A007644_20180823T150245/IMG_DATA/R10m/T19LDF_20180823T145719_B02_10m.tif,https://sentinel2l2a01.blob.core.windows.net/sentinel2-l2/19/L/DF/2018/08/23/S2B_MSIL2A_20180823T145719_N0212_R039_T19LDF_20201011T060420.SAFE/GRANULE/L2A_T19LDF_A007644_20180823T150245/IMG_DATA/R10m/T19LDF_20180823T145719_B03_10m.tif,https://sentinel2l2a01.blob.core.windows.net/sentinel2-l2/19/L/DF/2018/08/23/S2B_MSIL2A_20180823T145719_N0212_R039_T19LDF_20201011T060420.SAFE/GRANULE/L2A_T19LDF_A007644_20180823T150245/IMG_DATA/R10m/T19LDF_20180823T145719_B04_10m.tif,https://sentinel2l2a01.blob.core.windows.net/sentinel2-l2/19/L/DF/2018/08/23/S2B_MSIL2A_20180823T145719_N0212_R039_T19LDF_20201011T060420.SAFE/GRANULE/L2A_T19LDF_A007644_20180823T150245/IMG_DATA/R10m/T19LDF_20180823T145719_B08_10m.tif,https://sentinel2l2a01.blob.core.windows.net/sentinel2-l2/19/L/DF/2018/08/23/S2B_MSIL2A_20180823T145719_N0212_R039_T19LDF_20201011T060420.SAFE/GRANULE/L2A_T19LDF_A007644_20180823T150245/IMG_DATA/R20m/T19LDF_20180823T145719_SCL_20m.tif,,2026-08-09T23:20:24.475049Z,discovered
tambopata_test_area,diagnostic_holdout,2018,2018-06-01,2018-09-30,S2A_MSIL2A_20180818T145721_R039_T19LDF_20201011T032854,2018-08-18T14:57:21.024000Z,1.648264,Sentinel-2A,02.12,32719,sentinel-2-l2a,https://planetarycomputer.microsoft.com/api/stac/v1/collections/sentinel-2-l2a/items/S2A_MSIL2A_20180818T145721_R039_T19LDF_20201011T032854,"[-69.92499,-13.655266405833514,-69.64026,-12.662412634168817]",True,,https://sentinel2l2a01.blob.core.windows.net/sentinel2-l2/19/L/DF/2018/08/18/S2A_MSIL2A_20180818T145721_N0212_R039_T19LDF_20201011T032854.SAFE/GRANULE/L2A_T19LDF_A016481_20180818T150209/IMG_DATA/R10m/T19LDF_20180818T145721_B02_10m.tif,https://sentinel2l2a01.blob.core.windows.net/sentinel2-l2/19/L/DF/2018/08/18/S2A_MSIL2A_20180818T145721_N0212_R039_T19LDF_20201011T032854.SAFE/GRANULE/L2A_T19LDF_A016481_20180818T150209/IMG_DATA/R10m/T19LDF_20180818T145721_B03_10m.tif,https://sentinel2l2a01.blob.core.windows.net/sentinel2-l2/19/L/DF/2018/08/18/S2A_MSIL2A_20180818T145721_N0212_R039_T19LDF_20201011T032854.SAFE/GRANULE/L2A_T19LDF_A016481_20180818T150209/IMG_DATA/R10m/T19LDF_20180818T145721_B04_10m.tif,https://sentinel2l2a01.blob.core.windows.net/sentinel2-l2/19/L/DF/2018/08/18/S2A_MSIL2A_20180818T145721_N0212_R039_T19LDF_20201011T032854.SAFE/GRANULE/L2A_T19LDF_A016481_20180818T150209/IMG_DATA/R10m/T19LDF_20180818T145721_B08_10m.tif,https://sentinel2l2a01.blob.core.windows.net/sentinel2-l2/19/L/DF/2018/08/18/S2A_MSIL2A_20180818T145721_N0212_R039_T19LDF_20201011T032854.SAFE/GRANULE/L2A_T19LDF_A016481_20180818T150209/IMG_DATA/R20m/T19LDF_20180818T145721_SCL_20m.tif,,2026-08-09T23:20:24.475049Z,discovered
tambopata_test_area,diagnostic_holdout,2018,2018-06-01,2018-09-30,S2A_MSIL2A_20180818T145721_R039_T19LCF_20201011T032904,2018-08-18T14:57:21.024000Z,11.352001,Sentinel-2A,02.12,32719,sentinel-2-l2a,https://planetarycomputer.microsoft.com/api/stac/v1/collections/sentinel-2-l2a/items/S2A_MSIL2A_20180818T145721_R039_T19LCF_20201011T032904,"[-70.84897,-13.655330575689524,-69.83066,-12.657636587187465]",True,,https://sentinel2l2a01.blob.core.windows.net/sentinel2-l2/19/L/CF/2018/08/18/S2A_MSIL2A_20180818T145721_N0212_R039_T19LCF_20201011T032904.SAFE/GRANULE/L2A_T19LCF_A016481_20180818T150209/IMG_DATA/R10m/T19LCF_20180818T145721_B02_10m.tif,https://sentinel2l2a01.blob.core.windows.net/sentinel2-l2/19/L/CF/2018/08/18/S2A_MSIL2A_20180818T145721_N0212_R039_T19LCF_20201011T032904.SAFE/GRANULE/L2A_T19LCF_A016481_20180818T150209/IMG_DATA/R10m/T19LCF_20180818T145721_B03_10m.tif,https://sentinel2l2a01.blob.core.windows.net/sentinel2-l2/19/L/CF/2018/08/18/S2A_MSIL2A_20180818T145721_N0212_R039_T19LCF_20201011T032904.SAFE/GRANULE/L2A_T19LCF_A016481_20180818T150209/IMG_DATA/R10m/T19LCF_20180818T145721_B04_10m.tif,https://sentinel2l2a01.blob.core.windows.net/sentinel2-l2/19/L/CF/2018/08/18/S2A_MSIL2A_20180818T145721_N0212_R039_T19LCF_20201011T032904.SAFE/GRANULE/L2A_T19LCF_A016481_20180818T150209/IMG_DATA/R10m/T19LCF_20180818T145721_B08_10m.tif,https://sentinel2l2a01.blob.core.windows.net/sentinel2-l2/19/L/CF/2018/08/18/S2A_MSIL2A_20180818T145721_N0212_R039_T19LCF_20201011T032904.SAFE/GRANULE/L2A_T19LCF_A016481_20180818T150209/IMG_DATA/R20m/T19LCF_20180818T145721_SCL_20m.tif,,2026-08-09T23:20:24.475049Z,discovered
tambopata_test_area,diagnostic_holdout,2018,2018-06-01,2018-09-30,S2B_MSIL2A_20180813T145719_R039_T19LDF_20201011T012216,2018-08-13T14:57:19.024000Z,6.333659,Sentinel-2B,02.12,32719,sentinel-2-l2a,https://planetarycomputer.microsoft.com/api/stac/v1/collections/sentinel-2-l2a/items/S2B_MSIL2A_20180813T145719_R039_T19LDF_20201011T012216,"[-69.92499,-13.655289730829756,-69.62656,-12.662412634168817]",True,,https://sentinel2l2a01.blob.core.windows.net/sentinel2-l2/19/L/DF/2018/08/13/S2B_MSIL2A_20180813T145719_N0212_R039_T19LDF_20201011T012216.SAFE/GRANULE/L2A_T19LDF_A007501_20180813T150106/IMG_DATA/R10m/T19LDF_20180813T145719_B02_10m.tif,https://sentinel2l2a01.blob.core.windows.net/sentinel2-l2/19/L/DF/2018/08/13/S2B_MSIL2A_20180813T145719_N0212_R039_T19LDF_20201011T012216.SAFE/GRANULE/L2A_T19LDF_A007501_20180813T150106/IMG_DATA/R10m/T19LDF_20180813T145719_B03_10m.tif,https://sentinel2l2a01.blob.core.windows.net/sentinel2-l2/19/L/DF/2018/08/13/S2B_MSIL2A_20180813T145719_N0212_R039_T19LDF_20201011T012216.SAFE/GRANULE/L2A_T19LDF_A007501_20180813T150106/IMG_DATA/R10m/T19LDF_20180813T145719_B04_10m.tif,https://sentinel2l2a01.blob.core.windows.net/sentinel2-l2/19/L/DF/2018/08/13/S2B_MSIL2A_20180813T145719_N0212_R039_T19LDF_20201011T012216.SAFE/GRANULE/L2A_T19LDF_A007501_20180813T150106/IMG_DATA/R10m/T19LDF_20180813T145719_B08_10m.tif,https://sentinel2l2a01.blob.core.windows.net/sentinel2-l2/19/L/DF/2018/08/13/S2B_MSIL2A_20180813T145719_N0212_R039_T19LDF_20201011T012216.SAFE/GRANULE/L2A_T19LDF_A007501_20180813T150106/IMG_DATA/R20m/T19LDF_20180813T145719_SCL_20m.tif,,2026-08-09T23:20:24.475049Z,discovered
tambopata_test_area,diagnostic_holdout,2018,2018-06-01,2018-09-30,S2B_MSIL2A_20180813T145719_R039_T19LCF_20201011T012223,2018-08-13T14:57:19.024000Z,14.148408,Sentinel-2B,02.12,32719,sentinel-2-l2a,https://planetarycomputer.microsoft.com/api/stac/v1/collections/sentinel-2-l2a/items/S2B_MSIL2A_20180813T145719_R039_T19LCF_20201011T012223,"[-70.84897,-13.655405480903744,-69.83066,-12.657636587187465]",True,,https://sentinel2l2a01.blob.core.windows.net/sentinel2-l2/19/L/CF/2018/08/13/S2B_MSIL2A_20180813T145719_N0212_R039_T19LCF_20201011T012223.SAFE/GRANULE/L2A_T19LCF_A007501_20180813T150106/IMG_DATA/R10m/T19LCF_20180813T145719_B02_10m.tif,https://sentinel2l2a01.blob.core.windows.net/sentinel2-l2/19/L/CF/2018/08/13/S2B_MSIL2A_20180813T145719_N0212_R039_T19LCF_20201011T012223.SAFE/GRANULE/L2A_T19LCF_A007501_20180813T150106/IMG_DATA/R10m/T19LCF_20180813T145719_B03_10m.tif,https://sentinel2l2a01.blob.core.windows.net/sentinel2-l2/19/L/CF/2018/08/13/S2B_MSIL2A_20180813T145719_N0212_R039_T19LCF_20201011T012223.SAFE/GRANULE/L2A_T19LCF_A007501_20180813T150106/IMG_DATA/R10m/T19LCF_20180813T145719_B04_10m.tif,https://sentinel2l2a01.blob.core.windows.net/sentinel2-l2/19/L/CF/2018/08/13/S2B_MSIL2A_20180813T145719_N0212_R039_T19LCF_20201011T012223.SAFE/GRANULE/L2A_T19LCF_A007501_20180813T150106/IMG_DATA/R10m/T19LCF_20180813T145719_B08_10m.tif,https://sentinel2l2a01.blob.core.windows.net/sentinel2-l2/19/L/CF/2018/08/13/S2B_MSIL2A_20180813T145719_N0212_R039_T19LCF_20201011T012223.SAFE/GRANULE/L2A_T19LCF_A007501_20180813T150106/IMG_DATA/R20m/T19LCF_20180813T145719_SCL_20m.tif,,2026-08-09T23:20:24.475049Z,discovered
tambopata_test_area,diagnostic_holdout,2018,2018-06-01,2018-09-30,S2B_MSIL2A_20180810T144729_R139_T19LDF_20201011T000046,2018-08-10T14:47:29.024000Z,12.182612,Sentinel-2B,02.12,32719,sentinel-2-l2a,https://planetarycomputer.microsoft.com/api/stac/v1/collections/sentinel-2-l2a/items/S2B_MSIL2A_20180810T144729_R139_T19LDF_20201011T000046,"[-69.92499,-13.656868384073984,-68.90976,-12.662459824874752]",True,,https://sentinel2l2a01.blob.core.windows.net/sentinel2-l2/19/L/DF/2018/08/10/S2B_MSIL2A_20180810T144729_N0212_R139_T19LDF_20201011T000046.SAFE/GRANULE/L2A_T19LDF_A007458_20180810T144802/IMG_DATA/R10m/T19LDF_20180810T144729_B02_10m.tif,https://sentinel2l2a01.blob.core.windows.net/sentinel2-l2/19/L/DF/2018/08/10/S2B_MSIL2A_20180810T144729_N0212_R139_T19LDF_20201011T000046.SAFE/GRANULE/L2A_T19LDF_A007458_20180810T144802/IMG_DATA/R10m/T19LDF_20180810T144729_B03_10m.tif,https://sentinel2l2a01.blob.core.windows.net/sentinel2-l2/19/L/DF/2018/08/10/S2B_MSIL2A_20180810T144729_N0212_R139_T19LDF_20201011T000046.SAFE/GRANULE/L2A_T19LDF_A007458_20180810T144802/IMG_DATA/R10m/T19LDF_20180810T144729_B04_10m.tif,https://sentinel2l2a01.blob.core.windows.net/sentinel2-l2/19/L/DF/2018/08/10/S2B_MSIL2A_20180810T144729_N0212_R139_T19LDF_20201011T000046.SAFE/GRANULE/L2A_T19LDF_A007458_20180810T144802/IMG_DATA/R10m/T19LDF_20180810T144729_B08_10m.tif,https://sentinel2l2a01.blob.core.windows.net/sentinel2-l2/19/L/DF/2018/08/10/S2B_MSIL2A_20180810T144729_N0212_R139_T19LDF_20201011T000046.SAFE/GRANULE/L2A_T19LDF_A007458_20180810T144802/IMG_DATA/R20m/T19LDF_20180810T144729_SCL_20m.tif,,2026-08-09T23:20:24.475049Z,discovered
tambopata_test_area,diagnostic_holdout,2018,2018-06-01,2018-09-30,S2A_MSIL2A_20180726T144731_R139_T19LDF_20201011T201332,2018-07-26T14:47:31.024000Z,1.967597,Sentinel-2A,02.12,32719,sentinel-2-l2a,https://planetarycomputer.microsoft.com/api/stac/v1/collections/sentinel-2-l2a/items/S2A_MSIL2A_20180726T144731_R139_T19LDF_20201011T201332,"[-69.92497680524843,-13.656868384073984,-68.90975423786753,-12.66244458724258]",True,,https://sentinel2l2a01.blob.core.windows.net/sentinel2-l2/19/L/DF/2018/07/26/S2A_MSIL2A_20180726T144731_N0212_R139_T19LDF_20201011T201332.SAFE/GRANULE/L2A_T19LDF_A016152_20180726T145459/IMG_DATA/R10m/T19LDF_20180726T144731_B02_10m.tif,https://sentinel2l2a01.blob.core.windows.net/sentinel2-l2/19/L/DF/2018/07/26/S2A_MSIL2A_20180726T144731_N0212_R139_T19LDF_20201011T201332.SAFE/GRANULE/L2A_T19LDF_A016152_20180726T145459/IMG_DATA/R10m/T19LDF_20180726T144731_B03_10m.tif,https://sentinel2l2a01.blob.core.windows.net/sentinel2-l2/19/L/DF/2018/07/26/S2A_MSIL2A_20180726T144731_N0212_R139_T19LDF_20201011T201332.SAFE/GRANULE/L2A_T19LDF_A016152_20180726T145459/IMG_DATA/R10m/T19LDF_20180726T144731_B04_10m.tif,https://sentinel2l2a01.blob.core.windows.net/sentinel2-l2/19/L/DF/2018/07/26/S2A_MSIL2A_20180726T144731_N0212_R139_T19LDF_20201011T201332.SAFE/GRANULE/L2A_T19LDF_A016152_20180726T145459/IMG_DATA/R10m/T19LDF_20180726T144731_B08_10m.tif,https://sentinel2l2a01.blob.core.windows.net/sentinel2-l2/19/L/DF/2018/07/26/S2A_MSIL2A_20180726T144731_N0212_R139_T19LDF_20201011T201332.SAFE/GRANULE/L2A_T19LDF_A016152_20180726T145459/IMG_DATA/R20m/T19LDF_20180726T144731_SCL_20m.tif,,2026-08-09T23:20:24.475049Z,discovered
tambopata_test_area,diagnostic_holdout,2018,2018-06-01,2018-09-30,S2A_MSIL2A_20180716T144731_R139_T19LDF_20201011T162628,2018-07-16T14:47:31.024000Z,6.425702,Sentinel-2A,02.12,32719,sentinel-2-l2a,https://planetarycomputer.microsoft.com/api/stac/v1/collections/sentinel-2-l2a/items/S2A_MSIL2A_20180716T144731_R139_T19LDF_20201011T162628,"[-69.92497680524843,-13.656868384073984,-68.90975423786753,-12.662446841406037]",True,,https://sentinel2l2a01.blob.core.windows.net/sentinel2-l2/19/L/DF/2018/07/16/S2A_MSIL2A_20180716T144731_N0212_R139_T19LDF_20201011T162628.SAFE/GRANULE/L2A_T19LDF_A016009_20180716T144920/IMG_DATA/R10m/T19LDF_20180716T144731_B02_10m.tif,https://sentinel2l2a01.blob.core.windows.net/sentinel2-l2/19/L/DF/2018/07/16/S2A_MSIL2A_20180716T144731_N0212_R139_T19LDF_20201011T162628.SAFE/GRANULE/L2A_T19LDF_A016009_20180716T144920/IMG_DATA/R10m/T19LDF_20180716T144731_B03_10m.tif,https://sentinel2l2a01.blob.core.windows.net/sentinel2-l2/19/L/DF/2018/07/16/S2A_MSIL2A_20180716T144731_N0212_R139_T19LDF_20201011T162628.SAFE/GRANULE/L2A_T19LDF_A016009_20180716T144920/IMG_DATA/R10m/T19LDF_20180716T144731_B04_10m.tif,https://sentinel2l2a01.blob.core.windows.net/sentinel2-l2/19/L/DF/2018/07/16/S2A_MSIL2A_20180716T144731_N0212_R139_T19LDF_20201011T162628.SAFE/GRANULE/L2A_T19LDF_A016009_20180716T144920/IMG_DATA/R10m/T19LDF_20180716T144731_B08_10m.tif,https://sentinel2l2a01.blob.core.windows.net/sentinel2-l2/19/L/DF/2018/07/16/S2A_MSIL2A_20180716T144731_N0212_R139_T19LDF_20201011T162628.SAFE/GRANULE/L2A_T19LDF_A016009_20180716T144920/IMG_DATA/R20m/T19LDF_20180716T144731_SCL_20m.tif,,2026-08-09T23:20:24.475049Z,discovered
tambopata_test_area,diagnostic_holdout,2018,2018-06-01,2018-09-30,S2A_MSIL2A_20180716T144731_R139_T19LCF_20201011T162616,2018-07-16T14:47:31.024000Z,19.790277,Sentinel-2A,02.12,32719,sentinel-2-l2a,https://planetarycomputer.microsoft.com/api/stac/v1/collections/sentinel-2-l2a/items/S2A_MSIL2A_20180716T144731_R139_T19LCF_20201011T162616,"[-70.12952296912329,-13.655483318755016,-69.83065200221534,-12.662366047719349]",True,,https://sentinel2l2a01.blob.core.windows.net/sentinel2-l2/19/L/CF/2018/07/16/S2A_MSIL2A_20180716T144731_N0212_R139_T19LCF_20201011T162616.SAFE/GRANULE/L2A_T19LCF_A016009_20180716T144920/IMG_DATA/R10m/T19LCF_20180716T144731_B02_10m.tif,https://sentinel2l2a01.blob.core.windows.net/sentinel2-l2/19/L/CF/2018/07/16/S2A_MSIL2A_20180716T144731_N0212_R139_T19LCF_20201011T162616.SAFE/GRANULE/L2A_T19LCF_A016009_20180716T144920/IMG_DATA/R10m/T19LCF_20180716T144731_B03_10m.tif,https://sentinel2l2a01.blob.core.windows.net/sentinel2-l2/19/L/CF/2018/07/16/S2A_MSIL2A_20180716T144731_N0212_R139_T19LCF_20201011T162616.SAFE/GRANULE/L2A_T19LCF_A016009_20180716T144920/IMG_DATA/R10m/T19LCF_20180716T144731_B04_10m.tif,https://sentinel2l2a01.blob.core.windows.net/sentinel2-l2/19/L/CF/2018/07/16/S2A_MSIL2A_20180716T144731_N0212_R139_T19LCF_20201011T162616.SAFE/GRANULE/L2A_T19LCF_A016009_20180716T144920/IMG_DATA/R10m/T19LCF_20180716T144731_B08_10m.tif,https://sentinel2l2a01.blob.core.windows.net/sentinel2-l2/19/L/CF/2018/07/16/S2A_MSIL2A_20180716T144731_N0212_R139_T19LCF_20201011T162616.SAFE/GRANULE/L2A_T19LCF_A016009_20180716T144920/IMG_DATA/R20m/T19LCF_20180716T144731_SCL_20m.tif,,2026-08-09T23:20:24.475049Z,discovered
tambopata_test_area,diagnostic_holdout,2018,2018-06-01,2018-09-30,S2B_MSIL2A_20180621T144729_R139_T19LDF_20201012T005203,2018-06-21T14:47:29.024000Z,12.235634,Sentinel-2B,02.12,32719,sentinel-2-l2a,https://planetarycomputer.microsoft.com/api/stac/v1/collections/sentinel-2-l2a/items/S2B_MSIL2A_20180621T144729_R139_T19LDF_20201012T005203,"[-69.92499,-13.656868384073984,-68.90976,-12.662451005548895]",True,,https://sentinel2l2a01.blob.core.windows.net/sentinel2-l2/19/L/DF/2018/06/21/S2B_MSIL2A_20180621T144729_N0212_R139_T19LDF_20201012T005203.SAFE/GRANULE/L2A_T19LDF_A006743_20180621T145608/IMG_DATA/R10m/T19LDF_20180621T144729_B02_10m.tif,https://sentinel2l2a01.blob.core.windows.net/sentinel2-l2/19/L/DF/2018/06/21/S2B_MSIL2A_20180621T144729_N0212_R139_T19LDF_20201012T005203.SAFE/GRANULE/L2A_T19LDF_A006743_20180621T145608/IMG_DATA/R10m/T19LDF_20180621T144729_B03_10m.tif,https://sentinel2l2a01.blob.core.windows.net/sentinel2-l2/19/L/DF/2018/06/21/S2B_MSIL2A_20180621T144729_N0212_R139_T19LDF_20201012T005203.SAFE/GRANULE/L2A_T19LDF_A006743_20180621T145608/IMG_DATA/R10m/T19LDF_20180621T144729_B04_10m.tif,https://sentinel2l2a01.blob.core.windows.net/sentinel2-l2/19/L/DF/2018/06/21/S2B_MSIL2A_20180621T144729_N0212_R139_T19LDF_20201012T005203.SAFE/GRANULE/L2A_T19LDF_A006743_20180621T145608/IMG_DATA/R10m/T19LDF_20180621T144729_B08_10m.tif,https://sentinel2l2a01.blob.core.windows.net/sentinel2-l2/19/L/DF/2018/06/21/S2B_MSIL2A_20180621T144729_N0212_R139_T19LDF_20201012T005203.SAFE/GRANULE/L2A_T19LDF_A006743_20180621T145608/IMG_DATA/R20m/T19LDF_20180621T144729_SCL_20m.tif,,2026-08-09T23:20:24.475049Z,discovered
tambopata_test_area,diagnostic_holdout,2018,2018-06-01,2018-09-30,S2A_MSIL2A_20180619T145731_R039_T19LDF_20201011T235553,2018-06-19T14:57:31.024000Z,12.677695,Sentinel-2A,02.12,32719,sentinel-2-l2a,https://planetarycomputer.microsoft.com/api/stac/v1/collections/sentinel-2-l2a/items/S2A_MSIL2A_20180619T145731_R039_T19LDF_20201011T235553,"[-69.92497680524843,-13.655284582570898,-69.63008182876037,-12.662412634168817]",True,,https://sentinel2l2a01.blob.core.windows.net/sentinel2-l2/19/L/DF/2018/06/19/S2A_MSIL2A_20180619T145731_N0212_R039_T19LDF_20201011T235553.SAFE/GRANULE/L2A_T19LDF_A015623_20180619T150221/IMG_DATA/R10m/T19LDF_20180619T145731_B02_10m.tif,https://sentinel2l2a01.blob.core.windows.net/sentinel2-l2/19/L/DF/2018/06/19/S2A_MSIL2A_20180619T145731_N0212_R039_T19LDF_20201011T235553.SAFE/GRANULE/L2A_T19LDF_A015623_20180619T150221/IMG_DATA/R10m/T19LDF_20180619T145731_B03_10m.tif,https://sentinel2l2a01.blob.core.windows.net/sentinel2-l2/19/L/DF/2018/06/19/S2A_MSIL2A_20180619T145731_N0212_R039_T19LDF_20201011T235553.SAFE/GRANULE/L2A_T19LDF_A015623_20180619T150221/IMG_DATA/R10m/T19LDF_20180619T145731_B04_10m.tif,https://sentinel2l2a01.blob.core.windows.net/sentinel2-l2/19/L/DF/2018/06/19/S2A_MSIL2A_20180619T145731_N0212_R039_T19LDF_20201011T235553.SAFE/GRANULE/L2A_T19LDF_A015623_20180619T150221/IMG_DATA/R10m/T19LDF_20180619T145731_B08_10m.tif,https://sentinel2l2a01.blob.core.windows.net/sentinel2-l2/19/L/DF/2018/06/19/S2A_MSIL2A_20180619T145731_N0212_R039_T19LDF_20201011T235553.SAFE/GRANULE/L2A_T19LDF_A015623_20180619T150221/IMG_DATA/R20m/T19LDF_20180619T145731_SCL_20m.tif,,2026-08-09T23:20:24.475049Z,discovered
tambopata_test_area,diagnostic_holdout,2018,2018-06-01,2018-09-30,S2A_MSIL2A_20180619T145731_R039_T19LCF_20201011T235605,2018-06-19T14:57:31.024000Z,9.168934,Sentinel-2A,02.12,32719,sentinel-2-l2a,https://planetarycomputer.microsoft.com/api/stac/v1/collections/sentinel-2-l2a/items/S2A_MSIL2A_20180619T145731_R039_T19LCF_20201011T235605,"[-70.84895839954056,-13.655388944025065,-69.83065200221534,-12.657636587187465]",True,,https://sentinel2l2a01.blob.core.windows.net/sentinel2-l2/19/L/CF/2018/06/19/S2A_MSIL2A_20180619T145731_N0212_R039_T19LCF_20201011T235605.SAFE/GRANULE/L2A_T19LCF_A015623_20180619T150221/IMG_DATA/R10m/T19LCF_20180619T145731_B02_10m.tif,https://sentinel2l2a01.blob.core.windows.net/sentinel2-l2/19/L/CF/2018/06/19/S2A_MSIL2A_20180619T145731_N0212_R039_T19LCF_20201011T235605.SAFE/GRANULE/L2A_T19LCF_A015623_20180619T150221/IMG_DATA/R10m/T19LCF_20180619T145731_B03_10m.tif,https://sentinel2l2a01.blob.core.windows.net/sentinel2-l2/19/L/CF/2018/06/19/S2A_MSIL2A_20180619T145731_N0212_R039_T19LCF_20201011T235605.SAFE/GRANULE/L2A_T19LCF_A015623_20180619T150221/IMG_DATA/R10m/T19LCF_20180619T145731_B04_10m.tif,https://sentinel2l2a01.blob.core.windows.net/sentinel2-l2/19/L/CF/2018/06/19/S2A_MSIL2A_20180619T145731_N0212_R039_T19LCF_20201011T235605.SAFE/GRANULE/L2A_T19LCF_A015623_20180619T150221/IMG_DATA/R10m/T19LCF_20180619T145731_B08_10m.tif,https://sentinel2l2a01.blob.core.windows.net/sentinel2-l2/19/L/CF/2018/06/19/S2A_MSIL2A_20180619T145731_N0212_R039_T19LCF_20201011T235605.SAFE/GRANULE/L2A_T19LCF_A015623_20180619T150221/IMG_DATA/R20m/T19LCF_20180619T145731_SCL_20m.tif,,2026-08-09T23:20:24.475049Z,discovered
tambopata_test_area,diagnostic_holdout,2022,2022-06-01,2022-09-30,S2B_MSIL2A_20220928T144729_R139_T19LCF_20240728T133246,2022-09-28T14:47:29.024000Z,9.63727,Sentinel-2B,05.10,32719,sentinel-2-l2a,https://planetarycomputer.microsoft.com/api/stac/v1/collections/sentinel-2-l2a/items/S2B_MSIL2A_20220928T144729_R139_T19LCF_20240728T133246,"[-70.1303219,-13.6554833,-69.830652,-12.662354]",True,,https://sentinel2l2a01.blob.core.windows.net/sentinel2-l2/19/L/CF/2022/09/28/S2B_MSIL2A_20220928T144729_N0510_R139_T19LCF_20240728T133246.SAFE/GRANULE/L2A_T19LCF_A029051_20220928T145153/IMG_DATA/R10m/T19LCF_20220928T144729_B02_10m.tif,https://sentinel2l2a01.blob.core.windows.net/sentinel2-l2/19/L/CF/2022/09/28/S2B_MSIL2A_20220928T144729_N0510_R139_T19LCF_20240728T133246.SAFE/GRANULE/L2A_T19LCF_A029051_20220928T145153/IMG_DATA/R10m/T19LCF_20220928T144729_B03_10m.tif,https://sentinel2l2a01.blob.core.windows.net/sentinel2-l2/19/L/CF/2022/09/28/S2B_MSIL2A_20220928T144729_N0510_R139_T19LCF_20240728T133246.SAFE/GRANULE/L2A_T19LCF_A029051_20220928T145153/IMG_DATA/R10m/T19LCF_20220928T144729_B04_10m.tif,https://sentinel2l2a01.blob.core.windows.net/sentinel2-l2/19/L/CF/2022/09/28/S2B_MSIL2A_20220928T144729_N0510_R139_T19LCF_20240728T133246.SAFE/GRANULE/L2A_T19LCF_A029051_20220928T145153/IMG_DATA/R10m/T19LCF_20220928T144729_B08_10m.tif,https://sentinel2l2a01.blob.core.windows.net/sentinel2-l2/19/L/CF/2022/09/28/S2B_MSIL2A_20220928T144729_N0510_R139_T19LCF_20240728T133246.SAFE/GRANULE/L2A_T19LCF_A029051_20220928T145153/IMG_DATA/R20m/T19LCF_20220928T144729_SCL_20m.tif,,2026-08-09T23:20:24.475049Z,discovered
tambopata_test_area,diagnostic_holdout,2022,2022-06-01,2022-09-30,S2B_MSIL2A_20220928T144729_R139_T19LCF_20220929T062147,2022-09-28T14:47:29.024000Z,9.65803,Sentinel-2B,04.00,32719,sentinel-2-l2a,https://planetarycomputer.microsoft.com/api/stac/v1/collections/sentinel-2-l2a/items/S2B_MSIL2A_20220928T144729_R139_T19LCF_20220929T062147,"[-70.13034,-13.65548332,-69.83066,-12.66235402]",True,,https://sentinel2l2a01.blob.core.windows.net/sentinel2-l2/19/L/CF/2022/09/28/S2B_MSIL2A_20220928T144729_N0400_R139_T19LCF_20220929T062147.SAFE/GRANULE/L2A_T19LCF_A029051_20220928T145153/IMG_DATA/R10m/T19LCF_20220928T144729_B02_10m.tif,https://sentinel2l2a01.blob.core.windows.net/sentinel2-l2/19/L/CF/2022/09/28/S2B_MSIL2A_20220928T144729_N0400_R139_T19LCF_20220929T062147.SAFE/GRANULE/L2A_T19LCF_A029051_20220928T145153/IMG_DATA/R10m/T19LCF_20220928T144729_B03_10m.tif,https://sentinel2l2a01.blob.core.windows.net/sentinel2-l2/19/L/CF/2022/09/28/S2B_MSIL2A_20220928T144729_N0400_R139_T19LCF_20220929T062147.SAFE/GRANULE/L2A_T19LCF_A029051_20220928T145153/IMG_DATA/R10m/T19LCF_20220928T144729_B04_10m.tif,https://sentinel2l2a01.blob.core.windows.net/sentinel2-l2/19/L/CF/2022/09/28/S2B_MSIL2A_20220928T144729_N0400_R139_T19LCF_20220929T062147.SAFE/GRANULE/L2A_T19LCF_A029051_20220928T145153/IMG_DATA/R10m/T19LCF_20220928T144729_B08_10m.tif,https://sentinel2l2a01.blob.core.windows.net/sentinel2-l2/19/L/CF/2022/09/28/S2B_MSIL2A_20220928T144729_N0400_R139_T19LCF_20220929T062147.SAFE/GRANULE/L2A_T19LCF_A029051_20220928T145153/IMG_DATA/R20m/T19LCF_20220928T144729_SCL_20m.tif,,2026-08-09T23:20:24.475049Z,discovered
tambopata_test_area,diagnostic_holdout,2022,2022-06-01,2022-09-30,S2A_MSIL2A_20220926T145731_R039_T19LDF_20240731T141746,2022-09-26T14:57:31.024000Z,18.219742,Sentinel-2A,05.10,32719,sentinel-2-l2a,https://planetarycomputer.microsoft.com/api/stac/v1/collections/sentinel-2-l2a/items/S2A_MSIL2A_20220926T145731_R039_T19LDF_20240731T141746,"[-69.9249768,-13.6552603,-69.6435965,-12.6624126]",True,,https://sentinel2l2a01.blob.core.windows.net/sentinel2-l2/19/L/DF/2022/09/26/S2A_MSIL2A_20220926T145731_N0510_R039_T19LDF_20240731T141746.SAFE/GRANULE/L2A_T19LDF_A037931_20220926T145954/IMG_DATA/R10m/T19LDF_20220926T145731_B02_10m.tif,https://sentinel2l2a01.blob.core.windows.net/sentinel2-l2/19/L/DF/2022/09/26/S2A_MSIL2A_20220926T145731_N0510_R039_T19LDF_20240731T141746.SAFE/GRANULE/L2A_T19LDF_A037931_20220926T145954/IMG_DATA/R10m/T19LDF_20220926T145731_B03_10m.tif,https://sentinel2l2a01.blob.core.windows.net/sentinel2-l2/19/L/DF/2022/09/26/S2A_MSIL2A_20220926T145731_N0510_R039_T19LDF_20240731T141746.SAFE/GRANULE/L2A_T19LDF_A037931_20220926T145954/IMG_DATA/R10m/T19LDF_20220926T145731_B04_10m.tif,https://sentinel2l2a01.blob.core.windows.net/sentinel2-l2/19/L/DF/2022/09/26/S2A_MSIL2A_20220926T145731_N0510_R039_T19LDF_20240731T141746.SAFE/GRANULE/L2A_T19LDF_A037931_20220926T145954/IMG_DATA/R10m/T19LDF_20220926T145731_B08_10m.tif,https://sentinel2l2a01.blob.core.windows.net/sentinel2-l2/19/L/DF/2022/09/26/S2A_MSIL2A_20220926T145731_N0510_R039_T19LDF_20240731T141746.SAFE/GRANULE/L2A_T19LDF_A037931_20220926T145954/IMG_DATA/R20m/T19LDF_20220926T145731_SCL_20m.tif,,2026-08-09T23:20:24.475049Z,discovered
tambopata_test_area,diagnostic_holdout,2022,2022-06-01,2022-09-30,S2A_MSIL2A_20220926T145731_R039_T19LDF_20220927T082626,2022-09-26T14:57:31.024000Z,18.191712,Sentinel-2A,04.00,32719,sentinel-2-l2a,https://planetarycomputer.microsoft.com/api/stac/v1/collections/sentinel-2-l2a/items/S2A_MSIL2A_20220926T145731_R039_T19LDF_20220927T082626,"[-69.92499,-13.65526028,-69.643585,-12.66241263]",True,,https://sentinel2l2a01.blob.core.windows.net/sentinel2-l2/19/L/DF/2022/09/26/S2A_MSIL2A_20220926T145731_N0400_R039_T19LDF_20220927T082626.SAFE/GRANULE/L2A_T19LDF_A037931_20220926T145954/IMG_DATA/R10m/T19LDF_20220926T145731_B02_10m.tif,https://sentinel2l2a01.blob.core.windows.net/sentinel2-l2/19/L/DF/2022/09/26/S2A_MSIL2A_20220926T145731_N0400_R039_T19LDF_20220927T082626.SAFE/GRANULE/L2A_T19LDF_A037931_20220926T145954/IMG_DATA/R10m/T19LDF_20220926T145731_B03_10m.tif,https://sentinel2l2a01.blob.core.windows.net/sentinel2-l2/19/L/DF/2022/09/26/S2A_MSIL2A_20220926T145731_N0400_R039_T19LDF_20220927T082626.SAFE/GRANULE/L2A_T19LDF_A037931_20220926T145954/IMG_DATA/R10m/T19LDF_20220926T145731_B04_10m.tif,https://sentinel2l2a01.blob.core.windows.net/sentinel2-l2/19/L/DF/2022/09/26/S2A_MSIL2A_20220926T145731_N0400_R039_T19LDF_20220927T082626.SAFE/GRANULE/L2A_T19LDF_A037931_20220926T145954/IMG_DATA/R10m/T19LDF_20220926T145731_B08_10m.tif,https://sentinel2l2a01.blob.core.windows.net/sentinel2-l2/19/L/DF/2022/09/26/S2A_MSIL2A_20220926T145731_N0400_R039_T19LDF_20220927T082626.SAFE/GRANULE/L2A_T19LDF_A037931_20220926T145954/IMG_DATA/R20m/T19LDF_20220926T145731_SCL_20m.tif,,2026-08-09T23:20:24.475049Z,discovered
tambopata_test_area,diagnostic_holdout,2022,2022-06-01,2022-09-30,S2B_MSIL2A_20220918T144729_R139_T19LDF_20240731T115220,2022-09-18T14:47:29.024000Z,5.552525,Sentinel-2B,05.10,32719,sentinel-2-l2a,https://planetarycomputer.microsoft.com/api/stac/v1/collections/sentinel-2-l2a/items/S2B_MSIL2A_20220918T144729_R139_T19LDF_20240731T115220,"[-69.9249768,-13.6568684,-68.9097542,-12.6624395]",True,,https://sentinel2l2a01.blob.core.windows.net/sentinel2-l2/19/L/DF/2022/09/18/S2B_MSIL2A_20220918T144729_N0510_R139_T19LDF_20240731T115220.SAFE/GRANULE/L2A_T19LDF_A028908_20220918T145244/IMG_DATA/R10m/T19LDF_20220918T144729_B02_10m.tif,https://sentinel2l2a01.blob.core.windows.net/sentinel2-l2/19/L/DF/2022/09/18/S2B_MSIL2A_20220918T144729_N0510_R139_T19LDF_20240731T115220.SAFE/GRANULE/L2A_T19LDF_A028908_20220918T145244/IMG_DATA/R10m/T19LDF_20220918T144729_B03_10m.tif,https://sentinel2l2a01.blob.core.windows.net/sentinel2-l2/19/L/DF/2022/09/18/S2B_MSIL2A_20220918T144729_N0510_R139_T19LDF_20240731T115220.SAFE/GRANULE/L2A_T19LDF_A028908_20220918T145244/IMG_DATA/R10m/T19LDF_20220918T144729_B04_10m.tif,https://sentinel2l2a01.blob.core.windows.net/sentinel2-l2/19/L/DF/2022/09/18/S2B_MSIL2A_20220918T144729_N0510_R139_T19LDF_20240731T115220.SAFE/GRANULE/L2A_T19LDF_A028908_20220918T145244/IMG_DATA/R10m/T19LDF_20220918T144729_B08_10m.tif,https://sentinel2l2a01.blob.core.windows.net/sentinel2-l2/19/L/DF/2022/09/18/S2B_MSIL2A_20220918T144729_N0510_R139_T19LDF_20240731T115220.SAFE/GRANULE/L2A_T19LDF_A028908_20220918T145244/IMG_DATA/R20m/T19LDF_20220918T144729_SCL_20m.tif,,2026-08-09T23:20:24.475049Z,discovered
tambopata_test_area,diagnostic_holdout,2022,2022-06-01,2022-09-30,S2B_MSIL2A_20220918T144729_R139_T19LDF_20220919T073955,2022-09-18T14:47:29.024000Z,5.554672,Sentinel-2B,04.00,32719,sentinel-2-l2a,https://planetarycomputer.microsoft.com/api/stac/v1/collections/sentinel-2-l2a/items/S2B_MSIL2A_20220918T144729_R139_T19LDF_20220919T073955,"[-69.92499,-13.65686838,-68.90976,-12.66243955]",True,,https://sentinel2l2a01.blob.core.windows.net/sentinel2-l2/19/L/DF/2022/09/18/S2B_MSIL2A_20220918T144729_N0400_R139_T19LDF_20220919T073955.SAFE/GRANULE/L2A_T19LDF_A028908_20220918T145244/IMG_DATA/R10m/T19LDF_20220918T144729_B02_10m.tif,https://sentinel2l2a01.blob.core.windows.net/sentinel2-l2/19/L/DF/2022/09/18/S2B_MSIL2A_20220918T144729_N0400_R139_T19LDF_20220919T073955.SAFE/GRANULE/L2A_T19LDF_A028908_20220918T145244/IMG_DATA/R10m/T19LDF_20220918T144729_B03_10m.tif,https://sentinel2l2a01.blob.core.windows.net/sentinel2-l2/19/L/DF/2022/09/18/S2B_MSIL2A_20220918T144729_N0400_R139_T19LDF_20220919T073955.SAFE/GRANULE/L2A_T19LDF_A028908_20220918T145244/IMG_DATA/R10m/T19LDF_20220918T144729_B04_10m.tif,https://sentinel2l2a01.blob.core.windows.net/sentinel2-l2/19/L/DF/2022/09/18/S2B_MSIL2A_20220918T144729_N0400_R139_T19LDF_20220919T073955.SAFE/GRANULE/L2A_T19LDF_A028908_20220918T145244/IMG_DATA/R10m/T19LDF_20220918T144729_B08_10m.tif,https://sentinel2l2a01.blob.core.windows.net/sentinel2-l2/19/L/DF/2022/09/18/S2B_MSIL2A_20220918T144729_N0400_R139_T19LDF_20220919T073955.SAFE/GRANULE/L2A_T19LDF_A028908_20220918T145244/IMG_DATA/R20m/T19LDF_20220918T144729_SCL_20m.tif,,2026-08-09T23:20:24.475049Z,discovered
tambopata_test_area,diagnostic_holdout,2022,2022-06-01,2022-09-30,S2A_MSIL2A_20220906T145741_R039_T19LDF_20220907T071804,2022-09-06T14:57:41.024000Z,0.661634,Sentinel-2A,04.00,32719,sentinel-2-l2a,https://planetarycomputer.microsoft.com/api/stac/v1/collections/sentinel-2-l2a/items/S2A_MSIL2A_20220906T145741_R039_T19LDF_20220907T071804,"[-69.92499,-13.6552455,-69.65256,-12.66241263]",True,,https://sentinel2l2a01.blob.core.windows.net/sentinel2-l2/19/L/DF/2022/09/06/S2A_MSIL2A_20220906T145741_N0400_R039_T19LDF_20220907T071804.SAFE/GRANULE/L2A_T19LDF_A037645_20220906T150345/IMG_DATA/R10m/T19LDF_20220906T145741_B02_10m.tif,https://sentinel2l2a01.blob.core.windows.net/sentinel2-l2/19/L/DF/2022/09/06/S2A_MSIL2A_20220906T145741_N0400_R039_T19LDF_20220907T071804.SAFE/GRANULE/L2A_T19LDF_A037645_20220906T150345/IMG_DATA/R10m/T19LDF_20220906T145741_B03_10m.tif,https://sentinel2l2a01.blob.core.windows.net/sentinel2-l2/19/L/DF/2022/09/06/S2A_MSIL2A_20220906T145741_N0400_R039_T19LDF_20220907T071804.SAFE/GRANULE/L2A_T19LDF_A037645_20220906T150345/IMG_DATA/R10m/T19LDF_20220906T145741_B04_10m.tif,https://sentinel2l2a01.blob.core.windows.net/sentinel2-l2/19/L/DF/2022/09/06/S2A_MSIL2A_20220906T145741_N0400_R039_T19LDF_20220907T071804.SAFE/GRANULE/L2A_T19LDF_A037645_20220906T150345/IMG_DATA/R10m/T19LDF_20220906T145741_B08_10m.tif,https://sentinel2l2a01.blob.core.windows.net/sentinel2-l2/19/L/DF/2022/09/06/S2A_MSIL2A_20220906T145741_N0400_R039_T19LDF_20220907T071804.SAFE/GRANULE/L2A_T19LDF_A037645_20220906T150345/IMG_DATA/R20m/T19LDF_20220906T145741_SCL_20m.tif,,2026-08-09T23:20:24.475049Z,discovered
tambopata_test_area,diagnostic_holdout,2022,2022-06-01,2022-09-30,S2A_MSIL2A_20220906T145741_R039_T19LCF_20220907T075707,2022-09-06T14:57:41.024000Z,11.85512,Sentinel-2A,04.00,32719,sentinel-2-l2a,https://planetarycomputer.microsoft.com/api/stac/v1/collections/sentinel-2-l2a/items/S2A_MSIL2A_20220906T145741_R039_T19LCF_20220907T075707,"[-70.84897,-13.65526343,-69.83066,-12.65763659]",True,,https://sentinel2l2a01.blob.core.windows.net/sentinel2-l2/19/L/CF/2022/09/06/S2A_MSIL2A_20220906T145741_N0400_R039_T19LCF_20220907T075707.SAFE/GRANULE/L2A_T19LCF_A037645_20220906T150345/IMG_DATA/R10m/T19LCF_20220906T145741_B02_10m.tif,https://sentinel2l2a01.blob.core.windows.net/sentinel2-l2/19/L/CF/2022/09/06/S2A_MSIL2A_20220906T145741_N0400_R039_T19LCF_20220907T075707.SAFE/GRANULE/L2A_T19LCF_A037645_20220906T150345/IMG_DATA/R10m/T19LCF_20220906T145741_B03_10m.tif,https://sentinel2l2a01.blob.core.windows.net/sentinel2-l2/19/L/CF/2022/09/06/S2A_MSIL2A_20220906T145741_N0400_R039_T19LCF_20220907T075707.SAFE/GRANULE/L2A_T19LCF_A037645_20220906T150345/IMG_DATA/R10m/T19LCF_20220906T145741_B04_10m.tif,https://sentinel2l2a01.blob.core.windows.net/sentinel2-l2/19/L/CF/2022/09/06/S2A_MSIL2A_20220906T145741_N0400_R039_T19LCF_20220907T075707.SAFE/GRANULE/L2A_T19LCF_A037645_20220906T150345/IMG_DATA/R10m/T19LCF_20220906T145741_B08_10m.tif,https://sentinel2l2a01.blob.core.windows.net/sentinel2-l2/19/L/CF/2022/09/06/S2A_MSIL2A_20220906T145741_N0400_R039_T19LCF_20220907T075707.SAFE/GRANULE/L2A_T19LCF_A037645_20220906T150345/IMG_DATA/R20m/T19LCF_20220906T145741_SCL_20m.tif,,2026-08-09T23:20:24.475049Z,discovered
tambopata_test_area,diagnostic_holdout,2022,2022-06-01,2022-09-30,S2B_MSIL2A_20220901T145729_R039_T19LDF_20220902T070719,2022-09-01T14:57:29.024000Z,5.72844,Sentinel-2B,04.00,32719,sentinel-2-l2a,https://planetarycomputer.microsoft.com/api/stac/v1/collections/sentinel-2-l2a/items/S2B_MSIL2A_20220901T145729_R039_T19LDF_20220902T070719,"[-69.92499,-13.65528056,-69.63098,-12.66241263]",True,,https://sentinel2l2a01.blob.core.windows.net/sentinel2-l2/19/L/DF/2022/09/01/S2B_MSIL2A_20220901T145729_N0400_R039_T19LDF_20220902T070719.SAFE/GRANULE/L2A_T19LDF_A028665_20220901T145726/IMG_DATA/R10m/T19LDF_20220901T145729_B02_10m.tif,https://sentinel2l2a01.blob.core.windows.net/sentinel2-l2/19/L/DF/2022/09/01/S2B_MSIL2A_20220901T145729_N0400_R039_T19LDF_20220902T070719.SAFE/GRANULE/L2A_T19LDF_A028665_20220901T145726/IMG_DATA/R10m/T19LDF_20220901T145729_B03_10m.tif,https://sentinel2l2a01.blob.core.windows.net/sentinel2-l2/19/L/DF/2022/09/01/S2B_MSIL2A_20220901T145729_N0400_R039_T19LDF_20220902T070719.SAFE/GRANULE/L2A_T19LDF_A028665_20220901T145726/IMG_DATA/R10m/T19LDF_20220901T145729_B04_10m.tif,https://sentinel2l2a01.blob.core.windows.net/sentinel2-l2/19/L/DF/2022/09/01/S2B_MSIL2A_20220901T145729_N0400_R039_T19LDF_20220902T070719.SAFE/GRANULE/L2A_T19LDF_A028665_20220901T145726/IMG_DATA/R10m/T19LDF_20220901T145729_B08_10m.tif,https://sentinel2l2a01.blob.core.windows.net/sentinel2-l2/19/L/DF/2022/09/01/S2B_MSIL2A_20220901T145729_N0400_R039_T19LDF_20220902T070719.SAFE/GRANULE/L2A_T19LDF_A028665_20220901T145726/IMG_DATA/R20m/T19LDF_20220901T145729_SCL_20m.tif,,2026-08-09T23:20:24.475049Z,discovered
tambopata_test_area,diagnostic_holdout,2022,2022-06-01,2022-09-30,S2B_MSIL2A_20220901T145729_R039_T19LCF_20220902T065509,2022-09-01T14:57:29.024000Z,15.485813,Sentinel-2B,04.00,32719,sentinel-2-l2a,https://planetarycomputer.microsoft.com/api/stac/v1/collections/sentinel-2-l2a/items/S2B_MSIL2A_20220901T145729_R039_T19LCF_20220902T065509,"[-70.84897,-13.65537604,-69.83066,-12.65763659]",True,,https://sentinel2l2a01.blob.core.windows.net/sentinel2-l2/19/L/CF/2022/09/01/S2B_MSIL2A_20220901T145729_N0400_R039_T19LCF_20220902T065509.SAFE/GRANULE/L2A_T19LCF_A028665_20220901T145726/IMG_DATA/R10m/T19LCF_20220901T145729_B02_10m.tif,https://sentinel2l2a01.blob.core.windows.net/sentinel2-l2/19/L/CF/2022/09/01/S2B_MSIL2A_20220901T145729_N0400_R039_T19LCF_20220902T065509.SAFE/GRANULE/L2A_T19LCF_A028665_20220901T145726/IMG_DATA/R10m/T19LCF_20220901T145729_B03_10m.tif,https://sentinel2l2a01.blob.core.windows.net/sentinel2-l2/19/L/CF/2022/09/01/S2B_MSIL2A_20220901T145729_N0400_R039_T19LCF_20220902T065509.SAFE/GRANULE/L2A_T19LCF_A028665_20220901T145726/IMG_DATA/R10m/T19LCF_20220901T145729_B04_10m.tif,https://sentinel2l2a01.blob.core.windows.net/sentinel2-l2/19/L/CF/2022/09/01/S2B_MSIL2A_20220901T145729_N0400_R039_T19LCF_20220902T065509.SAFE/GRANULE/L2A_T19LCF_A028665_20220901T145726/IMG_DATA/R10m/T19LCF_20220901T145729_B08_10m.tif,https://sentinel2l2a01.blob.core.windows.net/sentinel2-l2/19/L/CF/2022/09/01/S2B_MSIL2A_20220901T145729_N0400_R039_T19LCF_20220902T065509.SAFE/GRANULE/L2A_T19LCF_A028665_20220901T145726/IMG_DATA/R20m/T19LCF_20220901T145729_SCL_20m.tif,,2026-08-09T23:20:24.475049Z,discovered
tambopata_test_area,diagnostic_holdout,2022,2022-06-01,2022-09-30,S2A_MSIL2A_20220827T145741_R039_T19LDF_20240703T082510,2022-08-27T14:57:41.024000Z,14.158961,Sentinel-2A,05.10,32719,sentinel-2-l2a,https://planetarycomputer.microsoft.com/api/stac/v1/collections/sentinel-2-l2a/items/S2A_MSIL2A_20220827T145741_R039_T19LDF_20240703T082510,"[-69.9249768,-13.6552439,-69.6530144,-12.6624126]",True,,https://sentinel2l2a01.blob.core.windows.net/sentinel2-l2/19/L/DF/2022/08/27/S2A_MSIL2A_20220827T145741_N0510_R039_T19LDF_20240703T082510.SAFE/GRANULE/L2A_T19LDF_A037502_20220827T145948/IMG_DATA/R10m/T19LDF_20220827T145741_B02_10m.tif,https://sentinel2l2a01.blob.core.windows.net/sentinel2-l2/19/L/DF/2022/08/27/S2A_MSIL2A_20220827T145741_N0510_R039_T19LDF_20240703T082510.SAFE/GRANULE/L2A_T19LDF_A037502_20220827T145948/IMG_DATA/R10m/T19LDF_20220827T145741_B03_10m.tif,https://sentinel2l2a01.blob.core.windows.net/sentinel2-l2/19/L/DF/2022/08/27/S2A_MSIL2A_20220827T145741_N0510_R039_T19LDF_20240703T082510.SAFE/GRANULE/L2A_T19LDF_A037502_20220827T145948/IMG_DATA/R10m/T19LDF_20220827T145741_B04_10m.tif,https://sentinel2l2a01.blob.core.windows.net/sentinel2-l2/19/L/DF/2022/08/27/S2A_MSIL2A_20220827T145741_N0510_R039_T19LDF_20240703T082510.SAFE/GRANULE/L2A_T19LDF_A037502_20220827T145948/IMG_DATA/R10m/T19LDF_20220827T145741_B08_10m.tif,https://sentinel2l2a01.blob.core.windows.net/sentinel2-l2/19/L/DF/2022/08/27/S2A_MSIL2A_20220827T145741_N0510_R039_T19LDF_20240703T082510.SAFE/GRANULE/L2A_T19LDF_A037502_20220827T145948/IMG_DATA/R20m/T19LDF_20220827T145741_SCL_20m.tif,,2026-08-09T23:20:24.475049Z,discovered
tambopata_test_area,diagnostic_holdout,2022,2022-06-01,2022-09-30,S2A_MSIL2A_20220827T145741_R039_T19LDF_20220829T102309,2022-08-27T14:57:41.024000Z,14.15588,Sentinel-2A,04.00,32719,sentinel-2-l2a,https://planetarycomputer.microsoft.com/api/stac/v1/collections/sentinel-2-l2a/items/S2A_MSIL2A_20220827T145741_R039_T19LDF_20220829T102309,"[-69.92499,-13.65524392,-69.653015,-12.66241263]",True,,https://sentinel2l2a01.blob.core.windows.net/sentinel2-l2/19/L/DF/2022/08/27/S2A_MSIL2A_20220827T145741_N0400_R039_T19LDF_20220829T102309.SAFE/GRANULE/L2A_T19LDF_A037502_20220827T145948/IMG_DATA/R10m/T19LDF_20220827T145741_B02_10m.tif,https://sentinel2l2a01.blob.core.windows.net/sentinel2-l2/19/L/DF/2022/08/27/S2A_MSIL2A_20220827T145741_N0400_R039_T19LDF_20220829T102309.SAFE/GRANULE/L2A_T19LDF_A037502_20220827T145948/IMG_DATA/R10m/T19LDF_20220827T145741_B03_10m.tif,https://sentinel2l2a01.blob.core.windows.net/sentinel2-l2/19/L/DF/2022/08/27/S2A_MSIL2A_20220827T145741_N0400_R039_T19LDF_20220829T102309.SAFE/GRANULE/L2A_T19LDF_A037502_20220827T145948/IMG_DATA/R10m/T19LDF_20220827T145741_B04_10m.tif,https://sentinel2l2a01.blob.core.windows.net/sentinel2-l2/19/L/DF/2022/08/27/S2A_MSIL2A_20220827T145741_N0400_R039_T19LDF_20220829T102309.SAFE/GRANULE/L2A_T19LDF_A037502_20220827T145948/IMG_DATA/R10m/T19LDF_20220827T145741_B08_10m.tif,https://sentinel2l2a01.blob.core.windows.net/sentinel2-l2/19/L/DF/2022/08/27/S2A_MSIL2A_20220827T145741_N0400_R039_T19LDF_20220829T102309.SAFE/GRANULE/L2A_T19LDF_A037502_20220827T145948/IMG_DATA/R20m/T19LDF_20220827T145741_SCL_20m.tif,,2026-08-09T23:20:24.475049Z,discovered
tambopata_test_area,diagnostic_holdout,2022,2022-06-01,2022-09-30,S2A_MSIL2A_20220824T144741_R139_T19LDF_20240704T164843,2022-08-24T14:47:41.024000Z,0.013917,Sentinel-2A,05.10,32719,sentinel-2-l2a,https://planetarycomputer.microsoft.com/api/stac/v1/collections/sentinel-2-l2a/items/S2A_MSIL2A_20220824T144741_R139_T19LDF_20240704T164843,"[-69.9249768,-13.6568684,-68.9097542,-12.6624245]",True,,https://sentinel2l2a01.blob.core.windows.net/sentinel2-l2/19/L/DF/2022/08/24/S2A_MSIL2A_20220824T144741_N0510_R139_T19LDF_20240704T164843.SAFE/GRANULE/L2A_T19LDF_A037459_20220824T145550/IMG_DATA/R10m/T19LDF_20220824T144741_B02_10m.tif,https://sentinel2l2a01.blob.core.windows.net/sentinel2-l2/19/L/DF/2022/08/24/S2A_MSIL2A_20220824T144741_N0510_R139_T19LDF_20240704T164843.SAFE/GRANULE/L2A_T19LDF_A037459_20220824T145550/IMG_DATA/R10m/T19LDF_20220824T144741_B03_10m.tif,https://sentinel2l2a01.blob.core.windows.net/sentinel2-l2/19/L/DF/2022/08/24/S2A_MSIL2A_20220824T144741_N0510_R139_T19LDF_20240704T164843.SAFE/GRANULE/L2A_T19LDF_A037459_20220824T145550/IMG_DATA/R10m/T19LDF_20220824T144741_B04_10m.tif,https://sentinel2l2a01.blob.core.windows.net/sentinel2-l2/19/L/DF/2022/08/24/S2A_MSIL2A_20220824T144741_N0510_R139_T19LDF_20240704T164843.SAFE/GRANULE/L2A_T19LDF_A037459_20220824T145550/IMG_DATA/R10m/T19LDF_20220824T144741_B08_10m.tif,https://sentinel2l2a01.blob.core.windows.net/sentinel2-l2/19/L/DF/2022/08/24/S2A_MSIL2A_20220824T144741_N0510_R139_T19LDF_20240704T164843.SAFE/GRANULE/L2A_T19LDF_A037459_20220824T145550/IMG_DATA/R20m/T19LDF_20220824T144741_SCL_20m.tif,,2026-08-09T23:20:24.475049Z,discovered
tambopata_test_area,diagnostic_holdout,2022,2022-06-01,2022-09-30,S2A_MSIL2A_20220824T144741_R139_T19LDF_20220825T145120,2022-08-24T14:47:41.024000Z,0.013495,Sentinel-2A,04.00,32719,sentinel-2-l2a,https://planetarycomputer.microsoft.com/api/stac/v1/collections/sentinel-2-l2a/items/S2A_MSIL2A_20220824T144741_R139_T19LDF_20220825T145120,"[-69.92499,-13.65686838,-68.90976,-12.66242452]",True,,https://sentinel2l2a01.blob.core.windows.net/sentinel2-l2/19/L/DF/2022/08/24/S2A_MSIL2A_20220824T144741_N0400_R139_T19LDF_20220825T145120.SAFE/GRANULE/L2A_T19LDF_A037459_20220824T145550/IMG_DATA/R10m/T19LDF_20220824T144741_B02_10m.tif,https://sentinel2l2a01.blob.core.windows.net/sentinel2-l2/19/L/DF/2022/08/24/S2A_MSIL2A_20220824T144741_N0400_R139_T19LDF_20220825T145120.SAFE/GRANULE/L2A_T19LDF_A037459_20220824T145550/IMG_DATA/R10m/T19LDF_20220824T144741_B03_10m.tif,https://sentinel2l2a01.blob.core.windows.net/sentinel2-l2/19/L/DF/2022/08/24/S2A_MSIL2A_20220824T144741_N0400_R139_T19LDF_20220825T145120.SAFE/GRANULE/L2A_T19LDF_A037459_20220824T145550/IMG_DATA/R10m/T19LDF_20220824T144741_B04_10m.tif,https://sentinel2l2a01.blob.core.windows.net/sentinel2-l2/19/L/DF/2022/08/24/S2A_MSIL2A_20220824T144741_N0400_R139_T19LDF_20220825T145120.SAFE/GRANULE/L2A_T19LDF_A037459_20220824T145550/IMG_DATA/R10m/T19LDF_20220824T144741_B08_10m.tif,https://sentinel2l2a01.blob.core.windows.net/sentinel2-l2/19/L/DF/2022/08/24/S2A_MSIL2A_20220824T144741_N0400_R139_T19LDF_20220825T145120.SAFE/GRANULE/L2A_T19LDF_A037459_20220824T145550/IMG_DATA/R20m/T19LDF_20220824T144741_SCL_20m.tif,,2026-08-09T23:20:24.475049Z,discovered
tambopata_test_area,diagnostic_holdout,2022,2022-06-01,2022-09-30,S2A_MSIL2A_20220824T144741_R139_T19LCF_20240704T164843,2022-08-24T14:47:41.024000Z,7.436208,Sentinel-2A,05.10,32719,sentinel-2-l2a,https://planetarycomputer.microsoft.com/api/stac/v1/collections/sentinel-2-l2a/items/S2A_MSIL2A_20220824T144741_R139_T19LCF_20240704T164843,"[-70.143133,-13.6554833,-69.830652,-12.6622943]",True,,https://sentinel2l2a01.blob.core.windows.net/sentinel2-l2/19/L/CF/2022/08/24/S2A_MSIL2A_20220824T144741_N0510_R139_T19LCF_20240704T164843.SAFE/GRANULE/L2A_T19LCF_A037459_20220824T145550/IMG_DATA/R10m/T19LCF_20220824T144741_B02_10m.tif,https://sentinel2l2a01.blob.core.windows.net/sentinel2-l2/19/L/CF/2022/08/24/S2A_MSIL2A_20220824T144741_N0510_R139_T19LCF_20240704T164843.SAFE/GRANULE/L2A_T19LCF_A037459_20220824T145550/IMG_DATA/R10m/T19LCF_20220824T144741_B03_10m.tif,https://sentinel2l2a01.blob.core.windows.net/sentinel2-l2/19/L/CF/2022/08/24/S2A_MSIL2A_20220824T144741_N0510_R139_T19LCF_20240704T164843.SAFE/GRANULE/L2A_T19LCF_A037459_20220824T145550/IMG_DATA/R10m/T19LCF_20220824T144741_B04_10m.tif,https://sentinel2l2a01.blob.core.windows.net/sentinel2-l2/19/L/CF/2022/08/24/S2A_MSIL2A_20220824T144741_N0510_R139_T19LCF_20240704T164843.SAFE/GRANULE/L2A_T19LCF_A037459_20220824T145550/IMG_DATA/R10m/T19LCF_20220824T144741_B08_10m.tif,https://sentinel2l2a01.blob.core.windows.net/sentinel2-l2/19/L/CF/2022/08/24/S2A_MSIL2A_20220824T144741_N0510_R139_T19LCF_20240704T164843.SAFE/GRANULE/L2A_T19LCF_A037459_20220824T145550/IMG_DATA/R20m/T19LCF_20220824T144741_SCL_20m.tif,,2026-08-09T23:20:24.475049Z,discovered
tambopata_test_area,diagnostic_holdout,2022,2022-06-01,2022-09-30,S2A_MSIL2A_20220824T144741_R139_T19LCF_20220825T150011,2022-08-24T14:47:41.024000Z,7.488132,Sentinel-2A,04.00,32719,sentinel-2-l2a,https://planetarycomputer.microsoft.com/api/stac/v1/collections/sentinel-2-l2a/items/S2A_MSIL2A_20220824T144741_R139_T19LCF_20220825T150011,"[-70.14313,-13.65548332,-69.83066,-12.66229435]",True,,https://sentinel2l2a01.blob.core.windows.net/sentinel2-l2/19/L/CF/2022/08/24/S2A_MSIL2A_20220824T144741_N0400_R139_T19LCF_20220825T150011.SAFE/GRANULE/L2A_T19LCF_A037459_20220824T145550/IMG_DATA/R10m/T19LCF_20220824T144741_B02_10m.tif,https://sentinel2l2a01.blob.core.windows.net/sentinel2-l2/19/L/CF/2022/08/24/S2A_MSIL2A_20220824T144741_N0400_R139_T19LCF_20220825T150011.SAFE/GRANULE/L2A_T19LCF_A037459_20220824T145550/IMG_DATA/R10m/T19LCF_20220824T144741_B03_10m.tif,https://sentinel2l2a01.blob.core.windows.net/sentinel2-l2/19/L/CF/2022/08/24/S2A_MSIL2A_20220824T144741_N0400_R139_T19LCF_20220825T150011.SAFE/GRANULE/L2A_T19LCF_A037459_20220824T145550/IMG_DATA/R10m/T19LCF_20220824T144741_B04_10m.tif,https://sentinel2l2a01.blob.core.windows.net/sentinel2-l2/19/L/CF/2022/08/24/S2A_MSIL2A_20220824T144741_N0400_R139_T19LCF_20220825T150011.SAFE/GRANULE/L2A_T19LCF_A037459_20220824T145550/IMG_DATA/R10m/T19LCF_20220824T144741_B08_10m.tif,https://sentinel2l2a01.blob.core.windows.net/sentinel2-l2/19/L/CF/2022/08/24/S2A_MSIL2A_20220824T144741_N0400_R139_T19LCF_20220825T150011.SAFE/GRANULE/L2A_T19LCF_A037459_20220824T145550/IMG_DATA/R20m/T19LCF_20220824T144741_SCL_20m.tif,,2026-08-09T23:20:24.475049Z,discovered
tambopata_test_area,diagnostic_holdout,2022,2022-06-01,2022-09-30,S2B_MSIL2A_20220822T145729_R039_T19LDF_20240704T091633,2022-08-22T14:57:29.024000Z,17.541498,Sentinel-2B,05.10,32719,sentinel-2-l2a,https://planetarycomputer.microsoft.com/api/stac/v1/collections/sentinel-2-l2a/items/S2B_MSIL2A_20220822T145729_R039_T19LDF_20240704T091633,"[-69.9249768,-13.6552836,-69.6293253,-12.6624126]",True,,https://sentinel2l2a01.blob.core.windows.net/sentinel2-l2/19/L/DF/2022/08/22/S2B_MSIL2A_20220822T145729_N0510_R039_T19LDF_20240704T091633.SAFE/GRANULE/L2A_T19LDF_A028522_20220822T145726/IMG_DATA/R10m/T19LDF_20220822T145729_B02_10m.tif,https://sentinel2l2a01.blob.core.windows.net/sentinel2-l2/19/L/DF/2022/08/22/S2B_MSIL2A_20220822T145729_N0510_R039_T19LDF_20240704T091633.SAFE/GRANULE/L2A_T19LDF_A028522_20220822T145726/IMG_DATA/R10m/T19LDF_20220822T145729_B03_10m.tif,https://sentinel2l2a01.blob.core.windows.net/sentinel2-l2/19/L/DF/2022/08/22/S2B_MSIL2A_20220822T145729_N0510_R039_T19LDF_20240704T091633.SAFE/GRANULE/L2A_T19LDF_A028522_20220822T145726/IMG_DATA/R10m/T19LDF_20220822T145729_B04_10m.tif,https://sentinel2l2a01.blob.core.windows.net/sentinel2-l2/19/L/DF/2022/08/22/S2B_MSIL2A_20220822T145729_N0510_R039_T19LDF_20240704T091633.SAFE/GRANULE/L2A_T19LDF_A028522_20220822T145726/IMG_DATA/R10m/T19LDF_20220822T145729_B08_10m.tif,https://sentinel2l2a01.blob.core.windows.net/sentinel2-l2/19/L/DF/2022/08/22/S2B_MSIL2A_20220822T145729_N0510_R039_T19LDF_20240704T091633.SAFE/GRANULE/L2A_T19LDF_A028522_20220822T145726/IMG_DATA/R20m/T19LDF_20220822T145729_SCL_20m.tif,,2026-08-09T23:20:24.475049Z,discovered
tambopata_test_area,diagnostic_holdout,2022,2022-06-01,2022-09-30,S2B_MSIL2A_20220822T145729_R039_T19LDF_20220823T141942,2022-08-22T14:57:29.024000Z,17.567703,Sentinel-2B,04.00,32719,sentinel-2-l2a,https://planetarycomputer.microsoft.com/api/stac/v1/collections/sentinel-2-l2a/items/S2B_MSIL2A_20220822T145729_R039_T19LDF_20220823T141942,"[-69.92499,-13.65528363,-69.62933,-12.66241263]",True,,https://sentinel2l2a01.blob.core.windows.net/sentinel2-l2/19/L/DF/2022/08/22/S2B_MSIL2A_20220822T145729_N0400_R039_T19LDF_20220823T141942.SAFE/GRANULE/L2A_T19LDF_A028522_20220822T145726/IMG_DATA/R10m/T19LDF_20220822T145729_B02_10m.tif,https://sentinel2l2a01.blob.core.windows.net/sentinel2-l2/19/L/DF/2022/08/22/S2B_MSIL2A_20220822T145729_N0400_R039_T19LDF_20220823T141942.SAFE/GRANULE/L2A_T19LDF_A028522_20220822T145726/IMG_DATA/R10m/T19LDF_20220822T145729_B03_10m.tif,https://sentinel2l2a01.blob.core.windows.net/sentinel2-l2/19/L/DF/2022/08/22/S2B_MSIL2A_20220822T145729_N0400_R039_T19LDF_20220823T141942.SAFE/GRANULE/L2A_T19LDF_A028522_20220822T145726/IMG_DATA/R10m/T19LDF_20220822T145729_B04_10m.tif,https://sentinel2l2a01.blob.core.windows.net/sentinel2-l2/19/L/DF/2022/08/22/S2B_MSIL2A_20220822T145729_N0400_R039_T19LDF_20220823T141942.SAFE/GRANULE/L2A_T19LDF_A028522_20220822T145726/IMG_DATA/R10m/T19LDF_20220822T145729_B08_10m.tif,https://sentinel2l2a01.blob.core.windows.net/sentinel2-l2/19/L/DF/2022/08/22/S2B_MSIL2A_20220822T145729_N0400_R039_T19LDF_20220823T141942.SAFE/GRANULE/L2A_T19LDF_A028522_20220822T145726/IMG_DATA/R20m/T19LDF_20220822T145729_SCL_20m.tif,,2026-08-09T23:20:24.475049Z,discovered
tambopata_test_area,diagnostic_holdout,2022,2022-06-01,2022-09-30,S2B_MSIL2A_20220822T145729_R039_T19LCF_20240704T091633,2022-08-22T14:57:29.024000Z,8.351785,Sentinel-2B,05.10,32719,sentinel-2-l2a,https://planetarycomputer.microsoft.com/api/stac/v1/collections/sentinel-2-l2a/items/S2B_MSIL2A_20220822T145729_R039_T19LCF_20240704T091633,"[-70.8489584,-13.6553859,-69.830652,-12.6576366]",True,,https://sentinel2l2a01.blob.core.windows.net/sentinel2-l2/19/L/CF/2022/08/22/S2B_MSIL2A_20220822T145729_N0510_R039_T19LCF_20240704T091633.SAFE/GRANULE/L2A_T19LCF_A028522_20220822T145726/IMG_DATA/R10m/T19LCF_20220822T145729_B02_10m.tif,https://sentinel2l2a01.blob.core.windows.net/sentinel2-l2/19/L/CF/2022/08/22/S2B_MSIL2A_20220822T145729_N0510_R039_T19LCF_20240704T091633.SAFE/GRANULE/L2A_T19LCF_A028522_20220822T145726/IMG_DATA/R10m/T19LCF_20220822T145729_B03_10m.tif,https://sentinel2l2a01.blob.core.windows.net/sentinel2-l2/19/L/CF/2022/08/22/S2B_MSIL2A_20220822T145729_N0510_R039_T19LCF_20240704T091633.SAFE/GRANULE/L2A_T19LCF_A028522_20220822T145726/IMG_DATA/R10m/T19LCF_20220822T145729_B04_10m.tif,https://sentinel2l2a01.blob.core.windows.net/sentinel2-l2/19/L/CF/2022/08/22/S2B_MSIL2A_20220822T145729_N0510_R039_T19LCF_20240704T091633.SAFE/GRANULE/L2A_T19LCF_A028522_20220822T145726/IMG_DATA/R10m/T19LCF_20220822T145729_B08_10m.tif,https://sentinel2l2a01.blob.core.windows.net/sentinel2-l2/19/L/CF/2022/08/22/S2B_MSIL2A_20220822T145729_N0510_R039_T19LCF_20240704T091633.SAFE/GRANULE/L2A_T19LCF_A028522_20220822T145726/IMG_DATA/R20m/T19LCF_20220822T145729_SCL_20m.tif,,2026-08-09T23:20:24.475049Z,discovered
tambopata_test_area,diagnostic_holdout,2022,2022-06-01,2022-09-30,S2B_MSIL2A_20220822T145729_R039_T19LCF_20220823T142834,2022-08-22T14:57:29.024000Z,8.363886,Sentinel-2B,04.00,32719,sentinel-2-l2a,https://planetarycomputer.microsoft.com/api/stac/v1/collections/sentinel-2-l2a/items/S2B_MSIL2A_20220822T145729_R039_T19LCF_20220823T142834,"[-70.84897,-13.65538589,-69.83066,-12.65763659]",True,,https://sentinel2l2a01.blob.core.windows.net/sentinel2-l2/19/L/CF/2022/08/22/S2B_MSIL2A_20220822T145729_N0400_R039_T19LCF_20220823T142834.SAFE/GRANULE/L2A_T19LCF_A028522_20220822T145726/IMG_DATA/R10m/T19LCF_20220822T145729_B02_10m.tif,https://sentinel2l2a01.blob.core.windows.net/sentinel2-l2/19/L/CF/2022/08/22/S2B_MSIL2A_20220822T145729_N0400_R039_T19LCF_20220823T142834.SAFE/GRANULE/L2A_T19LCF_A028522_20220822T145726/IMG_DATA/R10m/T19LCF_20220822T145729_B03_10m.tif,https://sentinel2l2a01.blob.core.windows.net/sentinel2-l2/19/L/CF/2022/08/22/S2B_MSIL2A_20220822T145729_N0400_R039_T19LCF_20220823T142834.SAFE/GRANULE/L2A_T19LCF_A028522_20220822T145726/IMG_DATA/R10m/T19LCF_20220822T145729_B04_10m.tif,https://sentinel2l2a01.blob.core.windows.net/sentinel2-l2/19/L/CF/2022/08/22/S2B_MSIL2A_20220822T145729_N0400_R039_T19LCF_20220823T142834.SAFE/GRANULE/L2A_T19LCF_A028522_20220822T145726/IMG_DATA/R10m/T19LCF_20220822T145729_B08_10m.tif,https://sentinel2l2a01.blob.core.windows.net/sentinel2-l2/19/L/CF/2022/08/22/S2B_MSIL2A_20220822T145729_N0400_R039_T19LCF_20220823T142834.SAFE/GRANULE/L2A_T19LCF_A028522_20220822T145726/IMG_DATA/R20m/T19LCF_20220822T145729_SCL_20m.tif,,2026-08-09T23:20:24.475049Z,discovered
tambopata_test_area,diagnostic_holdout,2022,2022-06-01,2022-09-30,S2A_MSIL2A_20220814T144741_R139_T19LDF_20240703T134048,2022-08-14T14:47:41.024000Z,7.271267,Sentinel-2A,05.10,32719,sentinel-2-l2a,https://planetarycomputer.microsoft.com/api/stac/v1/collections/sentinel-2-l2a/items/S2A_MSIL2A_20220814T144741_R139_T19LDF_20240703T134048,"[-69.9249768,-13.6568684,-68.9097542,-12.6624301]",True,,https://sentinel2l2a01.blob.core.windows.net/sentinel2-l2/19/L/DF/2022/08/14/S2A_MSIL2A_20220814T144741_N0510_R139_T19LDF_20240703T134048.SAFE/GRANULE/L2A_T19LDF_A037316_20220814T144738/IMG_DATA/R10m/T19LDF_20220814T144741_B02_10m.tif,https://sentinel2l2a01.blob.core.windows.net/sentinel2-l2/19/L/DF/2022/08/14/S2A_MSIL2A_20220814T144741_N0510_R139_T19LDF_20240703T134048.SAFE/GRANULE/L2A_T19LDF_A037316_20220814T144738/IMG_DATA/R10m/T19LDF_20220814T144741_B03_10m.tif,https://sentinel2l2a01.blob.core.windows.net/sentinel2-l2/19/L/DF/2022/08/14/S2A_MSIL2A_20220814T144741_N0510_R139_T19LDF_20240703T134048.SAFE/GRANULE/L2A_T19LDF_A037316_20220814T144738/IMG_DATA/R10m/T19LDF_20220814T144741_B04_10m.tif,https://sentinel2l2a01.blob.core.windows.net/sentinel2-l2/19/L/DF/2022/08/14/S2A_MSIL2A_20220814T144741_N0510_R139_T19LDF_20240703T134048.SAFE/GRANULE/L2A_T19LDF_A037316_20220814T144738/IMG_DATA/R10m/T19LDF_20220814T144741_B08_10m.tif,https://sentinel2l2a01.blob.core.windows.net/sentinel2-l2/19/L/DF/2022/08/14/S2A_MSIL2A_20220814T144741_N0510_R139_T19LDF_20240703T134048.SAFE/GRANULE/L2A_T19LDF_A037316_20220814T144738/IMG_DATA/R20m/T19LDF_20220814T144741_SCL_20m.tif,,2026-08-09T23:20:24.475049Z,discovered
tambopata_test_area,diagnostic_holdout,2022,2022-06-01,2022-09-30,S2A_MSIL2A_20220814T144741_R139_T19LDF_20220815T071416,2022-08-14T14:47:41.024000Z,7.27175,Sentinel-2A,04.00,32719,sentinel-2-l2a,https://planetarycomputer.microsoft.com/api/stac/v1/collections/sentinel-2-l2a/items/S2A_MSIL2A_20220814T144741_R139_T19LDF_20220815T071416,"[-69.92499,-13.65686838,-68.90976,-12.66243013]",True,,https://sentinel2l2a01.blob.core.windows.net/sentinel2-l2/19/L/DF/2022/08/14/S2A_MSIL2A_20220814T144741_N0400_R139_T19LDF_20220815T071416.SAFE/GRANULE/L2A_T19LDF_A037316_20220814T144738/IMG_DATA/R10m/T19LDF_20220814T144741_B02_10m.tif,https://sentinel2l2a01.blob.core.windows.net/sentinel2-l2/19/L/DF/2022/08/14/S2A_MSIL2A_20220814T144741_N0400_R139_T19LDF_20220815T071416.SAFE/GRANULE/L2A_T19LDF_A037316_20220814T144738/IMG_DATA/R10m/T19LDF_20220814T144741_B03_10m.tif,https://sentinel2l2a01.blob.core.windows.net/sentinel2-l2/19/L/DF/2022/08/14/S2A_MSIL2A_20220814T144741_N0400_R139_T19LDF_20220815T071416.SAFE/GRANULE/L2A_T19LDF_A037316_20220814T144738/IMG_DATA/R10m/T19LDF_20220814T144741_B04_10m.tif,https://sentinel2l2a01.blob.core.windows.net/sentinel2-l2/19/L/DF/2022/08/14/S2A_MSIL2A_20220814T144741_N0400_R139_T19LDF_20220815T071416.SAFE/GRANULE/L2A_T19LDF_A037316_20220814T144738/IMG_DATA/R10m/T19LDF_20220814T144741_B08_10m.tif,https://sentinel2l2a01.blob.core.windows.net/sentinel2-l2/19/L/DF/2022/08/14/S2A_MSIL2A_20220814T144741_N0400_R139_T19LDF_20220815T071416.SAFE/GRANULE/L2A_T19LDF_A037316_20220814T144738/IMG_DATA/R20m/T19LDF_20220814T144741_SCL_20m.tif,,2026-08-09T23:20:24.475049Z,discovered
tambopata_test_area,diagnostic_holdout,2022,2022-06-01,2022-09-30,S2A_MSIL2A_20220814T144741_R139_T19LCF_20240703T134048,2022-08-14T14:47:41.024000Z,17.042051,Sentinel-2A,05.10,32719,sentinel-2-l2a,https://planetarycomputer.microsoft.com/api/stac/v1/collections/sentinel-2-l2a/items/S2A_MSIL2A_20220814T144741_R139_T19LCF_20240703T134048,"[-70.1374266,-13.6554833,-69.830652,-12.6623124]",True,,https://sentinel2l2a01.blob.core.windows.net/sentinel2-l2/19/L/CF/2022/08/14/S2A_MSIL2A_20220814T144741_N0510_R139_T19LCF_20240703T134048.SAFE/GRANULE/L2A_T19LCF_A037316_20220814T144738/IMG_DATA/R10m/T19LCF_20220814T144741_B02_10m.tif,https://sentinel2l2a01.blob.core.windows.net/sentinel2-l2/19/L/CF/2022/08/14/S2A_MSIL2A_20220814T144741_N0510_R139_T19LCF_20240703T134048.SAFE/GRANULE/L2A_T19LCF_A037316_20220814T144738/IMG_DATA/R10m/T19LCF_20220814T144741_B03_10m.tif,https://sentinel2l2a01.blob.core.windows.net/sentinel2-l2/19/L/CF/2022/08/14/S2A_MSIL2A_20220814T144741_N0510_R139_T19LCF_20240703T134048.SAFE/GRANULE/L2A_T19LCF_A037316_20220814T144738/IMG_DATA/R10m/T19LCF_20220814T144741_B04_10m.tif,https://sentinel2l2a01.blob.core.windows.net/sentinel2-l2/19/L/CF/2022/08/14/S2A_MSIL2A_20220814T144741_N0510_R139_T19LCF_20240703T134048.SAFE/GRANULE/L2A_T19LCF_A037316_20220814T144738/IMG_DATA/R10m/T19LCF_20220814T144741_B08_10m.tif,https://sentinel2l2a01.blob.core.windows.net/sentinel2-l2/19/L/CF/2022/08/14/S2A_MSIL2A_20220814T144741_N0510_R139_T19LCF_20240703T134048.SAFE/GRANULE/L2A_T19LCF_A037316_20220814T144738/IMG_DATA/R20m/T19LCF_20220814T144741_SCL_20m.tif,,2026-08-09T23:20:24.475049Z,discovered
tambopata_test_area,diagnostic_holdout,2022,2022-06-01,2022-09-30,S2A_MSIL2A_20220814T144741_R139_T19LCF_20220815T060901,2022-08-14T14:47:41.024000Z,17.05485,Sentinel-2A,04.00,32719,sentinel-2-l2a,https://planetarycomputer.microsoft.com/api/stac/v1/collections/sentinel-2-l2a/items/S2A_MSIL2A_20220814T144741_R139_T19LCF_20220815T060901,"[-70.13742,-13.65548332,-69.83066,-12.66231238]",True,,https://sentinel2l2a01.blob.core.windows.net/sentinel2-l2/19/L/CF/2022/08/14/S2A_MSIL2A_20220814T144741_N0400_R139_T19LCF_20220815T060901.SAFE/GRANULE/L2A_T19LCF_A037316_20220814T144738/IMG_DATA/R10m/T19LCF_20220814T144741_B02_10m.tif,https://sentinel2l2a01.blob.core.windows.net/sentinel2-l2/19/L/CF/2022/08/14/S2A_MSIL2A_20220814T144741_N0400_R139_T19LCF_20220815T060901.SAFE/GRANULE/L2A_T19LCF_A037316_20220814T144738/IMG_DATA/R10m/T19LCF_20220814T144741_B03_10m.tif,https://sentinel2l2a01.blob.core.windows.net/sentinel2-l2/19/L/CF/2022/08/14/S2A_MSIL2A_20220814T144741_N0400_R139_T19LCF_20220815T060901.SAFE/GRANULE/L2A_T19LCF_A037316_20220814T144738/IMG_DATA/R10m/T19LCF_20220814T144741_B04_10m.tif,https://sentinel2l2a01.blob.core.windows.net/sentinel2-l2/19/L/CF/2022/08/14/S2A_MSIL2A_20220814T144741_N0400_R139_T19LCF_20220815T060901.SAFE/GRANULE/L2A_T19LCF_A037316_20220814T144738/IMG_DATA/R10m/T19LCF_20220814T144741_B08_10m.tif,https://sentinel2l2a01.blob.core.windows.net/sentinel2-l2/19/L/CF/2022/08/14/S2A_MSIL2A_20220814T144741_N0400_R139_T19LCF_20220815T060901.SAFE/GRANULE/L2A_T19LCF_A037316_20220814T144738/IMG_DATA/R20m/T19LCF_20220814T144741_SCL_20m.tif,,2026-08-09T23:20:24.475049Z,discovered
tambopata_test_area,diagnostic_holdout,2022,2022-06-01,2022-09-30,S2B_MSIL2A_20220812T145729_R039_T19LDF_20240711T032928,2022-08-12T14:57:29.024000Z,14.314283,Sentinel-2B,05.10,32719,sentinel-2-l2a,https://planetarycomputer.microsoft.com/api/stac/v1/collections/sentinel-2-l2a/items/S2B_MSIL2A_20220812T145729_R039_T19LDF_20240711T032928,"[-69.9249768,-13.6552682,-69.6391729,-12.6624126]",True,,https://sentinel2l2a01.blob.core.windows.net/sentinel2-l2/19/L/DF/2022/08/12/S2B_MSIL2A_20220812T145729_N0510_R039_T19LDF_20240711T032928.SAFE/GRANULE/L2A_T19LDF_A028379_20220812T145729/IMG_DATA/R10m/T19LDF_20220812T145729_B02_10m.tif,https://sentinel2l2a01.blob.core.windows.net/sentinel2-l2/19/L/DF/2022/08/12/S2B_MSIL2A_20220812T145729_N0510_R039_T19LDF_20240711T032928.SAFE/GRANULE/L2A_T19LDF_A028379_20220812T145729/IMG_DATA/R10m/T19LDF_20220812T145729_B03_10m.tif,https://sentinel2l2a01.blob.core.windows.net/sentinel2-l2/19/L/DF/2022/08/12/S2B_MSIL2A_20220812T145729_N0510_R039_T19LDF_20240711T032928.SAFE/GRANULE/L2A_T19LDF_A028379_20220812T145729/IMG_DATA/R10m/T19LDF_20220812T145729_B04_10m.tif,https://sentinel2l2a01.blob.core.windows.net/sentinel2-l2/19/L/DF/2022/08/12/S2B_MSIL2A_20220812T145729_N0510_R039_T19LDF_20240711T032928.SAFE/GRANULE/L2A_T19LDF_A028379_20220812T145729/IMG_DATA/R10m/T19LDF_20220812T145729_B08_10m.tif,https://sentinel2l2a01.blob.core.windows.net/sentinel2-l2/19/L/DF/2022/08/12/S2B_MSIL2A_20220812T145729_N0510_R039_T19LDF_20240711T032928.SAFE/GRANULE/L2A_T19LDF_A028379_20220812T145729/IMG_DATA/R20m/T19LDF_20220812T145729_SCL_20m.tif,,2026-08-09T23:20:24.475049Z,discovered
tambopata_test_area,diagnostic_holdout,2022,2022-06-01,2022-09-30,S2B_MSIL2A_20220812T145729_R039_T19LDF_20220813T013815,2022-08-12T14:57:29.024000Z,14.310314,Sentinel-2B,04.00,32719,sentinel-2-l2a,https://planetarycomputer.microsoft.com/api/stac/v1/collections/sentinel-2-l2a/items/S2B_MSIL2A_20220812T145729_R039_T19LDF_20220813T013815,"[-69.92499,-13.65526824,-69.63916,-12.66241263]",True,,https://sentinel2l2a01.blob.core.windows.net/sentinel2-l2/19/L/DF/2022/08/12/S2B_MSIL2A_20220812T145729_N0400_R039_T19LDF_20220813T013815.SAFE/GRANULE/L2A_T19LDF_A028379_20220812T145729/IMG_DATA/R10m/T19LDF_20220812T145729_B02_10m.tif,https://sentinel2l2a01.blob.core.windows.net/sentinel2-l2/19/L/DF/2022/08/12/S2B_MSIL2A_20220812T145729_N0400_R039_T19LDF_20220813T013815.SAFE/GRANULE/L2A_T19LDF_A028379_20220812T145729/IMG_DATA/R10m/T19LDF_20220812T145729_B03_10m.tif,https://sentinel2l2a01.blob.core.windows.net/sentinel2-l2/19/L/DF/2022/08/12/S2B_MSIL2A_20220812T145729_N0400_R039_T19LDF_20220813T013815.SAFE/GRANULE/L2A_T19LDF_A028379_20220812T145729/IMG_DATA/R10m/T19LDF_20220812T145729_B04_10m.tif,https://sentinel2l2a01.blob.core.windows.net/sentinel2-l2/19/L/DF/2022/08/12/S2B_MSIL2A_20220812T145729_N0400_R039_T19LDF_20220813T013815.SAFE/GRANULE/L2A_T19LDF_A028379_20220812T145729/IMG_DATA/R10m/T19LDF_20220812T145729_B08_10m.tif,https://sentinel2l2a01.blob.core.windows.net/sentinel2-l2/19/L/DF/2022/08/12/S2B_MSIL2A_20220812T145729_N0400_R039_T19LDF_20220813T013815.SAFE/GRANULE/L2A_T19LDF_A028379_20220812T145729/IMG_DATA/R20m/T19LDF_20220812T145729_SCL_20m.tif,,2026-08-09T23:20:24.475049Z,discovered
tambopata_test_area,diagnostic_holdout,2022,2022-06-01,2022-09-30,S2A_MSIL2A_20220728T145741_R039_T19LDF_20220729T211851,2022-07-28T14:57:41.024000Z,15.478227,Sentinel-2A,04.00,32719,sentinel-2-l2a,https://planetarycomputer.microsoft.com/api/stac/v1/collections/sentinel-2-l2a/items/S2A_MSIL2A_20220728T145741_R039_T19LDF_20220729T211851,"[-69.92499,-13.65527161,-69.63605,-12.66241263]",True,,https://sentinel2l2a01.blob.core.windows.net/sentinel2-l2/19/L/DF/2022/07/28/S2A_MSIL2A_20220728T145741_N0400_R039_T19LDF_20220729T211851.SAFE/GRANULE/L2A_T19LDF_A037073_20220728T150430/IMG_DATA/R10m/T19LDF_20220728T145741_B02_10m.tif,https://sentinel2l2a01.blob.core.windows.net/sentinel2-l2/19/L/DF/2022/07/28/S2A_MSIL2A_20220728T145741_N0400_R039_T19LDF_20220729T211851.SAFE/GRANULE/L2A_T19LDF_A037073_20220728T150430/IMG_DATA/R10m/T19LDF_20220728T145741_B03_10m.tif,https://sentinel2l2a01.blob.core.windows.net/sentinel2-l2/19/L/DF/2022/07/28/S2A_MSIL2A_20220728T145741_N0400_R039_T19LDF_20220729T211851.SAFE/GRANULE/L2A_T19LDF_A037073_20220728T150430/IMG_DATA/R10m/T19LDF_20220728T145741_B04_10m.tif,https://sentinel2l2a01.blob.core.windows.net/sentinel2-l2/19/L/DF/2022/07/28/S2A_MSIL2A_20220728T145741_N0400_R039_T19LDF_20220729T211851.SAFE/GRANULE/L2A_T19LDF_A037073_20220728T150430/IMG_DATA/R10m/T19LDF_20220728T145741_B08_10m.tif,https://sentinel2l2a01.blob.core.windows.net/sentinel2-l2/19/L/DF/2022/07/28/S2A_MSIL2A_20220728T145741_N0400_R039_T19LDF_20220729T211851.SAFE/GRANULE/L2A_T19LDF_A037073_20220728T150430/IMG_DATA/R20m/T19LDF_20220728T145741_SCL_20m.tif,,2026-08-09T23:20:24.475049Z,discovered
tambopata_test_area,diagnostic_holdout,2022,2022-06-01,2022-09-30,S2A_MSIL2A_20220728T145741_R039_T19LCF_20220729T214335,2022-07-28T14:57:41.024000Z,14.730121,Sentinel-2A,04.00,32719,sentinel-2-l2a,https://planetarycomputer.microsoft.com/api/stac/v1/collections/sentinel-2-l2a/items/S2A_MSIL2A_20220728T145741_R039_T19LCF_20220729T214335,"[-70.84897,-13.65534729,-69.83066,-12.65763659]",True,,https://sentinel2l2a01.blob.core.windows.net/sentinel2-l2/19/L/CF/2022/07/28/S2A_MSIL2A_20220728T145741_N0400_R039_T19LCF_20220729T214335.SAFE/GRANULE/L2A_T19LCF_A037073_20220728T150430/IMG_DATA/R10m/T19LCF_20220728T145741_B02_10m.tif,https://sentinel2l2a01.blob.core.windows.net/sentinel2-l2/19/L/CF/2022/07/28/S2A_MSIL2A_20220728T145741_N0400_R039_T19LCF_20220729T214335.SAFE/GRANULE/L2A_T19LCF_A037073_20220728T150430/IMG_DATA/R10m/T19LCF_20220728T145741_B03_10m.tif,https://sentinel2l2a01.blob.core.windows.net/sentinel2-l2/19/L/CF/2022/07/28/S2A_MSIL2A_20220728T145741_N0400_R039_T19LCF_20220729T214335.SAFE/GRANULE/L2A_T19LCF_A037073_20220728T150430/IMG_DATA/R10m/T19LCF_20220728T145741_B04_10m.tif,https://sentinel2l2a01.blob.core.windows.net/sentinel2-l2/19/L/CF/2022/07/28/S2A_MSIL2A_20220728T145741_N0400_R039_T19LCF_20220729T214335.SAFE/GRANULE/L2A_T19LCF_A037073_20220728T150430/IMG_DATA/R10m/T19LCF_20220728T145741_B08_10m.tif,https://sentinel2l2a01.blob.core.windows.net/sentinel2-l2/19/L/CF/2022/07/28/S2A_MSIL2A_20220728T145741_N0400_R039_T19LCF_20220729T214335.SAFE/GRANULE/L2A_T19LCF_A037073_20220728T150430/IMG_DATA/R20m/T19LCF_20220728T145741_SCL_20m.tif,,2026-08-09T23:20:24.475049Z,discovered
tambopata_test_area,diagnostic_holdout,2022,2022-06-01,2022-09-30,S2A_MSIL2A_20220705T144741_R139_T19LDF_20220707T072247,2022-07-05T14:47:41.024000Z,14.283326,Sentinel-2A,04.00,32719,sentinel-2-l2a,https://planetarycomputer.microsoft.com/api/stac/v1/collections/sentinel-2-l2a/items/S2A_MSIL2A_20220705T144741_R139_T19LDF_20220707T072247,"[-69.92499,-13.65686838,-68.90976,-12.66242033]",True,,https://sentinel2l2a01.blob.core.windows.net/sentinel2-l2/19/L/DF/2022/07/05/S2A_MSIL2A_20220705T144741_N0400_R139_T19LDF_20220707T072247.SAFE/GRANULE/L2A_T19LDF_A036744_20220705T145550/IMG_DATA/R10m/T19LDF_20220705T144741_B02_10m.tif,https://sentinel2l2a01.blob.core.windows.net/sentinel2-l2/19/L/DF/2022/07/05/S2A_MSIL2A_20220705T144741_N0400_R139_T19LDF_20220707T072247.SAFE/GRANULE/L2A_T19LDF_A036744_20220705T145550/IMG_DATA/R10m/T19LDF_20220705T144741_B03_10m.tif,https://sentinel2l2a01.blob.core.windows.net/sentinel2-l2/19/L/DF/2022/07/05/S2A_MSIL2A_20220705T144741_N0400_R139_T19LDF_20220707T072247.SAFE/GRANULE/L2A_T19LDF_A036744_20220705T145550/IMG_DATA/R10m/T19LDF_20220705T144741_B04_10m.tif,https://sentinel2l2a01.blob.core.windows.net/sentinel2-l2/19/L/DF/2022/07/05/S2A_MSIL2A_20220705T144741_N0400_R139_T19LDF_20220707T072247.SAFE/GRANULE/L2A_T19LDF_A036744_20220705T145550/IMG_DATA/R10m/T19LDF_20220705T144741_B08_10m.tif,https://sentinel2l2a01.blob.core.windows.net/sentinel2-l2/19/L/DF/2022/07/05/S2A_MSIL2A_20220705T144741_N0400_R139_T19LDF_20220707T072247.SAFE/GRANULE/L2A_T19LDF_A036744_20220705T145550/IMG_DATA/R20m/T19LDF_20220705T144741_SCL_20m.tif,,2026-08-09T23:20:24.475049Z,discovered
tambopata_test_area,diagnostic_holdout,2022,2022-06-01,2022-09-30,S2A_MSIL2A_20220618T145741_R039_T19LDF_20220620T171254,2022-06-18T14:57:41.024000Z,7.488926,Sentinel-2A,04.00,32719,sentinel-2-l2a,https://planetarycomputer.microsoft.com/api/stac/v1/collections/sentinel-2-l2a/items/S2A_MSIL2A_20220618T145741_R039_T19LDF_20220620T171254,"[-69.92499,-13.65524637,-69.652435,-12.66241263]",True,,https://sentinel2l2a01.blob.core.windows.net/sentinel2-l2/19/L/DF/2022/06/18/S2A_MSIL2A_20220618T145741_N0400_R039_T19LDF_20220620T171254.SAFE/GRANULE/L2A_T19LDF_A036501_20220618T150512/IMG_DATA/R10m/T19LDF_20220618T145741_B02_10m.tif,https://sentinel2l2a01.blob.core.windows.net/sentinel2-l2/19/L/DF/2022/06/18/S2A_MSIL2A_20220618T145741_N0400_R039_T19LDF_20220620T171254.SAFE/GRANULE/L2A_T19LDF_A036501_20220618T150512/IMG_DATA/R10m/T19LDF_20220618T145741_B03_10m.tif,https://sentinel2l2a01.blob.core.windows.net/sentinel2-l2/19/L/DF/2022/06/18/S2A_MSIL2A_20220618T145741_N0400_R039_T19LDF_20220620T171254.SAFE/GRANULE/L2A_T19LDF_A036501_20220618T150512/IMG_DATA/R10m/T19LDF_20220618T145741_B04_10m.tif,https://sentinel2l2a01.blob.core.windows.net/sentinel2-l2/19/L/DF/2022/06/18/S2A_MSIL2A_20220618T145741_N0400_R039_T19LDF_20220620T171254.SAFE/GRANULE/L2A_T19LDF_A036501_20220618T150512/IMG_DATA/R10m/T19LDF_20220618T145741_B08_10m.tif,https://sentinel2l2a01.blob.core.windows.net/sentinel2-l2/19/L/DF/2022/06/18/S2A_MSIL2A_20220618T145741_N0400_R039_T19LDF_20220620T171254.SAFE/GRANULE/L2A_T19LDF_A036501_20220618T150512/IMG_DATA/R20m/T19LDF_20220618T145741_SCL_20m.tif,,2026-08-09T23:20:24.475049Z,discovered
tambopata_test_area,diagnostic_holdout,2022,2022-06-01,2022-09-30,S2A_MSIL2A_20220615T144741_R139_T19LDF_20240620T023425,2022-06-15T14:47:41.024000Z,2.120308,Sentinel-2A,05.10,32719,sentinel-2-l2a,https://planetarycomputer.microsoft.com/api/stac/v1/collections/sentinel-2-l2a/items/S2A_MSIL2A_20220615T144741_R139_T19LDF_20240620T023425,"[-69.9249768,-13.6568684,-68.9097542,-12.6624266]",True,,https://sentinel2l2a01.blob.core.windows.net/sentinel2-l2/19/L/DF/2022/06/15/S2A_MSIL2A_20220615T144741_N0510_R139_T19LDF_20240620T023425.SAFE/GRANULE/L2A_T19LDF_A036458_20220615T144741/IMG_DATA/R10m/T19LDF_20220615T144741_B02_10m.tif,https://sentinel2l2a01.blob.core.windows.net/sentinel2-l2/19/L/DF/2022/06/15/S2A_MSIL2A_20220615T144741_N0510_R139_T19LDF_20240620T023425.SAFE/GRANULE/L2A_T19LDF_A036458_20220615T144741/IMG_DATA/R10m/T19LDF_20220615T144741_B03_10m.tif,https://sentinel2l2a01.blob.core.windows.net/sentinel2-l2/19/L/DF/2022/06/15/S2A_MSIL2A_20220615T144741_N0510_R139_T19LDF_20240620T023425.SAFE/GRANULE/L2A_T19LDF_A036458_20220615T144741/IMG_DATA/R10m/T19LDF_20220615T144741_B04_10m.tif,https://sentinel2l2a01.blob.core.windows.net/sentinel2-l2/19/L/DF/2022/06/15/S2A_MSIL2A_20220615T144741_N0510_R139_T19LDF_20240620T023425.SAFE/GRANULE/L2A_T19LDF_A036458_20220615T144741/IMG_DATA/R10m/T19LDF_20220615T144741_B08_10m.tif,https://sentinel2l2a01.blob.core.windows.net/sentinel2-l2/19/L/DF/2022/06/15/S2A_MSIL2A_20220615T144741_N0510_R139_T19LDF_20240620T023425.SAFE/GRANULE/L2A_T19LDF_A036458_20220615T144741/IMG_DATA/R20m/T19LDF_20220615T144741_SCL_20m.tif,,2026-08-09T23:20:24.475049Z,discovered
tambopata_test_area,diagnostic_holdout,2022,2022-06-01,2022-09-30,S2A_MSIL2A_20220615T144741_R139_T19LDF_20220618T164257,2022-06-15T14:47:41.024000Z,2.115704,Sentinel-2A,04.00,32719,sentinel-2-l2a,https://planetarycomputer.microsoft.com/api/stac/v1/collections/sentinel-2-l2a/items/S2A_MSIL2A_20220615T144741_R139_T19LDF_20220618T164257,"[-69.92499,-13.65686838,-68.90976,-12.66242657]",True,,https://sentinel2l2a01.blob.core.windows.net/sentinel2-l2/19/L/DF/2022/06/15/S2A_MSIL2A_20220615T144741_N0400_R139_T19LDF_20220618T164257.SAFE/GRANULE/L2A_T19LDF_A036458_20220615T144741/IMG_DATA/R10m/T19LDF_20220615T144741_B02_10m.tif,https://sentinel2l2a01.blob.core.windows.net/sentinel2-l2/19/L/DF/2022/06/15/S2A_MSIL2A_20220615T144741_N0400_R139_T19LDF_20220618T164257.SAFE/GRANULE/L2A_T19LDF_A036458_20220615T144741/IMG_DATA/R10m/T19LDF_20220615T144741_B03_10m.tif,https://sentinel2l2a01.blob.core.windows.net/sentinel2-l2/19/L/DF/2022/06/15/S2A_MSIL2A_20220615T144741_N0400_R139_T19LDF_20220618T164257.SAFE/GRANULE/L2A_T19LDF_A036458_20220615T144741/IMG_DATA/R10m/T19LDF_20220615T144741_B04_10m.tif,https://sentinel2l2a01.blob.core.windows.net/sentinel2-l2/19/L/DF/2022/06/15/S2A_MSIL2A_20220615T144741_N0400_R139_T19LDF_20220618T164257.SAFE/GRANULE/L2A_T19LDF_A036458_20220615T144741/IMG_DATA/R10m/T19LDF_20220615T144741_B08_10m.tif,https://sentinel2l2a01.blob.core.windows.net/sentinel2-l2/19/L/DF/2022/06/15/S2A_MSIL2A_20220615T144741_N0400_R139_T19LDF_20220618T164257.SAFE/GRANULE/L2A_T19LDF_A036458_20220615T144741/IMG_DATA/R20m/T19LDF_20220615T144741_SCL_20m.tif,,2026-08-09T23:20:24.475049Z,discovered
tambopata_test_area,diagnostic_holdout,2022,2022-06-01,2022-09-30,S2A_MSIL2A_20220615T144741_R139_T19LCF_20240620T023425,2022-06-15T14:47:41.024000Z,15.893771,Sentinel-2A,05.10,32719,sentinel-2-l2a,https://planetarycomputer.microsoft.com/api/stac/v1/collections/sentinel-2-l2a/items/S2A_MSIL2A_20220615T144741_R139_T19LCF_20240620T023425,"[-70.1419221,-13.6554833,-69.830652,-12.6623009]",True,,https://sentinel2l2a01.blob.core.windows.net/sentinel2-l2/19/L/CF/2022/06/15/S2A_MSIL2A_20220615T144741_N0510_R139_T19LCF_20240620T023425.SAFE/GRANULE/L2A_T19LCF_A036458_20220615T144741/IMG_DATA/R10m/T19LCF_20220615T144741_B02_10m.tif,https://sentinel2l2a01.blob.core.windows.net/sentinel2-l2/19/L/CF/2022/06/15/S2A_MSIL2A_20220615T144741_N0510_R139_T19LCF_20240620T023425.SAFE/GRANULE/L2A_T19LCF_A036458_20220615T144741/IMG_DATA/R10m/T19LCF_20220615T144741_B03_10m.tif,https://sentinel2l2a01.blob.core.windows.net/sentinel2-l2/19/L/CF/2022/06/15/S2A_MSIL2A_20220615T144741_N0510_R139_T19LCF_20240620T023425.SAFE/GRANULE/L2A_T19LCF_A036458_20220615T144741/IMG_DATA/R10m/T19LCF_20220615T144741_B04_10m.tif,https://sentinel2l2a01.blob.core.windows.net/sentinel2-l2/19/L/CF/2022/06/15/S2A_MSIL2A_20220615T144741_N0510_R139_T19LCF_20240620T023425.SAFE/GRANULE/L2A_T19LCF_A036458_20220615T144741/IMG_DATA/R10m/T19LCF_20220615T144741_B08_10m.tif,https://sentinel2l2a01.blob.core.windows.net/sentinel2-l2/19/L/CF/2022/06/15/S2A_MSIL2A_20220615T144741_N0510_R139_T19LCF_20240620T023425.SAFE/GRANULE/L2A_T19LCF_A036458_20220615T144741/IMG_DATA/R20m/T19LCF_20220615T144741_SCL_20m.tif,,2026-08-09T23:20:24.475049Z,discovered
tambopata_test_area,diagnostic_holdout,2022,2022-06-01,2022-09-30,S2A_MSIL2A_20220615T144741_R139_T19LCF_20220618T175125,2022-06-15T14:47:41.024000Z,15.962695,Sentinel-2A,04.00,32719,sentinel-2-l2a,https://planetarycomputer.microsoft.com/api/stac/v1/collections/sentinel-2-l2a/items/S2A_MSIL2A_20220615T144741_R139_T19LCF_20220618T175125,"[-70.14191,-13.65548332,-69.83066,-12.66230095]",True,,https://sentinel2l2a01.blob.core.windows.net/sentinel2-l2/19/L/CF/2022/06/15/S2A_MSIL2A_20220615T144741_N0400_R139_T19LCF_20220618T175125.SAFE/GRANULE/L2A_T19LCF_A036458_20220615T144741/IMG_DATA/R10m/T19LCF_20220615T144741_B02_10m.tif,https://sentinel2l2a01.blob.core.windows.net/sentinel2-l2/19/L/CF/2022/06/15/S2A_MSIL2A_20220615T144741_N0400_R139_T19LCF_20220618T175125.SAFE/GRANULE/L2A_T19LCF_A036458_20220615T144741/IMG_DATA/R10m/T19LCF_20220615T144741_B03_10m.tif,https://sentinel2l2a01.blob.core.windows.net/sentinel2-l2/19/L/CF/2022/06/15/S2A_MSIL2A_20220615T144741_N0400_R139_T19LCF_20220618T175125.SAFE/GRANULE/L2A_T19LCF_A036458_20220615T144741/IMG_DATA/R10m/T19LCF_20220615T144741_B04_10m.tif,https://sentinel2l2a01.blob.core.windows.net/sentinel2-l2/19/L/CF/2022/06/15/S2A_MSIL2A_20220615T144741_N0400_R139_T19LCF_20220618T175125.SAFE/GRANULE/L2A_T19LCF_A036458_20220615T144741/IMG_DATA/R10m/T19LCF_20220615T144741_B08_10m.tif,https://sentinel2l2a01.blob.core.windows.net/sentinel2-l2/19/L/CF/2022/06/15/S2A_MSIL2A_20220615T144741_N0400_R139_T19LCF_20220618T175125.SAFE/GRANULE/L2A_T19LCF_A036458_20220615T144741/IMG_DATA/R20m/T19LCF_20220615T144741_SCL_20m.tif,,2026-08-09T23:20:24.475049Z,discovered
tambopata_test_area,diagnostic_holdout,2022,2022-06-01,2022-09-30,S2B_MSIL2A_20220613T145729_R039_T19LDF_20220614T102611,2022-06-13T14:57:29.024000Z,1.22332,Sentinel-2B,04.00,32719,sentinel-2-l2a,https://planetarycomputer.microsoft.com/api/stac/v1/collections/sentinel-2-l2a/items/S2B_MSIL2A_20220613T145729_R039_T19LDF_20220614T102611,"[-69.92497681,-13.65524385,-69.65333453,-12.66241263]",True,,https://sentinel2l2a01.blob.core.windows.net/sentinel2-l2/19/L/DF/2022/06/13/S2B_MSIL2A_20220613T145729_N0400_R039_T19LDF_20220614T102611.SAFE/GRANULE/L2A_T19LDF_A027521_20220613T145913/IMG_DATA/R10m/T19LDF_20220613T145729_B02_10m.tif,https://sentinel2l2a01.blob.core.windows.net/sentinel2-l2/19/L/DF/2022/06/13/S2B_MSIL2A_20220613T145729_N0400_R039_T19LDF_20220614T102611.SAFE/GRANULE/L2A_T19LDF_A027521_20220613T145913/IMG_DATA/R10m/T19LDF_20220613T145729_B03_10m.tif,https://sentinel2l2a01.blob.core.windows.net/sentinel2-l2/19/L/DF/2022/06/13/S2B_MSIL2A_20220613T145729_N0400_R039_T19LDF_20220614T102611.SAFE/GRANULE/L2A_T19LDF_A027521_20220613T145913/IMG_DATA/R10m/T19LDF_20220613T145729_B04_10m.tif,https://sentinel2l2a01.blob.core.windows.net/sentinel2-l2/19/L/DF/2022/06/13/S2B_MSIL2A_20220613T145729_N0400_R039_T19LDF_20220614T102611.SAFE/GRANULE/L2A_T19LDF_A027521_20220613T145913/IMG_DATA/R10m/T19LDF_20220613T145729_B08_10m.tif,https://sentinel2l2a01.blob.core.windows.net/sentinel2-l2/19/L/DF/2022/06/13/S2B_MSIL2A_20220613T145729_N0400_R039_T19LDF_20220614T102611.SAFE/GRANULE/L2A_T19LDF_A027521_20220613T145913/IMG_DATA/R20m/T19LDF_20220613T145729_SCL_20m.tif,,2026-08-09T23:20:24.475049Z,discovered
tambopata_test_area,diagnostic_holdout,2022,2022-06-01,2022-09-30,S2B_MSIL2A_20220613T145729_R039_T19LCF_20220614T100200,2022-06-13T14:57:29.024000Z,0.42632,Sentinel-2B,04.00,32719,sentinel-2-l2a,https://planetarycomputer.microsoft.com/api/stac/v1/collections/sentinel-2-l2a/items/S2B_MSIL2A_20220613T145729_R039_T19LCF_20220614T100200,"[-70.8489584,-13.65525815,-69.830652,-12.65763659]",True,,https://sentinel2l2a01.blob.core.windows.net/sentinel2-l2/19/L/CF/2022/06/13/S2B_MSIL2A_20220613T145729_N0400_R039_T19LCF_20220614T100200.SAFE/GRANULE/L2A_T19LCF_A027521_20220613T145913/IMG_DATA/R10m/T19LCF_20220613T145729_B02_10m.tif,https://sentinel2l2a01.blob.core.windows.net/sentinel2-l2/19/L/CF/2022/06/13/S2B_MSIL2A_20220613T145729_N0400_R039_T19LCF_20220614T100200.SAFE/GRANULE/L2A_T19LCF_A027521_20220613T145913/IMG_DATA/R10m/T19LCF_20220613T145729_B03_10m.tif,https://sentinel2l2a01.blob.core.windows.net/sentinel2-l2/19/L/CF/2022/06/13/S2B_MSIL2A_20220613T145729_N0400_R039_T19LCF_20220614T100200.SAFE/GRANULE/L2A_T19LCF_A027521_20220613T145913/IMG_DATA/R10m/T19LCF_20220613T145729_B04_10m.tif,https://sentinel2l2a01.blob.core.windows.net/sentinel2-l2/19/L/CF/2022/06/13/S2B_MSIL2A_20220613T145729_N0400_R039_T19LCF_20220614T100200.SAFE/GRANULE/L2A_T19LCF_A027521_20220613T145913/IMG_DATA/R10m/T19LCF_20220613T145729_B08_10m.tif,https://sentinel2l2a01.blob.core.windows.net/sentinel2-l2/19/L/CF/2022/06/13/S2B_MSIL2A_20220613T145729_N0400_R039_T19LCF_20220614T100200.SAFE/GRANULE/L2A_T19LCF_A027521_20220613T145913/IMG_DATA/R20m/T19LCF_20220613T145729_SCL_20m.tif,,2026-08-09T23:20:24.475049Z,discovered
iberia_final_holdout,final_geographic_holdout,2018,2018-06-01,2018-09-30,S2A_MSIL2A_20180917T145721_R039_T19LDH_20201009T015946,2018-09-17T14:57:21.024000Z,12.175205,Sentinel-2A,02.12,32719,sentinel-2-l2a,https://planetarycomputer.microsoft.com/api/stac/v1/collections/sentinel-2-l2a/items/S2A_MSIL2A_20180917T145721_R039_T19LDH_20201009T015946,"[-69.91843519893892,-11.847664256209981,-69.24549163944282,-10.854120303387177]",True,,https://sentinel2l2a01.blob.core.windows.net/sentinel2-l2/19/L/DH/2018/09/17/S2A_MSIL2A_20180917T145721_N0212_R039_T19LDH_20201009T015946.SAFE/GRANULE/L2A_T19LDH_A016910_20180917T150307/IMG_DATA/R10m/T19LDH_20180917T145721_B02_10m.tif,https://sentinel2l2a01.blob.core.windows.net/sentinel2-l2/19/L/DH/2018/09/17/S2A_MSIL2A_20180917T145721_N0212_R039_T19LDH_20201009T015946.SAFE/GRANULE/L2A_T19LDH_A016910_20180917T150307/IMG_DATA/R10m/T19LDH_20180917T145721_B03_10m.tif,https://sentinel2l2a01.blob.core.windows.net/sentinel2-l2/19/L/DH/2018/09/17/S2A_MSIL2A_20180917T145721_N0212_R039_T19LDH_20201009T015946.SAFE/GRANULE/L2A_T19LDH_A016910_20180917T150307/IMG_DATA/R10m/T19LDH_20180917T145721_B04_10m.tif,https://sentinel2l2a01.blob.core.windows.net/sentinel2-l2/19/L/DH/2018/09/17/S2A_MSIL2A_20180917T145721_N0212_R039_T19LDH_20201009T015946.SAFE/GRANULE/L2A_T19LDH_A016910_20180917T150307/IMG_DATA/R10m/T19LDH_20180917T145721_B08_10m.tif,https://sentinel2l2a01.blob.core.windows.net/sentinel2-l2/19/L/DH/2018/09/17/S2A_MSIL2A_20180917T145721_N0212_R039_T19LDH_20201009T015946.SAFE/GRANULE/L2A_T19LDH_A016910_20180917T150307/IMG_DATA/R20m/T19LDH_20180917T145721_SCL_20m.tif,,2026-08-09T23:20:24.475049Z,discovered
iberia_final_holdout,final_geographic_holdout,2018,2018-06-01,2018-09-30,S2B_MSIL2A_20180912T145719_R039_T19LDH_20201009T003252,2018-09-12T14:57:19.024000Z,0.141852,Sentinel-2B,02.12,32719,sentinel-2-l2a,https://planetarycomputer.microsoft.com/api/stac/v1/collections/sentinel-2-l2a/items/S2B_MSIL2A_20180912T145719_R039_T19LDH_20201009T003252,"[-69.91843,-11.847686943508279,-69.230255,-10.854120303387177]",True,,https://sentinel2l2a01.blob.core.windows.net/sentinel2-l2/19/L/DH/2018/09/12/S2B_MSIL2A_20180912T145719_N0212_R039_T19LDH_20201009T003252.SAFE/GRANULE/L2A_T19LDH_A007930_20180912T145825/IMG_DATA/R10m/T19LDH_20180912T145719_B02_10m.tif,https://sentinel2l2a01.blob.core.windows.net/sentinel2-l2/19/L/DH/2018/09/12/S2B_MSIL2A_20180912T145719_N0212_R039_T19LDH_20201009T003252.SAFE/GRANULE/L2A_T19LDH_A007930_20180912T145825/IMG_DATA/R10m/T19LDH_20180912T145719_B03_10m.tif,https://sentinel2l2a01.blob.core.windows.net/sentinel2-l2/19/L/DH/2018/09/12/S2B_MSIL2A_20180912T145719_N0212_R039_T19LDH_20201009T003252.SAFE/GRANULE/L2A_T19LDH_A007930_20180912T145825/IMG_DATA/R10m/T19LDH_20180912T145719_B04_10m.tif,https://sentinel2l2a01.blob.core.windows.net/sentinel2-l2/19/L/DH/2018/09/12/S2B_MSIL2A_20180912T145719_N0212_R039_T19LDH_20201009T003252.SAFE/GRANULE/L2A_T19LDH_A007930_20180912T145825/IMG_DATA/R10m/T19LDH_20180912T145719_B08_10m.tif,https://sentinel2l2a01.blob.core.windows.net/sentinel2-l2/19/L/DH/2018/09/12/S2B_MSIL2A_20180912T145719_N0212_R039_T19LDH_20201009T003252.SAFE/GRANULE/L2A_T19LDH_A007930_20180912T145825/IMG_DATA/R20m/T19LDH_20180912T145719_SCL_20m.tif,,2026-08-09T23:20:24.475049Z,discovered
iberia_final_holdout,final_geographic_holdout,2018,2018-06-01,2018-09-30,S2B_MSIL2A_20180909T144719_R139_T19LDH_20201008T232543,2018-09-09T14:47:19.024000Z,0.53745,Sentinel-2B,02.12,32719,sentinel-2-l2a,https://planetarycomputer.microsoft.com/api/stac/v1/collections/sentinel-2-l2a/items/S2B_MSIL2A_20180909T144719_R139_T19LDH_20201008T232543,"[-69.700745,-11.848475404292838,-68.9104,-10.854716845065793]",True,,https://sentinel2l2a01.blob.core.windows.net/sentinel2-l2/19/L/DH/2018/09/09/S2B_MSIL2A_20180909T144719_N0212_R139_T19LDH_20201008T232543.SAFE/GRANULE/L2A_T19LDH_A007887_20180909T145159/IMG_DATA/R10m/T19LDH_20180909T144719_B02_10m.tif,https://sentinel2l2a01.blob.core.windows.net/sentinel2-l2/19/L/DH/2018/09/09/S2B_MSIL2A_20180909T144719_N0212_R139_T19LDH_20201008T232543.SAFE/GRANULE/L2A_T19LDH_A007887_20180909T145159/IMG_DATA/R10m/T19LDH_20180909T144719_B03_10m.tif,https://sentinel2l2a01.blob.core.windows.net/sentinel2-l2/19/L/DH/2018/09/09/S2B_MSIL2A_20180909T144719_N0212_R139_T19LDH_20201008T232543.SAFE/GRANULE/L2A_T19LDH_A007887_20180909T145159/IMG_DATA/R10m/T19LDH_20180909T144719_B04_10m.tif,https://sentinel2l2a01.blob.core.windows.net/sentinel2-l2/19/L/DH/2018/09/09/S2B_MSIL2A_20180909T144719_N0212_R139_T19LDH_20201008T232543.SAFE/GRANULE/L2A_T19LDH_A007887_20180909T145159/IMG_DATA/R10m/T19LDH_20180909T144719_B08_10m.tif,https://sentinel2l2a01.blob.core.windows.net/sentinel2-l2/19/L/DH/2018/09/09/S2B_MSIL2A_20180909T144719_N0212_R139_T19LDH_20201008T232543.SAFE/GRANULE/L2A_T19LDH_A007887_20180909T145159/IMG_DATA/R20m/T19LDH_20180909T144719_SCL_20m.tif,,2026-08-09T23:20:24.475049Z,discovered
iberia_final_holdout,final_geographic_holdout,2018,2018-06-01,2018-09-30,S2A_MSIL2A_20180907T145721_R039_T19LDH_20201011T093953,2018-09-07T14:57:21.024000Z,0.006977,Sentinel-2A,02.12,32719,sentinel-2-l2a,https://planetarycomputer.microsoft.com/api/stac/v1/collections/sentinel-2-l2a/items/S2A_MSIL2A_20180907T145721_R039_T19LDH_20201011T093953,"[-69.91843,-11.84766586541977,-69.245026,-10.854120303387177]",True,,https://sentinel2l2a01.blob.core.windows.net/sentinel2-l2/19/L/DH/2018/09/07/S2A_MSIL2A_20180907T145721_N0212_R039_T19LDH_20201011T093953.SAFE/GRANULE/L2A_T19LDH_A016767_20180907T150208/IMG_DATA/R10m/T19LDH_20180907T145721_B02_10m.tif,https://sentinel2l2a01.blob.core.windows.net/sentinel2-l2/19/L/DH/2018/09/07/S2A_MSIL2A_20180907T145721_N0212_R039_T19LDH_20201011T093953.SAFE/GRANULE/L2A_T19LDH_A016767_20180907T150208/IMG_DATA/R10m/T19LDH_20180907T145721_B03_10m.tif,https://sentinel2l2a01.blob.core.windows.net/sentinel2-l2/19/L/DH/2018/09/07/S2A_MSIL2A_20180907T145721_N0212_R039_T19LDH_20201011T093953.SAFE/GRANULE/L2A_T19LDH_A016767_20180907T150208/IMG_DATA/R10m/T19LDH_20180907T145721_B04_10m.tif,https://sentinel2l2a01.blob.core.windows.net/sentinel2-l2/19/L/DH/2018/09/07/S2A_MSIL2A_20180907T145721_N0212_R039_T19LDH_20201011T093953.SAFE/GRANULE/L2A_T19LDH_A016767_20180907T150208/IMG_DATA/R10m/T19LDH_20180907T145721_B08_10m.tif,https://sentinel2l2a01.blob.core.windows.net/sentinel2-l2/19/L/DH/2018/09/07/S2A_MSIL2A_20180907T145721_N0212_R039_T19LDH_20201011T093953.SAFE/GRANULE/L2A_T19LDH_A016767_20180907T150208/IMG_DATA/R20m/T19LDH_20180907T145721_SCL_20m.tif,,2026-08-09T23:20:24.475049Z,discovered
iberia_final_holdout,final_geographic_holdout,2018,2018-06-01,2018-09-30,S2A_MSIL2A_20180904T144731_R139_T19LDH_20201011T082949,2018-09-04T14:47:31.024000Z,0.013715,Sentinel-2A,02.12,32719,sentinel-2-l2a,https://planetarycomputer.microsoft.com/api/stac/v1/collections/sentinel-2-l2a/items/S2A_MSIL2A_20180904T144731_R139_T19LDH_20201011T082949,"[-69.714386,-11.848475404292838,-68.9104,-10.85469739955609]",True,,https://sentinel2l2a01.blob.core.windows.net/sentinel2-l2/19/L/DH/2018/09/04/S2A_MSIL2A_20180904T144731_N0212_R139_T19LDH_20201011T082949.SAFE/GRANULE/L2A_T19LDH_A016724_20180904T144728/IMG_DATA/R10m/T19LDH_20180904T144731_B02_10m.tif,https://sentinel2l2a01.blob.core.windows.net/sentinel2-l2/19/L/DH/2018/09/04/S2A_MSIL2A_20180904T144731_N0212_R139_T19LDH_20201011T082949.SAFE/GRANULE/L2A_T19LDH_A016724_20180904T144728/IMG_DATA/R10m/T19LDH_20180904T144731_B03_10m.tif,https://sentinel2l2a01.blob.core.windows.net/sentinel2-l2/19/L/DH/2018/09/04/S2A_MSIL2A_20180904T144731_N0212_R139_T19LDH_20201011T082949.SAFE/GRANULE/L2A_T19LDH_A016724_20180904T144728/IMG_DATA/R10m/T19LDH_20180904T144731_B04_10m.tif,https://sentinel2l2a01.blob.core.windows.net/sentinel2-l2/19/L/DH/2018/09/04/S2A_MSIL2A_20180904T144731_N0212_R139_T19LDH_20201011T082949.SAFE/GRANULE/L2A_T19LDH_A016724_20180904T144728/IMG_DATA/R10m/T19LDH_20180904T144731_B08_10m.tif,https://sentinel2l2a01.blob.core.windows.net/sentinel2-l2/19/L/DH/2018/09/04/S2A_MSIL2A_20180904T144731_N0212_R139_T19LDH_20201011T082949.SAFE/GRANULE/L2A_T19LDH_A016724_20180904T144728/IMG_DATA/R20m/T19LDH_20180904T144731_SCL_20m.tif,,2026-08-09T23:20:24.475049Z,discovered
iberia_final_holdout,final_geographic_holdout,2018,2018-06-01,2018-09-30,S2B_MSIL2A_20180902T145719_R039_T19LDH_20201011T074734,2018-09-02T14:57:19.024000Z,13.323238,Sentinel-2B,02.12,32719,sentinel-2-l2a,https://planetarycomputer.microsoft.com/api/stac/v1/collections/sentinel-2-l2a/items/S2B_MSIL2A_20180902T145719_R039_T19LDH_20201011T074734,"[-69.91843519893892,-11.847698182363441,-69.222453245391,-10.854120303387177]",True,,https://sentinel2l2a01.blob.core.windows.net/sentinel2-l2/19/L/DH/2018/09/02/S2B_MSIL2A_20180902T145719_N0212_R039_T19LDH_20201011T074734.SAFE/GRANULE/L2A_T19LDH_A007787_20180902T145716/IMG_DATA/R10m/T19LDH_20180902T145719_B02_10m.tif,https://sentinel2l2a01.blob.core.windows.net/sentinel2-l2/19/L/DH/2018/09/02/S2B_MSIL2A_20180902T145719_N0212_R039_T19LDH_20201011T074734.SAFE/GRANULE/L2A_T19LDH_A007787_20180902T145716/IMG_DATA/R10m/T19LDH_20180902T145719_B03_10m.tif,https://sentinel2l2a01.blob.core.windows.net/sentinel2-l2/19/L/DH/2018/09/02/S2B_MSIL2A_20180902T145719_N0212_R039_T19LDH_20201011T074734.SAFE/GRANULE/L2A_T19LDH_A007787_20180902T145716/IMG_DATA/R10m/T19LDH_20180902T145719_B04_10m.tif,https://sentinel2l2a01.blob.core.windows.net/sentinel2-l2/19/L/DH/2018/09/02/S2B_MSIL2A_20180902T145719_N0212_R039_T19LDH_20201011T074734.SAFE/GRANULE/L2A_T19LDH_A007787_20180902T145716/IMG_DATA/R10m/T19LDH_20180902T145719_B08_10m.tif,https://sentinel2l2a01.blob.core.windows.net/sentinel2-l2/19/L/DH/2018/09/02/S2B_MSIL2A_20180902T145719_N0212_R039_T19LDH_20201011T074734.SAFE/GRANULE/L2A_T19LDH_A007787_20180902T145716/IMG_DATA/R20m/T19LDH_20180902T145719_SCL_20m.tif,,2026-08-09T23:20:24.475049Z,discovered
iberia_final_holdout,final_geographic_holdout,2018,2018-06-01,2018-09-30,S2B_MSIL2A_20180830T144719_R139_T19LDH_20201011T070029,2018-08-30T14:47:19.024000Z,0.012024,Sentinel-2B,02.12,32719,sentinel-2-l2a,https://planetarycomputer.microsoft.com/api/stac/v1/collections/sentinel-2-l2a/items/S2B_MSIL2A_20180830T144719_R139_T19LDH_20201011T070029,"[-69.69205637649743,-11.848475404292838,-68.91039258120098,-10.85472796288717]",True,,https://sentinel2l2a01.blob.core.windows.net/sentinel2-l2/19/L/DH/2018/08/30/S2B_MSIL2A_20180830T144719_N0212_R139_T19LDH_20201011T070029.SAFE/GRANULE/L2A_T19LDH_A007744_20180830T144952/IMG_DATA/R10m/T19LDH_20180830T144719_B02_10m.tif,https://sentinel2l2a01.blob.core.windows.net/sentinel2-l2/19/L/DH/2018/08/30/S2B_MSIL2A_20180830T144719_N0212_R139_T19LDH_20201011T070029.SAFE/GRANULE/L2A_T19LDH_A007744_20180830T144952/IMG_DATA/R10m/T19LDH_20180830T144719_B03_10m.tif,https://sentinel2l2a01.blob.core.windows.net/sentinel2-l2/19/L/DH/2018/08/30/S2B_MSIL2A_20180830T144719_N0212_R139_T19LDH_20201011T070029.SAFE/GRANULE/L2A_T19LDH_A007744_20180830T144952/IMG_DATA/R10m/T19LDH_20180830T144719_B04_10m.tif,https://sentinel2l2a01.blob.core.windows.net/sentinel2-l2/19/L/DH/2018/08/30/S2B_MSIL2A_20180830T144719_N0212_R139_T19LDH_20201011T070029.SAFE/GRANULE/L2A_T19LDH_A007744_20180830T144952/IMG_DATA/R10m/T19LDH_20180830T144719_B08_10m.tif,https://sentinel2l2a01.blob.core.windows.net/sentinel2-l2/19/L/DH/2018/08/30/S2B_MSIL2A_20180830T144719_N0212_R139_T19LDH_20201011T070029.SAFE/GRANULE/L2A_T19LDH_A007744_20180830T144952/IMG_DATA/R20m/T19LDH_20180830T144719_SCL_20m.tif,,2026-08-09T23:20:24.475049Z,discovered
iberia_final_holdout,final_geographic_holdout,2018,2018-06-01,2018-09-30,S2A_MSIL2A_20180828T145721_R039_T19LDH_20201027T054515,2018-08-28T14:57:21.024000Z,0.025271,Sentinel-2A,02.12,32719,sentinel-2-l2a,https://planetarycomputer.microsoft.com/api/stac/v1/collections/sentinel-2-l2a/items/S2A_MSIL2A_20180828T145721_R039_T19LDH_20201027T054515,"[-69.91843519893892,-11.847668675799506,-69.242914158807,-10.854120303387177]",True,,https://sentinel2l2a01.blob.core.windows.net/sentinel2-l2/19/L/DH/2018/08/28/S2A_MSIL2A_20180828T145721_N0212_R039_T19LDH_20201027T054515.SAFE/GRANULE/L2A_T19LDH_A016624_20180828T145854/IMG_DATA/R10m/T19LDH_20180828T145721_B02_10m.tif,https://sentinel2l2a01.blob.core.windows.net/sentinel2-l2/19/L/DH/2018/08/28/S2A_MSIL2A_20180828T145721_N0212_R039_T19LDH_20201027T054515.SAFE/GRANULE/L2A_T19LDH_A016624_20180828T145854/IMG_DATA/R10m/T19LDH_20180828T145721_B03_10m.tif,https://sentinel2l2a01.blob.core.windows.net/sentinel2-l2/19/L/DH/2018/08/28/S2A_MSIL2A_20180828T145721_N0212_R039_T19LDH_20201027T054515.SAFE/GRANULE/L2A_T19LDH_A016624_20180828T145854/IMG_DATA/R10m/T19LDH_20180828T145721_B04_10m.tif,https://sentinel2l2a01.blob.core.windows.net/sentinel2-l2/19/L/DH/2018/08/28/S2A_MSIL2A_20180828T145721_N0212_R039_T19LDH_20201027T054515.SAFE/GRANULE/L2A_T19LDH_A016624_20180828T145854/IMG_DATA/R10m/T19LDH_20180828T145721_B08_10m.tif,https://sentinel2l2a01.blob.core.windows.net/sentinel2-l2/19/L/DH/2018/08/28/S2A_MSIL2A_20180828T145721_N0212_R039_T19LDH_20201027T054515.SAFE/GRANULE/L2A_T19LDH_A016624_20180828T145854/IMG_DATA/R20m/T19LDH_20180828T145721_SCL_20m.tif,,2026-08-09T23:20:24.475049Z,discovered
iberia_final_holdout,final_geographic_holdout,2018,2018-06-01,2018-09-30,S2A_MSIL2A_20180825T144731_R139_T19LDH_20201011T064545,2018-08-25T14:47:31.024000Z,0.191539,Sentinel-2A,02.12,32719,sentinel-2-l2a,https://planetarycomputer.microsoft.com/api/stac/v1/collections/sentinel-2-l2a/items/S2A_MSIL2A_20180825T144731_R139_T19LDH_20201011T064545,"[-69.71286,-11.848475404292838,-68.9104,-10.854699854022355]",True,,https://sentinel2l2a01.blob.core.windows.net/sentinel2-l2/19/L/DH/2018/08/25/S2A_MSIL2A_20180825T144731_N0212_R139_T19LDH_20201011T064545.SAFE/GRANULE/L2A_T19LDH_A016581_20180825T145457/IMG_DATA/R10m/T19LDH_20180825T144731_B02_10m.tif,https://sentinel2l2a01.blob.core.windows.net/sentinel2-l2/19/L/DH/2018/08/25/S2A_MSIL2A_20180825T144731_N0212_R139_T19LDH_20201011T064545.SAFE/GRANULE/L2A_T19LDH_A016581_20180825T145457/IMG_DATA/R10m/T19LDH_20180825T144731_B03_10m.tif,https://sentinel2l2a01.blob.core.windows.net/sentinel2-l2/19/L/DH/2018/08/25/S2A_MSIL2A_20180825T144731_N0212_R139_T19LDH_20201011T064545.SAFE/GRANULE/L2A_T19LDH_A016581_20180825T145457/IMG_DATA/R10m/T19LDH_20180825T144731_B04_10m.tif,https://sentinel2l2a01.blob.core.windows.net/sentinel2-l2/19/L/DH/2018/08/25/S2A_MSIL2A_20180825T144731_N0212_R139_T19LDH_20201011T064545.SAFE/GRANULE/L2A_T19LDH_A016581_20180825T145457/IMG_DATA/R10m/T19LDH_20180825T144731_B08_10m.tif,https://sentinel2l2a01.blob.core.windows.net/sentinel2-l2/19/L/DH/2018/08/25/S2A_MSIL2A_20180825T144731_N0212_R139_T19LDH_20201011T064545.SAFE/GRANULE/L2A_T19LDH_A016581_20180825T145457/IMG_DATA/R20m/T19LDH_20180825T144731_SCL_20m.tif,,2026-08-09T23:20:24.475049Z,discovered
iberia_final_holdout,final_geographic_holdout,2018,2018-06-01,2018-09-30,S2B_MSIL2A_20180823T145719_R039_T19LDH_20201011T060427,2018-08-23T14:57:19.024000Z,0.04459,Sentinel-2B,02.12,32719,sentinel-2-l2a,https://planetarycomputer.microsoft.com/api/stac/v1/collections/sentinel-2-l2a/items/S2B_MSIL2A_20180823T145719_R039_T19LDH_20201011T060427,"[-69.91843,-11.847696956269889,-69.22333,-10.854120303387177]",True,,https://sentinel2l2a01.blob.core.windows.net/sentinel2-l2/19/L/DH/2018/08/23/S2B_MSIL2A_20180823T145719_N0212_R039_T19LDH_20201011T060427.SAFE/GRANULE/L2A_T19LDH_A007644_20180823T150245/IMG_DATA/R10m/T19LDH_20180823T145719_B02_10m.tif,https://sentinel2l2a01.blob.core.windows.net/sentinel2-l2/19/L/DH/2018/08/23/S2B_MSIL2A_20180823T145719_N0212_R039_T19LDH_20201011T060427.SAFE/GRANULE/L2A_T19LDH_A007644_20180823T150245/IMG_DATA/R10m/T19LDH_20180823T145719_B03_10m.tif,https://sentinel2l2a01.blob.core.windows.net/sentinel2-l2/19/L/DH/2018/08/23/S2B_MSIL2A_20180823T145719_N0212_R039_T19LDH_20201011T060427.SAFE/GRANULE/L2A_T19LDH_A007644_20180823T150245/IMG_DATA/R10m/T19LDH_20180823T145719_B04_10m.tif,https://sentinel2l2a01.blob.core.windows.net/sentinel2-l2/19/L/DH/2018/08/23/S2B_MSIL2A_20180823T145719_N0212_R039_T19LDH_20201011T060427.SAFE/GRANULE/L2A_T19LDH_A007644_20180823T150245/IMG_DATA/R10m/T19LDH_20180823T145719_B08_10m.tif,https://sentinel2l2a01.blob.core.windows.net/sentinel2-l2/19/L/DH/2018/08/23/S2B_MSIL2A_20180823T145719_N0212_R039_T19LDH_20201011T060427.SAFE/GRANULE/L2A_T19LDH_A007644_20180823T150245/IMG_DATA/R20m/T19LDH_20180823T145719_SCL_20m.tif,,2026-08-09T23:20:24.475049Z,discovered
iberia_final_holdout,final_geographic_holdout,2018,2018-06-01,2018-09-30,S2A_MSIL2A_20180818T145721_R039_T19LDH_20201011T032901,2018-08-18T14:57:21.024000Z,1.694443,Sentinel-2A,02.12,32719,sentinel-2-l2a,https://planetarycomputer.microsoft.com/api/stac/v1/collections/sentinel-2-l2a/items/S2A_MSIL2A_20180818T145721_R039_T19LDH_20201011T032901,"[-69.91843,-11.847671832869933,-69.240845,-10.854120303387177]",True,,https://sentinel2l2a01.blob.core.windows.net/sentinel2-l2/19/L/DH/2018/08/18/S2A_MSIL2A_20180818T145721_N0212_R039_T19LDH_20201011T032901.SAFE/GRANULE/L2A_T19LDH_A016481_20180818T150209/IMG_DATA/R10m/T19LDH_20180818T145721_B02_10m.tif,https://sentinel2l2a01.blob.core.windows.net/sentinel2-l2/19/L/DH/2018/08/18/S2A_MSIL2A_20180818T145721_N0212_R039_T19LDH_20201011T032901.SAFE/GRANULE/L2A_T19LDH_A016481_20180818T150209/IMG_DATA/R10m/T19LDH_20180818T145721_B03_10m.tif,https://sentinel2l2a01.blob.core.windows.net/sentinel2-l2/19/L/DH/2018/08/18/S2A_MSIL2A_20180818T145721_N0212_R039_T19LDH_20201011T032901.SAFE/GRANULE/L2A_T19LDH_A016481_20180818T150209/IMG_DATA/R10m/T19LDH_20180818T145721_B04_10m.tif,https://sentinel2l2a01.blob.core.windows.net/sentinel2-l2/19/L/DH/2018/08/18/S2A_MSIL2A_20180818T145721_N0212_R039_T19LDH_20201011T032901.SAFE/GRANULE/L2A_T19LDH_A016481_20180818T150209/IMG_DATA/R10m/T19LDH_20180818T145721_B08_10m.tif,https://sentinel2l2a01.blob.core.windows.net/sentinel2-l2/19/L/DH/2018/08/18/S2A_MSIL2A_20180818T145721_N0212_R039_T19LDH_20201011T032901.SAFE/GRANULE/L2A_T19LDH_A016481_20180818T150209/IMG_DATA/R20m/T19LDH_20180818T145721_SCL_20m.tif,,2026-08-09T23:20:24.475049Z,discovered
iberia_final_holdout,final_geographic_holdout,2018,2018-06-01,2018-09-30,S2B_MSIL2A_20180813T145719_R039_T19LDH_20201011T012223,2018-08-13T14:57:19.024000Z,0.104802,Sentinel-2B,02.12,32719,sentinel-2-l2a,https://planetarycomputer.microsoft.com/api/stac/v1/collections/sentinel-2-l2a/items/S2B_MSIL2A_20180813T145719_R039_T19LDH_20201011T012223,"[-69.91843,-11.847690938630928,-69.22714,-10.854120303387177]",True,,https://sentinel2l2a01.blob.core.windows.net/sentinel2-l2/19/L/DH/2018/08/13/S2B_MSIL2A_20180813T145719_N0212_R039_T19LDH_20201011T012223.SAFE/GRANULE/L2A_T19LDH_A007501_20180813T150106/IMG_DATA/R10m/T19LDH_20180813T145719_B02_10m.tif,https://sentinel2l2a01.blob.core.windows.net/sentinel2-l2/19/L/DH/2018/08/13/S2B_MSIL2A_20180813T145719_N0212_R039_T19LDH_20201011T012223.SAFE/GRANULE/L2A_T19LDH_A007501_20180813T150106/IMG_DATA/R10m/T19LDH_20180813T145719_B03_10m.tif,https://sentinel2l2a01.blob.core.windows.net/sentinel2-l2/19/L/DH/2018/08/13/S2B_MSIL2A_20180813T145719_N0212_R039_T19LDH_20201011T012223.SAFE/GRANULE/L2A_T19LDH_A007501_20180813T150106/IMG_DATA/R10m/T19LDH_20180813T145719_B04_10m.tif,https://sentinel2l2a01.blob.core.windows.net/sentinel2-l2/19/L/DH/2018/08/13/S2B_MSIL2A_20180813T145719_N0212_R039_T19LDH_20201011T012223.SAFE/GRANULE/L2A_T19LDH_A007501_20180813T150106/IMG_DATA/R10m/T19LDH_20180813T145719_B08_10m.tif,https://sentinel2l2a01.blob.core.windows.net/sentinel2-l2/19/L/DH/2018/08/13/S2B_MSIL2A_20180813T145719_N0212_R039_T19LDH_20201011T012223.SAFE/GRANULE/L2A_T19LDH_A007501_20180813T150106/IMG_DATA/R20m/T19LDH_20180813T145719_SCL_20m.tif,,2026-08-09T23:20:24.475049Z,discovered
iberia_final_holdout,final_geographic_holdout,2018,2018-06-01,2018-09-30,S2A_MSIL2A_20180726T144731_R139_T19LDH_20201011T201332,2018-07-26T14:47:31.024000Z,0.008322,Sentinel-2A,02.12,32719,sentinel-2-l2a,https://planetarycomputer.microsoft.com/api/stac/v1/collections/sentinel-2-l2a/items/S2A_MSIL2A_20180726T144731_R139_T19LDH_20201011T201332,"[-69.7110257629648,-11.848475404292838,-68.91039258120098,-10.85470321078656]",True,,https://sentinel2l2a01.blob.core.windows.net/sentinel2-l2/19/L/DH/2018/07/26/S2A_MSIL2A_20180726T144731_N0212_R139_T19LDH_20201011T201332.SAFE/GRANULE/L2A_T19LDH_A016152_20180726T145459/IMG_DATA/R10m/T19LDH_20180726T144731_B02_10m.tif,https://sentinel2l2a01.blob.core.windows.net/sentinel2-l2/19/L/DH/2018/07/26/S2A_MSIL2A_20180726T144731_N0212_R139_T19LDH_20201011T201332.SAFE/GRANULE/L2A_T19LDH_A016152_20180726T145459/IMG_DATA/R10m/T19LDH_20180726T144731_B03_10m.tif,https://sentinel2l2a01.blob.core.windows.net/sentinel2-l2/19/L/DH/2018/07/26/S2A_MSIL2A_20180726T144731_N0212_R139_T19LDH_20201011T201332.SAFE/GRANULE/L2A_T19LDH_A016152_20180726T145459/IMG_DATA/R10m/T19LDH_20180726T144731_B04_10m.tif,https://sentinel2l2a01.blob.core.windows.net/sentinel2-l2/19/L/DH/2018/07/26/S2A_MSIL2A_20180726T144731_N0212_R139_T19LDH_20201011T201332.SAFE/GRANULE/L2A_T19LDH_A016152_20180726T145459/IMG_DATA/R10m/T19LDH_20180726T144731_B08_10m.tif,https://sentinel2l2a01.blob.core.windows.net/sentinel2-l2/19/L/DH/2018/07/26/S2A_MSIL2A_20180726T144731_N0212_R139_T19LDH_20201011T201332.SAFE/GRANULE/L2A_T19LDH_A016152_20180726T145459/IMG_DATA/R20m/T19LDH_20180726T144731_SCL_20m.tif,,2026-08-09T23:20:24.475049Z,discovered
iberia_final_holdout,final_geographic_holdout,2018,2018-06-01,2018-09-30,S2B_MSIL2A_20180724T145729_R039_T19LDH_20201011T193837,2018-07-24T14:57:29.024000Z,0.001843,Sentinel-2B,02.12,32719,sentinel-2-l2a,https://planetarycomputer.microsoft.com/api/stac/v1/collections/sentinel-2-l2a/items/S2B_MSIL2A_20180724T145729_R039_T19LDH_20201011T193837,"[-69.91843519893892,-11.847680333009192,-69.23409647835643,-10.854120303387177]",True,,https://sentinel2l2a01.blob.core.windows.net/sentinel2-l2/19/L/DH/2018/07/24/S2B_MSIL2A_20180724T145729_N0212_R039_T19LDH_20201011T193837.SAFE/GRANULE/L2A_T19LDH_A007215_20180724T145951/IMG_DATA/R10m/T19LDH_20180724T145729_B02_10m.tif,https://sentinel2l2a01.blob.core.windows.net/sentinel2-l2/19/L/DH/2018/07/24/S2B_MSIL2A_20180724T145729_N0212_R039_T19LDH_20201011T193837.SAFE/GRANULE/L2A_T19LDH_A007215_20180724T145951/IMG_DATA/R10m/T19LDH_20180724T145729_B03_10m.tif,https://sentinel2l2a01.blob.core.windows.net/sentinel2-l2/19/L/DH/2018/07/24/S2B_MSIL2A_20180724T145729_N0212_R039_T19LDH_20201011T193837.SAFE/GRANULE/L2A_T19LDH_A007215_20180724T145951/IMG_DATA/R10m/T19LDH_20180724T145729_B04_10m.tif,https://sentinel2l2a01.blob.core.windows.net/sentinel2-l2/19/L/DH/2018/07/24/S2B_MSIL2A_20180724T145729_N0212_R039_T19LDH_20201011T193837.SAFE/GRANULE/L2A_T19LDH_A007215_20180724T145951/IMG_DATA/R10m/T19LDH_20180724T145729_B08_10m.tif,https://sentinel2l2a01.blob.core.windows.net/sentinel2-l2/19/L/DH/2018/07/24/S2B_MSIL2A_20180724T145729_N0212_R039_T19LDH_20201011T193837.SAFE/GRANULE/L2A_T19LDH_A007215_20180724T145951/IMG_DATA/R20m/T19LDH_20180724T145729_SCL_20m.tif,,2026-08-09T23:20:24.475049Z,discovered
iberia_final_holdout,final_geographic_holdout,2018,2018-06-01,2018-09-30,S2A_MSIL2A_20180719T145731_R039_T19LDH_20201011T173129,2018-07-19T14:57:31.024000Z,0.128188,Sentinel-2A,02.12,32719,sentinel-2-l2a,https://planetarycomputer.microsoft.com/api/stac/v1/collections/sentinel-2-l2a/items/S2A_MSIL2A_20180719T145731_R039_T19LDH_20201011T173129,"[-69.91843519893892,-11.847673442628434,-69.23894178274621,-10.854120303387177]",True,,https://sentinel2l2a01.blob.core.windows.net/sentinel2-l2/19/L/DH/2018/07/19/S2A_MSIL2A_20180719T145731_N0212_R039_T19LDH_20201011T173129.SAFE/GRANULE/L2A_T19LDH_A016052_20180719T150016/IMG_DATA/R10m/T19LDH_20180719T145731_B02_10m.tif,https://sentinel2l2a01.blob.core.windows.net/sentinel2-l2/19/L/DH/2018/07/19/S2A_MSIL2A_20180719T145731_N0212_R039_T19LDH_20201011T173129.SAFE/GRANULE/L2A_T19LDH_A016052_20180719T150016/IMG_DATA/R10m/T19LDH_20180719T145731_B03_10m.tif,https://sentinel2l2a01.blob.core.windows.net/sentinel2-l2/19/L/DH/2018/07/19/S2A_MSIL2A_20180719T145731_N0212_R039_T19LDH_20201011T173129.SAFE/GRANULE/L2A_T19LDH_A016052_20180719T150016/IMG_DATA/R10m/T19LDH_20180719T145731_B04_10m.tif,https://sentinel2l2a01.blob.core.windows.net/sentinel2-l2/19/L/DH/2018/07/19/S2A_MSIL2A_20180719T145731_N0212_R039_T19LDH_20201011T173129.SAFE/GRANULE/L2A_T19LDH_A016052_20180719T150016/IMG_DATA/R10m/T19LDH_20180719T145731_B08_10m.tif,https://sentinel2l2a01.blob.core.windows.net/sentinel2-l2/19/L/DH/2018/07/19/S2A_MSIL2A_20180719T145731_N0212_R039_T19LDH_20201011T173129.SAFE/GRANULE/L2A_T19LDH_A016052_20180719T150016/IMG_DATA/R20m/T19LDH_20180719T145731_SCL_20m.tif,,2026-08-09T23:20:24.475049Z,discovered
iberia_final_holdout,final_geographic_holdout,2018,2018-06-01,2018-09-30,S2A_MSIL2A_20180716T144731_R139_T19LDH_20201011T162623,2018-07-16T14:47:31.024000Z,3.057095,Sentinel-2A,02.12,32719,sentinel-2-l2a,https://planetarycomputer.microsoft.com/api/stac/v1/collections/sentinel-2-l2a/items/S2A_MSIL2A_20180716T144731_R139_T19LDH_20201011T162623,"[-69.70981935219696,-11.848475404292838,-68.91039258120098,-10.85470499678172]",True,,https://sentinel2l2a01.blob.core.windows.net/sentinel2-l2/19/L/DH/2018/07/16/S2A_MSIL2A_20180716T144731_N0212_R139_T19LDH_20201011T162623.SAFE/GRANULE/L2A_T19LDH_A016009_20180716T144920/IMG_DATA/R10m/T19LDH_20180716T144731_B02_10m.tif,https://sentinel2l2a01.blob.core.windows.net/sentinel2-l2/19/L/DH/2018/07/16/S2A_MSIL2A_20180716T144731_N0212_R139_T19LDH_20201011T162623.SAFE/GRANULE/L2A_T19LDH_A016009_20180716T144920/IMG_DATA/R10m/T19LDH_20180716T144731_B03_10m.tif,https://sentinel2l2a01.blob.core.windows.net/sentinel2-l2/19/L/DH/2018/07/16/S2A_MSIL2A_20180716T144731_N0212_R139_T19LDH_20201011T162623.SAFE/GRANULE/L2A_T19LDH_A016009_20180716T144920/IMG_DATA/R10m/T19LDH_20180716T144731_B04_10m.tif,https://sentinel2l2a01.blob.core.windows.net/sentinel2-l2/19/L/DH/2018/07/16/S2A_MSIL2A_20180716T144731_N0212_R139_T19LDH_20201011T162623.SAFE/GRANULE/L2A_T19LDH_A016009_20180716T144920/IMG_DATA/R10m/T19LDH_20180716T144731_B08_10m.tif,https://sentinel2l2a01.blob.core.windows.net/sentinel2-l2/19/L/DH/2018/07/16/S2A_MSIL2A_20180716T144731_N0212_R139_T19LDH_20201011T162623.SAFE/GRANULE/L2A_T19LDH_A016009_20180716T144920/IMG_DATA/R20m/T19LDH_20180716T144731_SCL_20m.tif,,2026-08-09T23:20:24.475049Z,discovered
iberia_final_holdout,final_geographic_holdout,2018,2018-06-01,2018-09-30,S2B_MSIL2A_20180711T144729_R139_T19LDH_20201011T144329,2018-07-11T14:47:29.024000Z,4.758139,Sentinel-2B,02.12,32719,sentinel-2-l2a,https://planetarycomputer.microsoft.com/api/stac/v1/collections/sentinel-2-l2a/items/S2B_MSIL2A_20180711T144729_R139_T19LDH_20201011T144329,"[-69.70904330834905,-11.848475404292838,-68.91039258120098,-10.854705484338032]",True,,https://sentinel2l2a01.blob.core.windows.net/sentinel2-l2/19/L/DH/2018/07/11/S2B_MSIL2A_20180711T144729_N0212_R139_T19LDH_20201011T144329.SAFE/GRANULE/L2A_T19LDH_A007029_20180711T144740/IMG_DATA/R10m/T19LDH_20180711T144729_B02_10m.tif,https://sentinel2l2a01.blob.core.windows.net/sentinel2-l2/19/L/DH/2018/07/11/S2B_MSIL2A_20180711T144729_N0212_R139_T19LDH_20201011T144329.SAFE/GRANULE/L2A_T19LDH_A007029_20180711T144740/IMG_DATA/R10m/T19LDH_20180711T144729_B03_10m.tif,https://sentinel2l2a01.blob.core.windows.net/sentinel2-l2/19/L/DH/2018/07/11/S2B_MSIL2A_20180711T144729_N0212_R139_T19LDH_20201011T144329.SAFE/GRANULE/L2A_T19LDH_A007029_20180711T144740/IMG_DATA/R10m/T19LDH_20180711T144729_B04_10m.tif,https://sentinel2l2a01.blob.core.windows.net/sentinel2-l2/19/L/DH/2018/07/11/S2B_MSIL2A_20180711T144729_N0212_R139_T19LDH_20201011T144329.SAFE/GRANULE/L2A_T19LDH_A007029_20180711T144740/IMG_DATA/R10m/T19LDH_20180711T144729_B08_10m.tif,https://sentinel2l2a01.blob.core.windows.net/sentinel2-l2/19/L/DH/2018/07/11/S2B_MSIL2A_20180711T144729_N0212_R139_T19LDH_20201011T144329.SAFE/GRANULE/L2A_T19LDH_A007029_20180711T144740/IMG_DATA/R20m/T19LDH_20180711T144729_SCL_20m.tif,,2026-08-09T23:20:24.475049Z,discovered
iberia_final_holdout,final_geographic_holdout,2018,2018-06-01,2018-09-30,S2A_MSIL2A_20180706T144731_R139_T19LDH_20201011T123559,2018-07-06T14:47:31.024000Z,0.011104,Sentinel-2A,02.12,32719,sentinel-2-l2a,https://planetarycomputer.microsoft.com/api/stac/v1/collections/sentinel-2-l2a/items/S2A_MSIL2A_20180706T144731_R139_T19LDH_20201011T123559,"[-69.70755,-11.848475404292838,-68.9104,-10.854706674175013]",True,,https://sentinel2l2a01.blob.core.windows.net/sentinel2-l2/19/L/DH/2018/07/06/S2A_MSIL2A_20180706T144731_N0212_R139_T19LDH_20201011T123559.SAFE/GRANULE/L2A_T19LDH_A015866_20180706T144812/IMG_DATA/R10m/T19LDH_20180706T144731_B02_10m.tif,https://sentinel2l2a01.blob.core.windows.net/sentinel2-l2/19/L/DH/2018/07/06/S2A_MSIL2A_20180706T144731_N0212_R139_T19LDH_20201011T123559.SAFE/GRANULE/L2A_T19LDH_A015866_20180706T144812/IMG_DATA/R10m/T19LDH_20180706T144731_B03_10m.tif,https://sentinel2l2a01.blob.core.windows.net/sentinel2-l2/19/L/DH/2018/07/06/S2A_MSIL2A_20180706T144731_N0212_R139_T19LDH_20201011T123559.SAFE/GRANULE/L2A_T19LDH_A015866_20180706T144812/IMG_DATA/R10m/T19LDH_20180706T144731_B04_10m.tif,https://sentinel2l2a01.blob.core.windows.net/sentinel2-l2/19/L/DH/2018/07/06/S2A_MSIL2A_20180706T144731_N0212_R139_T19LDH_20201011T123559.SAFE/GRANULE/L2A_T19LDH_A015866_20180706T144812/IMG_DATA/R10m/T19LDH_20180706T144731_B08_10m.tif,https://sentinel2l2a01.blob.core.windows.net/sentinel2-l2/19/L/DH/2018/07/06/S2A_MSIL2A_20180706T144731_N0212_R139_T19LDH_20201011T123559.SAFE/GRANULE/L2A_T19LDH_A015866_20180706T144812/IMG_DATA/R20m/T19LDH_20180706T144731_SCL_20m.tif,,2026-08-09T23:20:24.475049Z,discovered
iberia_final_holdout,final_geographic_holdout,2018,2018-06-01,2018-09-30,S2B_MSIL2A_20180704T145729_R039_T19LDH_20201011T120042,2018-07-04T14:57:29.024000Z,1.190799,Sentinel-2B,02.12,32719,sentinel-2-l2a,https://planetarycomputer.microsoft.com/api/stac/v1/collections/sentinel-2-l2a/items/S2B_MSIL2A_20180704T145729_R039_T19LDH_20201011T120042,"[-69.91843,-11.847678771291266,-69.23599,-10.854120303387177]",True,,https://sentinel2l2a01.blob.core.windows.net/sentinel2-l2/19/L/DH/2018/07/04/S2B_MSIL2A_20180704T145729_N0212_R039_T19LDH_20201011T120042.SAFE/GRANULE/L2A_T19LDH_A006929_20180704T150108/IMG_DATA/R10m/T19LDH_20180704T145729_B02_10m.tif,https://sentinel2l2a01.blob.core.windows.net/sentinel2-l2/19/L/DH/2018/07/04/S2B_MSIL2A_20180704T145729_N0212_R039_T19LDH_20201011T120042.SAFE/GRANULE/L2A_T19LDH_A006929_20180704T150108/IMG_DATA/R10m/T19LDH_20180704T145729_B03_10m.tif,https://sentinel2l2a01.blob.core.windows.net/sentinel2-l2/19/L/DH/2018/07/04/S2B_MSIL2A_20180704T145729_N0212_R039_T19LDH_20201011T120042.SAFE/GRANULE/L2A_T19LDH_A006929_20180704T150108/IMG_DATA/R10m/T19LDH_20180704T145729_B04_10m.tif,https://sentinel2l2a01.blob.core.windows.net/sentinel2-l2/19/L/DH/2018/07/04/S2B_MSIL2A_20180704T145729_N0212_R039_T19LDH_20201011T120042.SAFE/GRANULE/L2A_T19LDH_A006929_20180704T150108/IMG_DATA/R10m/T19LDH_20180704T145729_B08_10m.tif,https://sentinel2l2a01.blob.core.windows.net/sentinel2-l2/19/L/DH/2018/07/04/S2B_MSIL2A_20180704T145729_N0212_R039_T19LDH_20201011T120042.SAFE/GRANULE/L2A_T19LDH_A006929_20180704T150108/IMG_DATA/R20m/T19LDH_20180704T145729_SCL_20m.tif,,2026-08-09T23:20:24.475049Z,discovered
iberia_final_holdout,final_geographic_holdout,2018,2018-06-01,2018-09-30,S2B_MSIL2A_20180701T144729_R139_T19LDH_20201011T105527,2018-07-01T14:47:29.024000Z,0.013848,Sentinel-2B,02.12,32719,sentinel-2-l2a,https://planetarycomputer.microsoft.com/api/stac/v1/collections/sentinel-2-l2a/items/S2B_MSIL2A_20180701T144729_R139_T19LDH_20201011T105527,"[-69.70834,-11.848475404292838,-68.9104,-10.85470649731595]",True,,https://sentinel2l2a01.blob.core.windows.net/sentinel2-l2/19/L/DH/2018/07/01/S2B_MSIL2A_20180701T144729_N0212_R139_T19LDH_20201011T105527.SAFE/GRANULE/L2A_T19LDH_A006886_20180701T144950/IMG_DATA/R10m/T19LDH_20180701T144729_B02_10m.tif,https://sentinel2l2a01.blob.core.windows.net/sentinel2-l2/19/L/DH/2018/07/01/S2B_MSIL2A_20180701T144729_N0212_R139_T19LDH_20201011T105527.SAFE/GRANULE/L2A_T19LDH_A006886_20180701T144950/IMG_DATA/R10m/T19LDH_20180701T144729_B03_10m.tif,https://sentinel2l2a01.blob.core.windows.net/sentinel2-l2/19/L/DH/2018/07/01/S2B_MSIL2A_20180701T144729_N0212_R139_T19LDH_20201011T105527.SAFE/GRANULE/L2A_T19LDH_A006886_20180701T144950/IMG_DATA/R10m/T19LDH_20180701T144729_B04_10m.tif,https://sentinel2l2a01.blob.core.windows.net/sentinel2-l2/19/L/DH/2018/07/01/S2B_MSIL2A_20180701T144729_N0212_R139_T19LDH_20201011T105527.SAFE/GRANULE/L2A_T19LDH_A006886_20180701T144950/IMG_DATA/R10m/T19LDH_20180701T144729_B08_10m.tif,https://sentinel2l2a01.blob.core.windows.net/sentinel2-l2/19/L/DH/2018/07/01/S2B_MSIL2A_20180701T144729_N0212_R139_T19LDH_20201011T105527.SAFE/GRANULE/L2A_T19LDH_A006886_20180701T144950/IMG_DATA/R20m/T19LDH_20180701T144729_SCL_20m.tif,,2026-08-09T23:20:24.475049Z,discovered
iberia_final_holdout,final_geographic_holdout,2018,2018-06-01,2018-09-30,S2A_MSIL2A_20180629T145731_R039_T19LDH_20201012T034604,2018-06-29T14:57:31.024000Z,6.722103,Sentinel-2A,02.12,32719,sentinel-2-l2a,https://planetarycomputer.microsoft.com/api/stac/v1/collections/sentinel-2-l2a/items/S2A_MSIL2A_20180629T145731_R039_T19LDH_20201012T034604,"[-69.91843519893892,-11.847679849097817,-69.23522190366987,-10.854120303387177]",True,,https://sentinel2l2a01.blob.core.windows.net/sentinel2-l2/19/L/DH/2018/06/29/S2A_MSIL2A_20180629T145731_N0212_R039_T19LDH_20201012T034604.SAFE/GRANULE/L2A_T19LDH_A015766_20180629T150352/IMG_DATA/R10m/T19LDH_20180629T145731_B02_10m.tif,https://sentinel2l2a01.blob.core.windows.net/sentinel2-l2/19/L/DH/2018/06/29/S2A_MSIL2A_20180629T145731_N0212_R039_T19LDH_20201012T034604.SAFE/GRANULE/L2A_T19LDH_A015766_20180629T150352/IMG_DATA/R10m/T19LDH_20180629T145731_B03_10m.tif,https://sentinel2l2a01.blob.core.windows.net/sentinel2-l2/19/L/DH/2018/06/29/S2A_MSIL2A_20180629T145731_N0212_R039_T19LDH_20201012T034604.SAFE/GRANULE/L2A_T19LDH_A015766_20180629T150352/IMG_DATA/R10m/T19LDH_20180629T145731_B04_10m.tif,https://sentinel2l2a01.blob.core.windows.net/sentinel2-l2/19/L/DH/2018/06/29/S2A_MSIL2A_20180629T145731_N0212_R039_T19LDH_20201012T034604.SAFE/GRANULE/L2A_T19LDH_A015766_20180629T150352/IMG_DATA/R10m/T19LDH_20180629T145731_B08_10m.tif,https://sentinel2l2a01.blob.core.windows.net/sentinel2-l2/19/L/DH/2018/06/29/S2A_MSIL2A_20180629T145731_N0212_R039_T19LDH_20201012T034604.SAFE/GRANULE/L2A_T19LDH_A015766_20180629T150352/IMG_DATA/R20m/T19LDH_20180629T145731_SCL_20m.tif,,2026-08-09T23:20:24.475049Z,discovered
iberia_final_holdout,final_geographic_holdout,2018,2018-06-01,2018-09-30,S2A_MSIL2A_20180626T144731_R139_T19LDH_20201012T023611,2018-06-26T14:47:31.024000Z,0.090393,Sentinel-2A,02.12,32719,sentinel-2-l2a,https://planetarycomputer.microsoft.com/api/stac/v1/collections/sentinel-2-l2a/items/S2A_MSIL2A_20180626T144731_R139_T19LDH_20201012T023611,"[-69.70538,-11.848475404292838,-68.9104,-10.854710873256327]",True,,https://sentinel2l2a01.blob.core.windows.net/sentinel2-l2/19/L/DH/2018/06/26/S2A_MSIL2A_20180626T144731_N0212_R139_T19LDH_20201012T023611.SAFE/GRANULE/L2A_T19LDH_A015723_20180626T145458/IMG_DATA/R10m/T19LDH_20180626T144731_B02_10m.tif,https://sentinel2l2a01.blob.core.windows.net/sentinel2-l2/19/L/DH/2018/06/26/S2A_MSIL2A_20180626T144731_N0212_R139_T19LDH_20201012T023611.SAFE/GRANULE/L2A_T19LDH_A015723_20180626T145458/IMG_DATA/R10m/T19LDH_20180626T144731_B03_10m.tif,https://sentinel2l2a01.blob.core.windows.net/sentinel2-l2/19/L/DH/2018/06/26/S2A_MSIL2A_20180626T144731_N0212_R139_T19LDH_20201012T023611.SAFE/GRANULE/L2A_T19LDH_A015723_20180626T145458/IMG_DATA/R10m/T19LDH_20180626T144731_B04_10m.tif,https://sentinel2l2a01.blob.core.windows.net/sentinel2-l2/19/L/DH/2018/06/26/S2A_MSIL2A_20180626T144731_N0212_R139_T19LDH_20201012T023611.SAFE/GRANULE/L2A_T19LDH_A015723_20180626T145458/IMG_DATA/R10m/T19LDH_20180626T144731_B08_10m.tif,https://sentinel2l2a01.blob.core.windows.net/sentinel2-l2/19/L/DH/2018/06/26/S2A_MSIL2A_20180626T144731_N0212_R139_T19LDH_20201012T023611.SAFE/GRANULE/L2A_T19LDH_A015723_20180626T145458/IMG_DATA/R20m/T19LDH_20180626T144731_SCL_20m.tif,,2026-08-09T23:20:24.475049Z,discovered
iberia_final_holdout,final_geographic_holdout,2018,2018-06-01,2018-09-30,S2B_MSIL2A_20180621T144729_R139_T19LDH_20201012T005159,2018-06-21T14:47:29.024000Z,0.962505,Sentinel-2B,02.12,32719,sentinel-2-l2a,https://planetarycomputer.microsoft.com/api/stac/v1/collections/sentinel-2-l2a/items/S2B_MSIL2A_20180621T144729_R139_T19LDH_20201012T005159,"[-69.70627,-11.848475404292838,-68.9104,-10.854708589895546]",True,,https://sentinel2l2a01.blob.core.windows.net/sentinel2-l2/19/L/DH/2018/06/21/S2B_MSIL2A_20180621T144729_N0212_R139_T19LDH_20201012T005159.SAFE/GRANULE/L2A_T19LDH_A006743_20180621T144729/IMG_DATA/R10m/T19LDH_20180621T144729_B02_10m.tif,https://sentinel2l2a01.blob.core.windows.net/sentinel2-l2/19/L/DH/2018/06/21/S2B_MSIL2A_20180621T144729_N0212_R139_T19LDH_20201012T005159.SAFE/GRANULE/L2A_T19LDH_A006743_20180621T144729/IMG_DATA/R10m/T19LDH_20180621T144729_B03_10m.tif,https://sentinel2l2a01.blob.core.windows.net/sentinel2-l2/19/L/DH/2018/06/21/S2B_MSIL2A_20180621T144729_N0212_R139_T19LDH_20201012T005159.SAFE/GRANULE/L2A_T19LDH_A006743_20180621T144729/IMG_DATA/R10m/T19LDH_20180621T144729_B04_10m.tif,https://sentinel2l2a01.blob.core.windows.net/sentinel2-l2/19/L/DH/2018/06/21/S2B_MSIL2A_20180621T144729_N0212_R139_T19LDH_20201012T005159.SAFE/GRANULE/L2A_T19LDH_A006743_20180621T144729/IMG_DATA/R10m/T19LDH_20180621T144729_B08_10m.tif,https://sentinel2l2a01.blob.core.windows.net/sentinel2-l2/19/L/DH/2018/06/21/S2B_MSIL2A_20180621T144729_N0212_R139_T19LDH_20201012T005159.SAFE/GRANULE/L2A_T19LDH_A006743_20180621T144729/IMG_DATA/R20m/T19LDH_20180621T144729_SCL_20m.tif,,2026-08-09T23:20:24.475049Z,discovered
iberia_final_holdout,final_geographic_holdout,2018,2018-06-01,2018-09-30,S2A_MSIL2A_20180619T145731_R039_T19LDH_20201011T235601,2018-06-19T14:57:31.024000Z,0.024225,Sentinel-2A,02.12,32719,sentinel-2-l2a,https://planetarycomputer.microsoft.com/api/stac/v1/collections/sentinel-2-l2a/items/S2A_MSIL2A_20180619T145731_R039_T19LDH_20201011T235601,"[-69.91843519893892,-11.84768763245338,-69.2302623188115,-10.854120303387177]",True,,https://sentinel2l2a01.blob.core.windows.net/sentinel2-l2/19/L/DH/2018/06/19/S2A_MSIL2A_20180619T145731_N0212_R039_T19LDH_20201011T235601.SAFE/GRANULE/L2A_T19LDH_A015623_20180619T150221/IMG_DATA/R10m/T19LDH_20180619T145731_B02_10m.tif,https://sentinel2l2a01.blob.core.windows.net/sentinel2-l2/19/L/DH/2018/06/19/S2A_MSIL2A_20180619T145731_N0212_R039_T19LDH_20201011T235601.SAFE/GRANULE/L2A_T19LDH_A015623_20180619T150221/IMG_DATA/R10m/T19LDH_20180619T145731_B03_10m.tif,https://sentinel2l2a01.blob.core.windows.net/sentinel2-l2/19/L/DH/2018/06/19/S2A_MSIL2A_20180619T145731_N0212_R039_T19LDH_20201011T235601.SAFE/GRANULE/L2A_T19LDH_A015623_20180619T150221/IMG_DATA/R10m/T19LDH_20180619T145731_B04_10m.tif,https://sentinel2l2a01.blob.core.windows.net/sentinel2-l2/19/L/DH/2018/06/19/S2A_MSIL2A_20180619T145731_N0212_R039_T19LDH_20201011T235601.SAFE/GRANULE/L2A_T19LDH_A015623_20180619T150221/IMG_DATA/R10m/T19LDH_20180619T145731_B08_10m.tif,https://sentinel2l2a01.blob.core.windows.net/sentinel2-l2/19/L/DH/2018/06/19/S2A_MSIL2A_20180619T145731_N0212_R039_T19LDH_20201011T235601.SAFE/GRANULE/L2A_T19LDH_A015623_20180619T150221/IMG_DATA/R20m/T19LDH_20180619T145731_SCL_20m.tif,,2026-08-09T23:20:24.475049Z,discovered
iberia_final_holdout,final_geographic_holdout,2018,2018-06-01,2018-09-30,S2B_MSIL2A_20180611T144729_R139_T19LDH_20201026T222215,2018-06-11T14:47:29.024000Z,13.17348,Sentinel-2B,02.12,32719,sentinel-2-l2a,https://planetarycomputer.microsoft.com/api/stac/v1/collections/sentinel-2-l2a/items/S2B_MSIL2A_20180611T144729_R139_T19LDH_20201026T222215,"[-69.70404,-11.848475404292838,-68.9104,-10.854712781238367]",True,,https://sentinel2l2a01.blob.core.windows.net/sentinel2-l2/19/L/DH/2018/06/11/S2B_MSIL2A_20180611T144729_N0212_R139_T19LDH_20201026T222215.SAFE/GRANULE/L2A_T19LDH_A006600_20180611T145550/IMG_DATA/R10m/T19LDH_20180611T144729_B02_10m.tif,https://sentinel2l2a01.blob.core.windows.net/sentinel2-l2/19/L/DH/2018/06/11/S2B_MSIL2A_20180611T144729_N0212_R139_T19LDH_20201026T222215.SAFE/GRANULE/L2A_T19LDH_A006600_20180611T145550/IMG_DATA/R10m/T19LDH_20180611T144729_B03_10m.tif,https://sentinel2l2a01.blob.core.windows.net/sentinel2-l2/19/L/DH/2018/06/11/S2B_MSIL2A_20180611T144729_N0212_R139_T19LDH_20201026T222215.SAFE/GRANULE/L2A_T19LDH_A006600_20180611T145550/IMG_DATA/R10m/T19LDH_20180611T144729_B04_10m.tif,https://sentinel2l2a01.blob.core.windows.net/sentinel2-l2/19/L/DH/2018/06/11/S2B_MSIL2A_20180611T144729_N0212_R139_T19LDH_20201026T222215.SAFE/GRANULE/L2A_T19LDH_A006600_20180611T145550/IMG_DATA/R10m/T19LDH_20180611T144729_B08_10m.tif,https://sentinel2l2a01.blob.core.windows.net/sentinel2-l2/19/L/DH/2018/06/11/S2B_MSIL2A_20180611T144729_N0212_R139_T19LDH_20201026T222215.SAFE/GRANULE/L2A_T19LDH_A006600_20180611T145550/IMG_DATA/R20m/T19LDH_20180611T144729_SCL_20m.tif,,2026-08-09T23:20:24.475049Z,discovered
iberia_final_holdout,final_geographic_holdout,2022,2022-06-01,2022-09-30,S2A_MSIL2A_20220926T145731_R039_T19LDH_20240731T141746,2022-09-26T14:57:31.024000Z,6.467807,Sentinel-2A,05.10,32719,sentinel-2-l2a,https://planetarycomputer.microsoft.com/api/stac/v1/collections/sentinel-2-l2a/items/S2A_MSIL2A_20220926T145731_R039_T19LDH_20240731T141746,"[-69.9184352,-11.8476661,-69.2439817,-10.8541203]",True,,https://sentinel2l2a01.blob.core.windows.net/sentinel2-l2/19/L/DH/2022/09/26/S2A_MSIL2A_20220926T145731_N0510_R039_T19LDH_20240731T141746.SAFE/GRANULE/L2A_T19LDH_A037931_20220926T145954/IMG_DATA/R10m/T19LDH_20220926T145731_B02_10m.tif,https://sentinel2l2a01.blob.core.windows.net/sentinel2-l2/19/L/DH/2022/09/26/S2A_MSIL2A_20220926T145731_N0510_R039_T19LDH_20240731T141746.SAFE/GRANULE/L2A_T19LDH_A037931_20220926T145954/IMG_DATA/R10m/T19LDH_20220926T145731_B03_10m.tif,https://sentinel2l2a01.blob.core.windows.net/sentinel2-l2/19/L/DH/2022/09/26/S2A_MSIL2A_20220926T145731_N0510_R039_T19LDH_20240731T141746.SAFE/GRANULE/L2A_T19LDH_A037931_20220926T145954/IMG_DATA/R10m/T19LDH_20220926T145731_B04_10m.tif,https://sentinel2l2a01.blob.core.windows.net/sentinel2-l2/19/L/DH/2022/09/26/S2A_MSIL2A_20220926T145731_N0510_R039_T19LDH_20240731T141746.SAFE/GRANULE/L2A_T19LDH_A037931_20220926T145954/IMG_DATA/R10m/T19LDH_20220926T145731_B08_10m.tif,https://sentinel2l2a01.blob.core.windows.net/sentinel2-l2/19/L/DH/2022/09/26/S2A_MSIL2A_20220926T145731_N0510_R039_T19LDH_20240731T141746.SAFE/GRANULE/L2A_T19LDH_A037931_20220926T145954/IMG_DATA/R20m/T19LDH_20220926T145731_SCL_20m.tif,,2026-08-09T23:20:24.475049Z,discovered
iberia_final_holdout,final_geographic_holdout,2022,2022-06-01,2022-09-30,S2A_MSIL2A_20220926T145731_R039_T19LDH_20220927T082906,2022-09-26T14:57:31.024000Z,6.474277,Sentinel-2A,04.00,32719,sentinel-2-l2a,https://planetarycomputer.microsoft.com/api/stac/v1/collections/sentinel-2-l2a/items/S2A_MSIL2A_20220926T145731_R039_T19LDH_20220927T082906,"[-69.91843,-11.84766617,-69.24396,-10.8541203]",True,,https://sentinel2l2a01.blob.core.windows.net/sentinel2-l2/19/L/DH/2022/09/26/S2A_MSIL2A_20220926T145731_N0400_R039_T19LDH_20220927T082906.SAFE/GRANULE/L2A_T19LDH_A037931_20220926T145954/IMG_DATA/R10m/T19LDH_20220926T145731_B02_10m.tif,https://sentinel2l2a01.blob.core.windows.net/sentinel2-l2/19/L/DH/2022/09/26/S2A_MSIL2A_20220926T145731_N0400_R039_T19LDH_20220927T082906.SAFE/GRANULE/L2A_T19LDH_A037931_20220926T145954/IMG_DATA/R10m/T19LDH_20220926T145731_B03_10m.tif,https://sentinel2l2a01.blob.core.windows.net/sentinel2-l2/19/L/DH/2022/09/26/S2A_MSIL2A_20220926T145731_N0400_R039_T19LDH_20220927T082906.SAFE/GRANULE/L2A_T19LDH_A037931_20220926T145954/IMG_DATA/R10m/T19LDH_20220926T145731_B04_10m.tif,https://sentinel2l2a01.blob.core.windows.net/sentinel2-l2/19/L/DH/2022/09/26/S2A_MSIL2A_20220926T145731_N0400_R039_T19LDH_20220927T082906.SAFE/GRANULE/L2A_T19LDH_A037931_20220926T145954/IMG_DATA/R10m/T19LDH_20220926T145731_B08_10m.tif,https://sentinel2l2a01.blob.core.windows.net/sentinel2-l2/19/L/DH/2022/09/26/S2A_MSIL2A_20220926T145731_N0400_R039_T19LDH_20220927T082906.SAFE/GRANULE/L2A_T19LDH_A037931_20220926T145954/IMG_DATA/R20m/T19LDH_20220926T145731_SCL_20m.tif,,2026-08-09T23:20:24.475049Z,discovered
iberia_final_holdout,final_geographic_holdout,2022,2022-06-01,2022-09-30,S2B_MSIL2A_20220918T144729_R139_T19LDH_20240731T115220,2022-09-18T14:47:29.024000Z,14.533795,Sentinel-2B,05.10,32719,sentinel-2-l2a,https://planetarycomputer.microsoft.com/api/stac/v1/collections/sentinel-2-l2a/items/S2B_MSIL2A_20220918T144729_R139_T19LDH_20240731T115220,"[-69.7140482,-11.8484754,-68.9103926,-10.8546986]",True,,https://sentinel2l2a01.blob.core.windows.net/sentinel2-l2/19/L/DH/2022/09/18/S2B_MSIL2A_20220918T144729_N0510_R139_T19LDH_20240731T115220.SAFE/GRANULE/L2A_T19LDH_A028908_20220918T145244/IMG_DATA/R10m/T19LDH_20220918T144729_B02_10m.tif,https://sentinel2l2a01.blob.core.windows.net/sentinel2-l2/19/L/DH/2022/09/18/S2B_MSIL2A_20220918T144729_N0510_R139_T19LDH_20240731T115220.SAFE/GRANULE/L2A_T19LDH_A028908_20220918T145244/IMG_DATA/R10m/T19LDH_20220918T144729_B03_10m.tif,https://sentinel2l2a01.blob.core.windows.net/sentinel2-l2/19/L/DH/2022/09/18/S2B_MSIL2A_20220918T144729_N0510_R139_T19LDH_20240731T115220.SAFE/GRANULE/L2A_T19LDH_A028908_20220918T145244/IMG_DATA/R10m/T19LDH_20220918T144729_B04_10m.tif,https://sentinel2l2a01.blob.core.windows.net/sentinel2-l2/19/L/DH/2022/09/18/S2B_MSIL2A_20220918T144729_N0510_R139_T19LDH_20240731T115220.SAFE/GRANULE/L2A_T19LDH_A028908_20220918T145244/IMG_DATA/R10m/T19LDH_20220918T144729_B08_10m.tif,https://sentinel2l2a01.blob.core.windows.net/sentinel2-l2/19/L/DH/2022/09/18/S2B_MSIL2A_20220918T144729_N0510_R139_T19LDH_20240731T115220.SAFE/GRANULE/L2A_T19LDH_A028908_20220918T145244/IMG_DATA/R20m/T19LDH_20220918T144729_SCL_20m.tif,,2026-08-09T23:20:24.475049Z,discovered
iberia_final_holdout,final_geographic_holdout,2022,2022-06-01,2022-09-30,S2B_MSIL2A_20220918T144729_R139_T19LDH_20220919T081414,2022-09-18T14:47:29.024000Z,13.980813,Sentinel-2B,04.00,32719,sentinel-2-l2a,https://planetarycomputer.microsoft.com/api/stac/v1/collections/sentinel-2-l2a/items/S2B_MSIL2A_20220918T144729_R139_T19LDH_20220919T081414,"[-69.71402,-11.8484754,-68.9104,-10.85469862]",True,,https://sentinel2l2a01.blob.core.windows.net/sentinel2-l2/19/L/DH/2022/09/18/S2B_MSIL2A_20220918T144729_N0400_R139_T19LDH_20220919T081414.SAFE/GRANULE/L2A_T19LDH_A028908_20220918T145244/IMG_DATA/R10m/T19LDH_20220918T144729_B02_10m.tif,https://sentinel2l2a01.blob.core.windows.net/sentinel2-l2/19/L/DH/2022/09/18/S2B_MSIL2A_20220918T144729_N0400_R139_T19LDH_20220919T081414.SAFE/GRANULE/L2A_T19LDH_A028908_20220918T145244/IMG_DATA/R10m/T19LDH_20220918T144729_B03_10m.tif,https://sentinel2l2a01.blob.core.windows.net/sentinel2-l2/19/L/DH/2022/09/18/S2B_MSIL2A_20220918T144729_N0400_R139_T19LDH_20220919T081414.SAFE/GRANULE/L2A_T19LDH_A028908_20220918T145244/IMG_DATA/R10m/T19LDH_20220918T144729_B04_10m.tif,https://sentinel2l2a01.blob.core.windows.net/sentinel2-l2/19/L/DH/2022/09/18/S2B_MSIL2A_20220918T144729_N0400_R139_T19LDH_20220919T081414.SAFE/GRANULE/L2A_T19LDH_A028908_20220918T145244/IMG_DATA/R10m/T19LDH_20220918T144729_B08_10m.tif,https://sentinel2l2a01.blob.core.windows.net/sentinel2-l2/19/L/DH/2022/09/18/S2B_MSIL2A_20220918T144729_N0400_R139_T19LDH_20220919T081414.SAFE/GRANULE/L2A_T19LDH_A028908_20220918T145244/IMG_DATA/R20m/T19LDH_20220918T144729_SCL_20m.tif,,2026-08-09T23:20:24.475049Z,discovered
iberia_final_holdout,final_geographic_holdout,2022,2022-06-01,2022-09-30,S2A_MSIL2A_20220916T145731_R039_T19LDH_20240731T135215,2022-09-16T14:57:31.024000Z,18.180449,Sentinel-2A,05.10,32719,sentinel-2-l2a,https://planetarycomputer.microsoft.com/api/stac/v1/collections/sentinel-2-l2a/items/S2A_MSIL2A_20220916T145731_R039_T19LDH_20240731T135215,"[-69.9184352,-11.8476624,-69.2469755,-10.8541203]",True,,https://sentinel2l2a01.blob.core.windows.net/sentinel2-l2/19/L/DH/2022/09/16/S2A_MSIL2A_20220916T145731_N0510_R039_T19LDH_20240731T135215.SAFE/GRANULE/L2A_T19LDH_A037788_20220916T145734/IMG_DATA/R10m/T19LDH_20220916T145731_B02_10m.tif,https://sentinel2l2a01.blob.core.windows.net/sentinel2-l2/19/L/DH/2022/09/16/S2A_MSIL2A_20220916T145731_N0510_R039_T19LDH_20240731T135215.SAFE/GRANULE/L2A_T19LDH_A037788_20220916T145734/IMG_DATA/R10m/T19LDH_20220916T145731_B03_10m.tif,https://sentinel2l2a01.blob.core.windows.net/sentinel2-l2/19/L/DH/2022/09/16/S2A_MSIL2A_20220916T145731_N0510_R039_T19LDH_20240731T135215.SAFE/GRANULE/L2A_T19LDH_A037788_20220916T145734/IMG_DATA/R10m/T19LDH_20220916T145731_B04_10m.tif,https://sentinel2l2a01.blob.core.windows.net/sentinel2-l2/19/L/DH/2022/09/16/S2A_MSIL2A_20220916T145731_N0510_R039_T19LDH_20240731T135215.SAFE/GRANULE/L2A_T19LDH_A037788_20220916T145734/IMG_DATA/R10m/T19LDH_20220916T145731_B08_10m.tif,https://sentinel2l2a01.blob.core.windows.net/sentinel2-l2/19/L/DH/2022/09/16/S2A_MSIL2A_20220916T145731_N0510_R039_T19LDH_20240731T135215.SAFE/GRANULE/L2A_T19LDH_A037788_20220916T145734/IMG_DATA/R20m/T19LDH_20220916T145731_SCL_20m.tif,,2026-08-09T23:20:24.475049Z,discovered
iberia_final_holdout,final_geographic_holdout,2022,2022-06-01,2022-09-30,S2A_MSIL2A_20220916T145731_R039_T19LDH_20220917T094336,2022-09-16T14:57:31.024000Z,18.188149,Sentinel-2A,04.00,32719,sentinel-2-l2a,https://planetarycomputer.microsoft.com/api/stac/v1/collections/sentinel-2-l2a/items/S2A_MSIL2A_20220916T145731_R039_T19LDH_20220917T094336,"[-69.91843,-11.84766244,-69.24695,-10.8541203]",True,,https://sentinel2l2a01.blob.core.windows.net/sentinel2-l2/19/L/DH/2022/09/16/S2A_MSIL2A_20220916T145731_N0400_R039_T19LDH_20220917T094336.SAFE/GRANULE/L2A_T19LDH_A037788_20220916T145734/IMG_DATA/R10m/T19LDH_20220916T145731_B02_10m.tif,https://sentinel2l2a01.blob.core.windows.net/sentinel2-l2/19/L/DH/2022/09/16/S2A_MSIL2A_20220916T145731_N0400_R039_T19LDH_20220917T094336.SAFE/GRANULE/L2A_T19LDH_A037788_20220916T145734/IMG_DATA/R10m/T19LDH_20220916T145731_B03_10m.tif,https://sentinel2l2a01.blob.core.windows.net/sentinel2-l2/19/L/DH/2022/09/16/S2A_MSIL2A_20220916T145731_N0400_R039_T19LDH_20220917T094336.SAFE/GRANULE/L2A_T19LDH_A037788_20220916T145734/IMG_DATA/R10m/T19LDH_20220916T145731_B04_10m.tif,https://sentinel2l2a01.blob.core.windows.net/sentinel2-l2/19/L/DH/2022/09/16/S2A_MSIL2A_20220916T145731_N0400_R039_T19LDH_20220917T094336.SAFE/GRANULE/L2A_T19LDH_A037788_20220916T145734/IMG_DATA/R10m/T19LDH_20220916T145731_B08_10m.tif,https://sentinel2l2a01.blob.core.windows.net/sentinel2-l2/19/L/DH/2022/09/16/S2A_MSIL2A_20220916T145731_N0400_R039_T19LDH_20220917T094336.SAFE/GRANULE/L2A_T19LDH_A037788_20220916T145734/IMG_DATA/R20m/T19LDH_20220916T145731_SCL_20m.tif,,2026-08-09T23:20:24.475049Z,discovered
iberia_final_holdout,final_geographic_holdout,2022,2022-06-01,2022-09-30,S2B_MSIL2A_20220908T144729_R139_T19LDH_20220910T025414,2022-09-08T14:47:29.024000Z,0.000925,Sentinel-2B,04.00,32719,sentinel-2-l2a,https://planetarycomputer.microsoft.com/api/stac/v1/collections/sentinel-2-l2a/items/S2B_MSIL2A_20220908T144729_R139_T19LDH_20220910T025414,"[-69.71127,-11.8484754,-68.9104,-10.85470264]",True,,https://sentinel2l2a01.blob.core.windows.net/sentinel2-l2/19/L/DH/2022/09/08/S2B_MSIL2A_20220908T144729_N0400_R139_T19LDH_20220910T025414.SAFE/GRANULE/L2A_T19LDH_A028765_20220908T145249/IMG_DATA/R10m/T19LDH_20220908T144729_B02_10m.tif,https://sentinel2l2a01.blob.core.windows.net/sentinel2-l2/19/L/DH/2022/09/08/S2B_MSIL2A_20220908T144729_N0400_R139_T19LDH_20220910T025414.SAFE/GRANULE/L2A_T19LDH_A028765_20220908T145249/IMG_DATA/R10m/T19LDH_20220908T144729_B03_10m.tif,https://sentinel2l2a01.blob.core.windows.net/sentinel2-l2/19/L/DH/2022/09/08/S2B_MSIL2A_20220908T144729_N0400_R139_T19LDH_20220910T025414.SAFE/GRANULE/L2A_T19LDH_A028765_20220908T145249/IMG_DATA/R10m/T19LDH_20220908T144729_B04_10m.tif,https://sentinel2l2a01.blob.core.windows.net/sentinel2-l2/19/L/DH/2022/09/08/S2B_MSIL2A_20220908T144729_N0400_R139_T19LDH_20220910T025414.SAFE/GRANULE/L2A_T19LDH_A028765_20220908T145249/IMG_DATA/R10m/T19LDH_20220908T144729_B08_10m.tif,https://sentinel2l2a01.blob.core.windows.net/sentinel2-l2/19/L/DH/2022/09/08/S2B_MSIL2A_20220908T144729_N0400_R139_T19LDH_20220910T025414.SAFE/GRANULE/L2A_T19LDH_A028765_20220908T145249/IMG_DATA/R20m/T19LDH_20220908T144729_SCL_20m.tif,,2026-08-09T23:20:24.475049Z,discovered
iberia_final_holdout,final_geographic_holdout,2022,2022-06-01,2022-09-30,S2A_MSIL2A_20220906T145741_R039_T19LDH_20220907T130252,2022-09-06T14:57:41.024000Z,0.000717,Sentinel-2A,04.00,32719,sentinel-2-l2a,https://planetarycomputer.microsoft.com/api/stac/v1/collections/sentinel-2-l2a/items/S2A_MSIL2A_20220906T145741_R039_T19LDH_20220907T130252,"[-69.91843,-11.84765419,-69.25302,-10.8541203]",True,,https://sentinel2l2a01.blob.core.windows.net/sentinel2-l2/19/L/DH/2022/09/06/S2A_MSIL2A_20220906T145741_N0400_R039_T19LDH_20220907T130252.SAFE/GRANULE/L2A_T19LDH_A037645_20220906T150345/IMG_DATA/R10m/T19LDH_20220906T145741_B02_10m.tif,https://sentinel2l2a01.blob.core.windows.net/sentinel2-l2/19/L/DH/2022/09/06/S2A_MSIL2A_20220906T145741_N0400_R039_T19LDH_20220907T130252.SAFE/GRANULE/L2A_T19LDH_A037645_20220906T150345/IMG_DATA/R10m/T19LDH_20220906T145741_B03_10m.tif,https://sentinel2l2a01.blob.core.windows.net/sentinel2-l2/19/L/DH/2022/09/06/S2A_MSIL2A_20220906T145741_N0400_R039_T19LDH_20220907T130252.SAFE/GRANULE/L2A_T19LDH_A037645_20220906T150345/IMG_DATA/R10m/T19LDH_20220906T145741_B04_10m.tif,https://sentinel2l2a01.blob.core.windows.net/sentinel2-l2/19/L/DH/2022/09/06/S2A_MSIL2A_20220906T145741_N0400_R039_T19LDH_20220907T130252.SAFE/GRANULE/L2A_T19LDH_A037645_20220906T150345/IMG_DATA/R10m/T19LDH_20220906T145741_B08_10m.tif,https://sentinel2l2a01.blob.core.windows.net/sentinel2-l2/19/L/DH/2022/09/06/S2A_MSIL2A_20220906T145741_N0400_R039_T19LDH_20220907T130252.SAFE/GRANULE/L2A_T19LDH_A037645_20220906T150345/IMG_DATA/R20m/T19LDH_20220906T145741_SCL_20m.tif,,2026-08-09T23:20:24.475049Z,discovered
iberia_final_holdout,final_geographic_holdout,2022,2022-06-01,2022-09-30,S2A_MSIL2A_20220903T144741_R139_T19LDH_20220904T032304,2022-09-03T14:47:41.024000Z,0.002196,Sentinel-2A,04.00,32719,sentinel-2-l2a,https://planetarycomputer.microsoft.com/api/stac/v1/collections/sentinel-2-l2a/items/S2A_MSIL2A_20220903T144741_R139_T19LDH_20220904T032304,"[-69.72327,-11.8484754,-68.9104,-10.85468582]",True,,https://sentinel2l2a01.blob.core.windows.net/sentinel2-l2/19/L/DH/2022/09/03/S2A_MSIL2A_20220903T144741_N0400_R139_T19LDH_20220904T032304.SAFE/GRANULE/L2A_T19LDH_A037602_20220903T145502/IMG_DATA/R10m/T19LDH_20220903T144741_B02_10m.tif,https://sentinel2l2a01.blob.core.windows.net/sentinel2-l2/19/L/DH/2022/09/03/S2A_MSIL2A_20220903T144741_N0400_R139_T19LDH_20220904T032304.SAFE/GRANULE/L2A_T19LDH_A037602_20220903T145502/IMG_DATA/R10m/T19LDH_20220903T144741_B03_10m.tif,https://sentinel2l2a01.blob.core.windows.net/sentinel2-l2/19/L/DH/2022/09/03/S2A_MSIL2A_20220903T144741_N0400_R139_T19LDH_20220904T032304.SAFE/GRANULE/L2A_T19LDH_A037602_20220903T145502/IMG_DATA/R10m/T19LDH_20220903T144741_B04_10m.tif,https://sentinel2l2a01.blob.core.windows.net/sentinel2-l2/19/L/DH/2022/09/03/S2A_MSIL2A_20220903T144741_N0400_R139_T19LDH_20220904T032304.SAFE/GRANULE/L2A_T19LDH_A037602_20220903T145502/IMG_DATA/R10m/T19LDH_20220903T144741_B08_10m.tif,https://sentinel2l2a01.blob.core.windows.net/sentinel2-l2/19/L/DH/2022/09/03/S2A_MSIL2A_20220903T144741_N0400_R139_T19LDH_20220904T032304.SAFE/GRANULE/L2A_T19LDH_A037602_20220903T145502/IMG_DATA/R20m/T19LDH_20220903T144741_SCL_20m.tif,,2026-08-09T23:20:24.475049Z,discovered
iberia_final_holdout,final_geographic_holdout,2022,2022-06-01,2022-09-30,S2B_MSIL2A_20220901T145729_R039_T19LDH_20220902T070010,2022-09-01T14:57:29.024000Z,0.00067,Sentinel-2B,04.00,32719,sentinel-2-l2a,https://planetarycomputer.microsoft.com/api/stac/v1/collections/sentinel-2-l2a/items/S2B_MSIL2A_20220901T145729_R039_T19LDH_20220902T070010,"[-69.91843,-11.84768488,-69.23169,-10.8541203]",True,,https://sentinel2l2a01.blob.core.windows.net/sentinel2-l2/19/L/DH/2022/09/01/S2B_MSIL2A_20220901T145729_N0400_R039_T19LDH_20220902T070010.SAFE/GRANULE/L2A_T19LDH_A028665_20220901T145726/IMG_DATA/R10m/T19LDH_20220901T145729_B02_10m.tif,https://sentinel2l2a01.blob.core.windows.net/sentinel2-l2/19/L/DH/2022/09/01/S2B_MSIL2A_20220901T145729_N0400_R039_T19LDH_20220902T070010.SAFE/GRANULE/L2A_T19LDH_A028665_20220901T145726/IMG_DATA/R10m/T19LDH_20220901T145729_B03_10m.tif,https://sentinel2l2a01.blob.core.windows.net/sentinel2-l2/19/L/DH/2022/09/01/S2B_MSIL2A_20220901T145729_N0400_R039_T19LDH_20220902T070010.SAFE/GRANULE/L2A_T19LDH_A028665_20220901T145726/IMG_DATA/R10m/T19LDH_20220901T145729_B04_10m.tif,https://sentinel2l2a01.blob.core.windows.net/sentinel2-l2/19/L/DH/2022/09/01/S2B_MSIL2A_20220901T145729_N0400_R039_T19LDH_20220902T070010.SAFE/GRANULE/L2A_T19LDH_A028665_20220901T145726/IMG_DATA/R10m/T19LDH_20220901T145729_B08_10m.tif,https://sentinel2l2a01.blob.core.windows.net/sentinel2-l2/19/L/DH/2022/09/01/S2B_MSIL2A_20220901T145729_N0400_R039_T19LDH_20220902T070010.SAFE/GRANULE/L2A_T19LDH_A028665_20220901T145726/IMG_DATA/R20m/T19LDH_20220901T145729_SCL_20m.tif,,2026-08-09T23:20:24.475049Z,discovered
iberia_final_holdout,final_geographic_holdout,2022,2022-06-01,2022-09-30,S2A_MSIL2A_20220824T144741_R139_T19LDH_20240704T164843,2022-08-24T14:47:41.024000Z,0.001335,Sentinel-2A,05.10,32719,sentinel-2-l2a,https://planetarycomputer.microsoft.com/api/stac/v1/collections/sentinel-2-l2a/items/S2A_MSIL2A_20220824T144741_R139_T19LDH_20240704T164843,"[-69.7238518,-11.8484754,-68.9103926,-10.854686]",True,,https://sentinel2l2a01.blob.core.windows.net/sentinel2-l2/19/L/DH/2022/08/24/S2A_MSIL2A_20220824T144741_N0510_R139_T19LDH_20240704T164843.SAFE/GRANULE/L2A_T19LDH_A037459_20220824T145550/IMG_DATA/R10m/T19LDH_20220824T144741_B02_10m.tif,https://sentinel2l2a01.blob.core.windows.net/sentinel2-l2/19/L/DH/2022/08/24/S2A_MSIL2A_20220824T144741_N0510_R139_T19LDH_20240704T164843.SAFE/GRANULE/L2A_T19LDH_A037459_20220824T145550/IMG_DATA/R10m/T19LDH_20220824T144741_B03_10m.tif,https://sentinel2l2a01.blob.core.windows.net/sentinel2-l2/19/L/DH/2022/08/24/S2A_MSIL2A_20220824T144741_N0510_R139_T19LDH_20240704T164843.SAFE/GRANULE/L2A_T19LDH_A037459_20220824T145550/IMG_DATA/R10m/T19LDH_20220824T144741_B04_10m.tif,https://sentinel2l2a01.blob.core.windows.net/sentinel2-l2/19/L/DH/2022/08/24/S2A_MSIL2A_20220824T144741_N0510_R139_T19LDH_20240704T164843.SAFE/GRANULE/L2A_T19LDH_A037459_20220824T145550/IMG_DATA/R10m/T19LDH_20220824T144741_B08_10m.tif,https://sentinel2l2a01.blob.core.windows.net/sentinel2-l2/19/L/DH/2022/08/24/S2A_MSIL2A_20220824T144741_N0510_R139_T19LDH_20240704T164843.SAFE/GRANULE/L2A_T19LDH_A037459_20220824T145550/IMG_DATA/R20m/T19LDH_20220824T144741_SCL_20m.tif,,2026-08-09T23:20:24.475049Z,discovered
iberia_final_holdout,final_geographic_holdout,2022,2022-06-01,2022-09-30,S2A_MSIL2A_20220824T144741_R139_T19LDH_20220825T132912,2022-08-24T14:47:41.024000Z,0.001339,Sentinel-2A,04.00,32719,sentinel-2-l2a,https://planetarycomputer.microsoft.com/api/stac/v1/collections/sentinel-2-l2a/items/S2A_MSIL2A_20220824T144741_R139_T19LDH_20220825T132912,"[-69.72385,-11.8484754,-68.9104,-10.85468605]",True,,https://sentinel2l2a01.blob.core.windows.net/sentinel2-l2/19/L/DH/2022/08/24/S2A_MSIL2A_20220824T144741_N0400_R139_T19LDH_20220825T132912.SAFE/GRANULE/L2A_T19LDH_A037459_20220824T145550/IMG_DATA/R10m/T19LDH_20220824T144741_B02_10m.tif,https://sentinel2l2a01.blob.core.windows.net/sentinel2-l2/19/L/DH/2022/08/24/S2A_MSIL2A_20220824T144741_N0400_R139_T19LDH_20220825T132912.SAFE/GRANULE/L2A_T19LDH_A037459_20220824T145550/IMG_DATA/R10m/T19LDH_20220824T144741_B03_10m.tif,https://sentinel2l2a01.blob.core.windows.net/sentinel2-l2/19/L/DH/2022/08/24/S2A_MSIL2A_20220824T144741_N0400_R139_T19LDH_20220825T132912.SAFE/GRANULE/L2A_T19LDH_A037459_20220824T145550/IMG_DATA/R10m/T19LDH_20220824T144741_B04_10m.tif,https://sentinel2l2a01.blob.core.windows.net/sentinel2-l2/19/L/DH/2022/08/24/S2A_MSIL2A_20220824T144741_N0400_R139_T19LDH_20220825T132912.SAFE/GRANULE/L2A_T19LDH_A037459_20220824T145550/IMG_DATA/R10m/T19LDH_20220824T144741_B08_10m.tif,https://sentinel2l2a01.blob.core.windows.net/sentinel2-l2/19/L/DH/2022/08/24/S2A_MSIL2A_20220824T144741_N0400_R139_T19LDH_20220825T132912.SAFE/GRANULE/L2A_T19LDH_A037459_20220824T145550/IMG_DATA/R20m/T19LDH_20220824T144741_SCL_20m.tif,,2026-08-09T23:20:24.475049Z,discovered
iberia_final_holdout,final_geographic_holdout,2022,2022-06-01,2022-09-30,S2B_MSIL2A_20220822T145729_R039_T19LDH_20240704T091633,2022-08-22T14:57:29.024000Z,0.000639,Sentinel-2B,05.10,32719,sentinel-2-l2a,https://planetarycomputer.microsoft.com/api/stac/v1/collections/sentinel-2-l2a/items/S2B_MSIL2A_20220822T145729_R039_T19LDH_20240704T091633,"[-69.9184352,-11.847688,-69.2296516,-10.8541203]",True,,https://sentinel2l2a01.blob.core.windows.net/sentinel2-l2/19/L/DH/2022/08/22/S2B_MSIL2A_20220822T145729_N0510_R039_T19LDH_20240704T091633.SAFE/GRANULE/L2A_T19LDH_A028522_20220822T145726/IMG_DATA/R10m/T19LDH_20220822T145729_B02_10m.tif,https://sentinel2l2a01.blob.core.windows.net/sentinel2-l2/19/L/DH/2022/08/22/S2B_MSIL2A_20220822T145729_N0510_R039_T19LDH_20240704T091633.SAFE/GRANULE/L2A_T19LDH_A028522_20220822T145726/IMG_DATA/R10m/T19LDH_20220822T145729_B03_10m.tif,https://sentinel2l2a01.blob.core.windows.net/sentinel2-l2/19/L/DH/2022/08/22/S2B_MSIL2A_20220822T145729_N0510_R039_T19LDH_20240704T091633.SAFE/GRANULE/L2A_T19LDH_A028522_20220822T145726/IMG_DATA/R10m/T19LDH_20220822T145729_B04_10m.tif,https://sentinel2l2a01.blob.core.windows.net/sentinel2-l2/19/L/DH/2022/08/22/S2B_MSIL2A_20220822T145729_N0510_R039_T19LDH_20240704T091633.SAFE/GRANULE/L2A_T19LDH_A028522_20220822T145726/IMG_DATA/R10m/T19LDH_20220822T145729_B08_10m.tif,https://sentinel2l2a01.blob.core.windows.net/sentinel2-l2/19/L/DH/2022/08/22/S2B_MSIL2A_20220822T145729_N0510_R039_T19LDH_20240704T091633.SAFE/GRANULE/L2A_T19LDH_A028522_20220822T145726/IMG_DATA/R20m/T19LDH_20220822T145729_SCL_20m.tif,,2026-08-09T23:20:24.475049Z,discovered
iberia_final_holdout,final_geographic_holdout,2022,2022-06-01,2022-09-30,S2B_MSIL2A_20220822T145729_R039_T19LDH_20220823T135200,2022-08-22T14:57:29.024000Z,0.000656,Sentinel-2B,04.00,32719,sentinel-2-l2a,https://planetarycomputer.microsoft.com/api/stac/v1/collections/sentinel-2-l2a/items/S2B_MSIL2A_20220822T145729_R039_T19LDH_20220823T135200,"[-69.91843,-11.84768803,-69.229645,-10.8541203]",True,,https://sentinel2l2a01.blob.core.windows.net/sentinel2-l2/19/L/DH/2022/08/22/S2B_MSIL2A_20220822T145729_N0400_R039_T19LDH_20220823T135200.SAFE/GRANULE/L2A_T19LDH_A028522_20220822T145726/IMG_DATA/R10m/T19LDH_20220822T145729_B02_10m.tif,https://sentinel2l2a01.blob.core.windows.net/sentinel2-l2/19/L/DH/2022/08/22/S2B_MSIL2A_20220822T145729_N0400_R039_T19LDH_20220823T135200.SAFE/GRANULE/L2A_T19LDH_A028522_20220822T145726/IMG_DATA/R10m/T19LDH_20220822T145729_B03_10m.tif,https://sentinel2l2a01.blob.core.windows.net/sentinel2-l2/19/L/DH/2022/08/22/S2B_MSIL2A_20220822T145729_N0400_R039_T19LDH_20220823T135200.SAFE/GRANULE/L2A_T19LDH_A028522_20220822T145726/IMG_DATA/R10m/T19LDH_20220822T145729_B04_10m.tif,https://sentinel2l2a01.blob.core.windows.net/sentinel2-l2/19/L/DH/2022/08/22/S2B_MSIL2A_20220822T145729_N0400_R039_T19LDH_20220823T135200.SAFE/GRANULE/L2A_T19LDH_A028522_20220822T145726/IMG_DATA/R10m/T19LDH_20220822T145729_B08_10m.tif,https://sentinel2l2a01.blob.core.windows.net/sentinel2-l2/19/L/DH/2022/08/22/S2B_MSIL2A_20220822T145729_N0400_R039_T19LDH_20220823T135200.SAFE/GRANULE/L2A_T19LDH_A028522_20220822T145726/IMG_DATA/R20m/T19LDH_20220822T145729_SCL_20m.tif,,2026-08-09T23:20:24.475049Z,discovered
iberia_final_holdout,final_geographic_holdout,2022,2022-06-01,2022-09-30,S2A_MSIL2A_20220817T145741_R039_T19LDH_20220818T044152,2022-08-17T14:57:41.024000Z,4.626698,Sentinel-2A,04.00,32719,sentinel-2-l2a,https://planetarycomputer.microsoft.com/api/stac/v1/collections/sentinel-2-l2a/items/S2A_MSIL2A_20220817T145741_R039_T19LDH_20220818T044152,"[-69.91843,-11.84765702,-69.25052,-10.8541203]",True,,https://sentinel2l2a01.blob.core.windows.net/sentinel2-l2/19/L/DH/2022/08/17/S2A_MSIL2A_20220817T145741_N0400_R039_T19LDH_20220818T044152.SAFE/GRANULE/L2A_T19LDH_A037359_20220817T150342/IMG_DATA/R10m/T19LDH_20220817T145741_B02_10m.tif,https://sentinel2l2a01.blob.core.windows.net/sentinel2-l2/19/L/DH/2022/08/17/S2A_MSIL2A_20220817T145741_N0400_R039_T19LDH_20220818T044152.SAFE/GRANULE/L2A_T19LDH_A037359_20220817T150342/IMG_DATA/R10m/T19LDH_20220817T145741_B03_10m.tif,https://sentinel2l2a01.blob.core.windows.net/sentinel2-l2/19/L/DH/2022/08/17/S2A_MSIL2A_20220817T145741_N0400_R039_T19LDH_20220818T044152.SAFE/GRANULE/L2A_T19LDH_A037359_20220817T150342/IMG_DATA/R10m/T19LDH_20220817T145741_B04_10m.tif,https://sentinel2l2a01.blob.core.windows.net/sentinel2-l2/19/L/DH/2022/08/17/S2A_MSIL2A_20220817T145741_N0400_R039_T19LDH_20220818T044152.SAFE/GRANULE/L2A_T19LDH_A037359_20220817T150342/IMG_DATA/R10m/T19LDH_20220817T145741_B08_10m.tif,https://sentinel2l2a01.blob.core.windows.net/sentinel2-l2/19/L/DH/2022/08/17/S2A_MSIL2A_20220817T145741_N0400_R039_T19LDH_20220818T044152.SAFE/GRANULE/L2A_T19LDH_A037359_20220817T150342/IMG_DATA/R20m/T19LDH_20220817T145741_SCL_20m.tif,,2026-08-09T23:20:24.475049Z,discovered
iberia_final_holdout,final_geographic_holdout,2022,2022-06-01,2022-09-30,S2A_MSIL2A_20220814T144741_R139_T19LDH_20240703T134048,2022-08-14T14:47:41.024000Z,0.128477,Sentinel-2A,05.10,32719,sentinel-2-l2a,https://planetarycomputer.microsoft.com/api/stac/v1/collections/sentinel-2-l2a/items/S2A_MSIL2A_20220814T144741_R139_T19LDH_20240703T134048,"[-69.7199083,-11.8484754,-68.9103926,-10.8546904]",True,,https://sentinel2l2a01.blob.core.windows.net/sentinel2-l2/19/L/DH/2022/08/14/S2A_MSIL2A_20220814T144741_N0510_R139_T19LDH_20240703T134048.SAFE/GRANULE/L2A_T19LDH_A037316_20220814T144738/IMG_DATA/R10m/T19LDH_20220814T144741_B02_10m.tif,https://sentinel2l2a01.blob.core.windows.net/sentinel2-l2/19/L/DH/2022/08/14/S2A_MSIL2A_20220814T144741_N0510_R139_T19LDH_20240703T134048.SAFE/GRANULE/L2A_T19LDH_A037316_20220814T144738/IMG_DATA/R10m/T19LDH_20220814T144741_B03_10m.tif,https://sentinel2l2a01.blob.core.windows.net/sentinel2-l2/19/L/DH/2022/08/14/S2A_MSIL2A_20220814T144741_N0510_R139_T19LDH_20240703T134048.SAFE/GRANULE/L2A_T19LDH_A037316_20220814T144738/IMG_DATA/R10m/T19LDH_20220814T144741_B04_10m.tif,https://sentinel2l2a01.blob.core.windows.net/sentinel2-l2/19/L/DH/2022/08/14/S2A_MSIL2A_20220814T144741_N0510_R139_T19LDH_20240703T134048.SAFE/GRANULE/L2A_T19LDH_A037316_20220814T144738/IMG_DATA/R10m/T19LDH_20220814T144741_B08_10m.tif,https://sentinel2l2a01.blob.core.windows.net/sentinel2-l2/19/L/DH/2022/08/14/S2A_MSIL2A_20220814T144741_N0510_R139_T19LDH_20240703T134048.SAFE/GRANULE/L2A_T19LDH_A037316_20220814T144738/IMG_DATA/R20m/T19LDH_20220814T144741_SCL_20m.tif,,2026-08-09T23:20:24.475049Z,discovered
iberia_final_holdout,final_geographic_holdout,2022,2022-06-01,2022-09-30,S2A_MSIL2A_20220814T144741_R139_T19LDH_20220815T063214,2022-08-14T14:47:41.024000Z,0.127862,Sentinel-2A,04.00,32719,sentinel-2-l2a,https://planetarycomputer.microsoft.com/api/stac/v1/collections/sentinel-2-l2a/items/S2A_MSIL2A_20220814T144741_R139_T19LDH_20220815T063214,"[-69.71991,-11.8484754,-68.9104,-10.85469039]",True,,https://sentinel2l2a01.blob.core.windows.net/sentinel2-l2/19/L/DH/2022/08/14/S2A_MSIL2A_20220814T144741_N0400_R139_T19LDH_20220815T063214.SAFE/GRANULE/L2A_T19LDH_A037316_20220814T144738/IMG_DATA/R10m/T19LDH_20220814T144741_B02_10m.tif,https://sentinel2l2a01.blob.core.windows.net/sentinel2-l2/19/L/DH/2022/08/14/S2A_MSIL2A_20220814T144741_N0400_R139_T19LDH_20220815T063214.SAFE/GRANULE/L2A_T19LDH_A037316_20220814T144738/IMG_DATA/R10m/T19LDH_20220814T144741_B03_10m.tif,https://sentinel2l2a01.blob.core.windows.net/sentinel2-l2/19/L/DH/2022/08/14/S2A_MSIL2A_20220814T144741_N0400_R139_T19LDH_20220815T063214.SAFE/GRANULE/L2A_T19LDH_A037316_20220814T144738/IMG_DATA/R10m/T19LDH_20220814T144741_B04_10m.tif,https://sentinel2l2a01.blob.core.windows.net/sentinel2-l2/19/L/DH/2022/08/14/S2A_MSIL2A_20220814T144741_N0400_R139_T19LDH_20220815T063214.SAFE/GRANULE/L2A_T19LDH_A037316_20220814T144738/IMG_DATA/R10m/T19LDH_20220814T144741_B08_10m.tif,https://sentinel2l2a01.blob.core.windows.net/sentinel2-l2/19/L/DH/2022/08/14/S2A_MSIL2A_20220814T144741_N0400_R139_T19LDH_20220815T063214.SAFE/GRANULE/L2A_T19LDH_A037316_20220814T144738/IMG_DATA/R20m/T19LDH_20220814T144741_SCL_20m.tif,,2026-08-09T23:20:24.475049Z,discovered
iberia_final_holdout,final_geographic_holdout,2022,2022-06-01,2022-09-30,S2B_MSIL2A_20220812T145729_R039_T19LDH_20240711T032928,2022-08-12T14:57:29.024000Z,0.000455,Sentinel-2B,05.10,32719,sentinel-2-l2a,https://planetarycomputer.microsoft.com/api/stac/v1/collections/sentinel-2-l2a/items/S2B_MSIL2A_20220812T145729_R039_T19LDH_20240711T032928,"[-69.9184352,-11.8476734,-69.2394235,-10.8541203]",True,,https://sentinel2l2a01.blob.core.windows.net/sentinel2-l2/19/L/DH/2022/08/12/S2B_MSIL2A_20220812T145729_N0510_R039_T19LDH_20240711T032928.SAFE/GRANULE/L2A_T19LDH_A028379_20220812T145729/IMG_DATA/R10m/T19LDH_20220812T145729_B02_10m.tif,https://sentinel2l2a01.blob.core.windows.net/sentinel2-l2/19/L/DH/2022/08/12/S2B_MSIL2A_20220812T145729_N0510_R039_T19LDH_20240711T032928.SAFE/GRANULE/L2A_T19LDH_A028379_20220812T145729/IMG_DATA/R10m/T19LDH_20220812T145729_B03_10m.tif,https://sentinel2l2a01.blob.core.windows.net/sentinel2-l2/19/L/DH/2022/08/12/S2B_MSIL2A_20220812T145729_N0510_R039_T19LDH_20240711T032928.SAFE/GRANULE/L2A_T19LDH_A028379_20220812T145729/IMG_DATA/R10m/T19LDH_20220812T145729_B04_10m.tif,https://sentinel2l2a01.blob.core.windows.net/sentinel2-l2/19/L/DH/2022/08/12/S2B_MSIL2A_20220812T145729_N0510_R039_T19LDH_20240711T032928.SAFE/GRANULE/L2A_T19LDH_A028379_20220812T145729/IMG_DATA/R10m/T19LDH_20220812T145729_B08_10m.tif,https://sentinel2l2a01.blob.core.windows.net/sentinel2-l2/19/L/DH/2022/08/12/S2B_MSIL2A_20220812T145729_N0510_R039_T19LDH_20240711T032928.SAFE/GRANULE/L2A_T19LDH_A028379_20220812T145729/IMG_DATA/R20m/T19LDH_20220812T145729_SCL_20m.tif,,2026-08-09T23:20:24.475049Z,discovered
iberia_final_holdout,final_geographic_holdout,2022,2022-06-01,2022-09-30,S2B_MSIL2A_20220812T145729_R039_T19LDH_20220813T015553,2022-08-12T14:57:29.024000Z,0.000396,Sentinel-2B,04.00,32719,sentinel-2-l2a,https://planetarycomputer.microsoft.com/api/stac/v1/collections/sentinel-2-l2a/items/S2B_MSIL2A_20220812T145729_R039_T19LDH_20220813T015553,"[-69.91843,-11.84767344,-69.23941,-10.8541203]",True,,https://sentinel2l2a01.blob.core.windows.net/sentinel2-l2/19/L/DH/2022/08/12/S2B_MSIL2A_20220812T145729_N0400_R039_T19LDH_20220813T015553.SAFE/GRANULE/L2A_T19LDH_A028379_20220812T145729/IMG_DATA/R10m/T19LDH_20220812T145729_B02_10m.tif,https://sentinel2l2a01.blob.core.windows.net/sentinel2-l2/19/L/DH/2022/08/12/S2B_MSIL2A_20220812T145729_N0400_R039_T19LDH_20220813T015553.SAFE/GRANULE/L2A_T19LDH_A028379_20220812T145729/IMG_DATA/R10m/T19LDH_20220812T145729_B03_10m.tif,https://sentinel2l2a01.blob.core.windows.net/sentinel2-l2/19/L/DH/2022/08/12/S2B_MSIL2A_20220812T145729_N0400_R039_T19LDH_20220813T015553.SAFE/GRANULE/L2A_T19LDH_A028379_20220812T145729/IMG_DATA/R10m/T19LDH_20220812T145729_B04_10m.tif,https://sentinel2l2a01.blob.core.windows.net/sentinel2-l2/19/L/DH/2022/08/12/S2B_MSIL2A_20220812T145729_N0400_R039_T19LDH_20220813T015553.SAFE/GRANULE/L2A_T19LDH_A028379_20220812T145729/IMG_DATA/R10m/T19LDH_20220812T145729_B08_10m.tif,https://sentinel2l2a01.blob.core.windows.net/sentinel2-l2/19/L/DH/2022/08/12/S2B_MSIL2A_20220812T145729_N0400_R039_T19LDH_20220813T015553.SAFE/GRANULE/L2A_T19LDH_A028379_20220812T145729/IMG_DATA/R20m/T19LDH_20220812T145729_SCL_20m.tif,,2026-08-09T23:20:24.475049Z,discovered
iberia_final_holdout,final_geographic_holdout,2022,2022-06-01,2022-09-30,S2A_MSIL2A_20220804T144741_R139_T19LDH_20240717T021632,2022-08-04T14:47:41.025000Z,0.857441,Sentinel-2A,05.10,32719,sentinel-2-l2a,https://planetarycomputer.microsoft.com/api/stac/v1/collections/sentinel-2-l2a/items/S2A_MSIL2A_20220804T144741_R139_T19LDH_20240717T021632,"[-69.7127769,-11.8484754,-68.9103926,-10.8546993]",True,,https://sentinel2l2a01.blob.core.windows.net/sentinel2-l2/19/L/DH/2022/08/04/S2A_MSIL2A_20220804T144741_N0510_R139_T19LDH_20240717T021632.SAFE/GRANULE/L2A_T19LDH_A037173_20220804T144737/IMG_DATA/R10m/T19LDH_20220804T144741_B02_10m.tif,https://sentinel2l2a01.blob.core.windows.net/sentinel2-l2/19/L/DH/2022/08/04/S2A_MSIL2A_20220804T144741_N0510_R139_T19LDH_20240717T021632.SAFE/GRANULE/L2A_T19LDH_A037173_20220804T144737/IMG_DATA/R10m/T19LDH_20220804T144741_B03_10m.tif,https://sentinel2l2a01.blob.core.windows.net/sentinel2-l2/19/L/DH/2022/08/04/S2A_MSIL2A_20220804T144741_N0510_R139_T19LDH_20240717T021632.SAFE/GRANULE/L2A_T19LDH_A037173_20220804T144737/IMG_DATA/R10m/T19LDH_20220804T144741_B04_10m.tif,https://sentinel2l2a01.blob.core.windows.net/sentinel2-l2/19/L/DH/2022/08/04/S2A_MSIL2A_20220804T144741_N0510_R139_T19LDH_20240717T021632.SAFE/GRANULE/L2A_T19LDH_A037173_20220804T144737/IMG_DATA/R10m/T19LDH_20220804T144741_B08_10m.tif,https://sentinel2l2a01.blob.core.windows.net/sentinel2-l2/19/L/DH/2022/08/04/S2A_MSIL2A_20220804T144741_N0510_R139_T19LDH_20240717T021632.SAFE/GRANULE/L2A_T19LDH_A037173_20220804T144737/IMG_DATA/R20m/T19LDH_20220804T144741_SCL_20m.tif,,2026-08-09T23:20:24.475049Z,discovered
iberia_final_holdout,final_geographic_holdout,2022,2022-06-01,2022-09-30,S2A_MSIL2A_20220804T144741_R139_T19LDH_20220805T025805,2022-08-04T14:47:41.025000Z,0.856048,Sentinel-2A,04.00,32719,sentinel-2-l2a,https://planetarycomputer.microsoft.com/api/stac/v1/collections/sentinel-2-l2a/items/S2A_MSIL2A_20220804T144741_R139_T19LDH_20220805T025805,"[-69.7128,-11.8484754,-68.9104,-10.85469927]",True,,https://sentinel2l2a01.blob.core.windows.net/sentinel2-l2/19/L/DH/2022/08/04/S2A_MSIL2A_20220804T144741_N0400_R139_T19LDH_20220805T025805.SAFE/GRANULE/L2A_T19LDH_A037173_20220804T144737/IMG_DATA/R10m/T19LDH_20220804T144741_B02_10m.tif,https://sentinel2l2a01.blob.core.windows.net/sentinel2-l2/19/L/DH/2022/08/04/S2A_MSIL2A_20220804T144741_N0400_R139_T19LDH_20220805T025805.SAFE/GRANULE/L2A_T19LDH_A037173_20220804T144737/IMG_DATA/R10m/T19LDH_20220804T144741_B03_10m.tif,https://sentinel2l2a01.blob.core.windows.net/sentinel2-l2/19/L/DH/2022/08/04/S2A_MSIL2A_20220804T144741_N0400_R139_T19LDH_20220805T025805.SAFE/GRANULE/L2A_T19LDH_A037173_20220804T144737/IMG_DATA/R10m/T19LDH_20220804T144741_B04_10m.tif,https://sentinel2l2a01.blob.core.windows.net/sentinel2-l2/19/L/DH/2022/08/04/S2A_MSIL2A_20220804T144741_N0400_R139_T19LDH_20220805T025805.SAFE/GRANULE/L2A_T19LDH_A037173_20220804T144737/IMG_DATA/R10m/T19LDH_20220804T144741_B08_10m.tif,https://sentinel2l2a01.blob.core.windows.net/sentinel2-l2/19/L/DH/2022/08/04/S2A_MSIL2A_20220804T144741_N0400_R139_T19LDH_20220805T025805.SAFE/GRANULE/L2A_T19LDH_A037173_20220804T144737/IMG_DATA/R20m/T19LDH_20220804T144741_SCL_20m.tif,,2026-08-09T23:20:24.475049Z,discovered
iberia_final_holdout,final_geographic_holdout,2022,2022-06-01,2022-09-30,S2B_MSIL2A_20220730T144729_R139_T19LDH_20240717T071725,2022-07-30T14:47:29.024000Z,1.268611,Sentinel-2B,05.10,32719,sentinel-2-l2a,https://planetarycomputer.microsoft.com/api/stac/v1/collections/sentinel-2-l2a/items/S2B_MSIL2A_20220730T144729_R139_T19LDH_20240717T071725,"[-69.7191682,-11.8484754,-68.9103926,-10.8546923]",True,,https://sentinel2l2a01.blob.core.windows.net/sentinel2-l2/19/L/DH/2022/07/30/S2B_MSIL2A_20220730T144729_N0510_R139_T19LDH_20240717T071725.SAFE/GRANULE/L2A_T19LDH_A028193_20220730T144735/IMG_DATA/R10m/T19LDH_20220730T144729_B02_10m.tif,https://sentinel2l2a01.blob.core.windows.net/sentinel2-l2/19/L/DH/2022/07/30/S2B_MSIL2A_20220730T144729_N0510_R139_T19LDH_20240717T071725.SAFE/GRANULE/L2A_T19LDH_A028193_20220730T144735/IMG_DATA/R10m/T19LDH_20220730T144729_B03_10m.tif,https://sentinel2l2a01.blob.core.windows.net/sentinel2-l2/19/L/DH/2022/07/30/S2B_MSIL2A_20220730T144729_N0510_R139_T19LDH_20240717T071725.SAFE/GRANULE/L2A_T19LDH_A028193_20220730T144735/IMG_DATA/R10m/T19LDH_20220730T144729_B04_10m.tif,https://sentinel2l2a01.blob.core.windows.net/sentinel2-l2/19/L/DH/2022/07/30/S2B_MSIL2A_20220730T144729_N0510_R139_T19LDH_20240717T071725.SAFE/GRANULE/L2A_T19LDH_A028193_20220730T144735/IMG_DATA/R10m/T19LDH_20220730T144729_B08_10m.tif,https://sentinel2l2a01.blob.core.windows.net/sentinel2-l2/19/L/DH/2022/07/30/S2B_MSIL2A_20220730T144729_N0510_R139_T19LDH_20240717T071725.SAFE/GRANULE/L2A_T19LDH_A028193_20220730T144735/IMG_DATA/R20m/T19LDH_20220730T144729_SCL_20m.tif,,2026-08-09T23:20:24.475049Z,discovered
iberia_final_holdout,final_geographic_holdout,2022,2022-06-01,2022-09-30,S2B_MSIL2A_20220730T144729_R139_T19LDH_20220731T161749,2022-07-30T14:47:29.024000Z,1.268622,Sentinel-2B,04.00,32719,sentinel-2-l2a,https://planetarycomputer.microsoft.com/api/stac/v1/collections/sentinel-2-l2a/items/S2B_MSIL2A_20220730T144729_R139_T19LDH_20220731T161749,"[-69.71915,-11.8484754,-68.9104,-10.85469233]",True,,https://sentinel2l2a01.blob.core.windows.net/sentinel2-l2/19/L/DH/2022/07/30/S2B_MSIL2A_20220730T144729_N0400_R139_T19LDH_20220731T161749.SAFE/GRANULE/L2A_T19LDH_A028193_20220730T144735/IMG_DATA/R10m/T19LDH_20220730T144729_B02_10m.tif,https://sentinel2l2a01.blob.core.windows.net/sentinel2-l2/19/L/DH/2022/07/30/S2B_MSIL2A_20220730T144729_N0400_R139_T19LDH_20220731T161749.SAFE/GRANULE/L2A_T19LDH_A028193_20220730T144735/IMG_DATA/R10m/T19LDH_20220730T144729_B03_10m.tif,https://sentinel2l2a01.blob.core.windows.net/sentinel2-l2/19/L/DH/2022/07/30/S2B_MSIL2A_20220730T144729_N0400_R139_T19LDH_20220731T161749.SAFE/GRANULE/L2A_T19LDH_A028193_20220730T144735/IMG_DATA/R10m/T19LDH_20220730T144729_B04_10m.tif,https://sentinel2l2a01.blob.core.windows.net/sentinel2-l2/19/L/DH/2022/07/30/S2B_MSIL2A_20220730T144729_N0400_R139_T19LDH_20220731T161749.SAFE/GRANULE/L2A_T19LDH_A028193_20220730T144735/IMG_DATA/R10m/T19LDH_20220730T144729_B08_10m.tif,https://sentinel2l2a01.blob.core.windows.net/sentinel2-l2/19/L/DH/2022/07/30/S2B_MSIL2A_20220730T144729_N0400_R139_T19LDH_20220731T161749.SAFE/GRANULE/L2A_T19LDH_A028193_20220730T144735/IMG_DATA/R20m/T19LDH_20220730T144729_SCL_20m.tif,,2026-08-09T23:20:24.475049Z,discovered
iberia_final_holdout,final_geographic_holdout,2022,2022-06-01,2022-09-30,S2A_MSIL2A_20220728T145741_R039_T19LDH_20220729T205656,2022-07-28T14:57:41.024000Z,4.837637,Sentinel-2A,04.00,32719,sentinel-2-l2a,https://planetarycomputer.microsoft.com/api/stac/v1/collections/sentinel-2-l2a/items/S2A_MSIL2A_20220728T145741_R039_T19LDH_20220729T205656,"[-69.91843,-11.84767735,-69.236145,-10.8541203]",True,,https://sentinel2l2a01.blob.core.windows.net/sentinel2-l2/19/L/DH/2022/07/28/S2A_MSIL2A_20220728T145741_N0400_R039_T19LDH_20220729T205656.SAFE/GRANULE/L2A_T19LDH_A037073_20220728T150430/IMG_DATA/R10m/T19LDH_20220728T145741_B02_10m.tif,https://sentinel2l2a01.blob.core.windows.net/sentinel2-l2/19/L/DH/2022/07/28/S2A_MSIL2A_20220728T145741_N0400_R039_T19LDH_20220729T205656.SAFE/GRANULE/L2A_T19LDH_A037073_20220728T150430/IMG_DATA/R10m/T19LDH_20220728T145741_B03_10m.tif,https://sentinel2l2a01.blob.core.windows.net/sentinel2-l2/19/L/DH/2022/07/28/S2A_MSIL2A_20220728T145741_N0400_R039_T19LDH_20220729T205656.SAFE/GRANULE/L2A_T19LDH_A037073_20220728T150430/IMG_DATA/R10m/T19LDH_20220728T145741_B04_10m.tif,https://sentinel2l2a01.blob.core.windows.net/sentinel2-l2/19/L/DH/2022/07/28/S2A_MSIL2A_20220728T145741_N0400_R039_T19LDH_20220729T205656.SAFE/GRANULE/L2A_T19LDH_A037073_20220728T150430/IMG_DATA/R10m/T19LDH_20220728T145741_B08_10m.tif,https://sentinel2l2a01.blob.core.windows.net/sentinel2-l2/19/L/DH/2022/07/28/S2A_MSIL2A_20220728T145741_N0400_R039_T19LDH_20220729T205656.SAFE/GRANULE/L2A_T19LDH_A037073_20220728T150430/IMG_DATA/R20m/T19LDH_20220728T145741_SCL_20m.tif,,2026-08-09T23:20:24.475049Z,discovered
iberia_final_holdout,final_geographic_holdout,2022,2022-06-01,2022-09-30,S2B_MSIL2A_20220723T145729_R039_T19LDH_20240708T193618,2022-07-23T14:57:29.024000Z,0.185367,Sentinel-2B,05.10,32719,sentinel-2-l2a,https://planetarycomputer.microsoft.com/api/stac/v1/collections/sentinel-2-l2a/items/S2B_MSIL2A_20220723T145729_R039_T19LDH_20240708T193618,"[-69.9184352,-11.8476594,-69.2487634,-10.8541203]",True,,https://sentinel2l2a01.blob.core.windows.net/sentinel2-l2/19/L/DH/2022/07/23/S2B_MSIL2A_20220723T145729_N0510_R039_T19LDH_20240708T193618.SAFE/GRANULE/L2A_T19LDH_A028093_20220723T145752/IMG_DATA/R10m/T19LDH_20220723T145729_B02_10m.tif,https://sentinel2l2a01.blob.core.windows.net/sentinel2-l2/19/L/DH/2022/07/23/S2B_MSIL2A_20220723T145729_N0510_R039_T19LDH_20240708T193618.SAFE/GRANULE/L2A_T19LDH_A028093_20220723T145752/IMG_DATA/R10m/T19LDH_20220723T145729_B03_10m.tif,https://sentinel2l2a01.blob.core.windows.net/sentinel2-l2/19/L/DH/2022/07/23/S2B_MSIL2A_20220723T145729_N0510_R039_T19LDH_20240708T193618.SAFE/GRANULE/L2A_T19LDH_A028093_20220723T145752/IMG_DATA/R10m/T19LDH_20220723T145729_B04_10m.tif,https://sentinel2l2a01.blob.core.windows.net/sentinel2-l2/19/L/DH/2022/07/23/S2B_MSIL2A_20220723T145729_N0510_R039_T19LDH_20240708T193618.SAFE/GRANULE/L2A_T19LDH_A028093_20220723T145752/IMG_DATA/R10m/T19LDH_20220723T145729_B08_10m.tif,https://sentinel2l2a01.blob.core.windows.net/sentinel2-l2/19/L/DH/2022/07/23/S2B_MSIL2A_20220723T145729_N0510_R039_T19LDH_20240708T193618.SAFE/GRANULE/L2A_T19LDH_A028093_20220723T145752/IMG_DATA/R20m/T19LDH_20220723T145729_SCL_20m.tif,,2026-08-09T23:20:24.475049Z,discovered
iberia_final_holdout,final_geographic_holdout,2022,2022-06-01,2022-09-30,S2B_MSIL2A_20220723T145729_R039_T19LDH_20220725T144904,2022-07-23T14:57:29.024000Z,0.183738,Sentinel-2B,04.00,32719,sentinel-2-l2a,https://planetarycomputer.microsoft.com/api/stac/v1/collections/sentinel-2-l2a/items/S2B_MSIL2A_20220723T145729_R039_T19LDH_20220725T144904,"[-69.91843,-11.84765939,-69.24875,-10.8541203]",True,,https://sentinel2l2a01.blob.core.windows.net/sentinel2-l2/19/L/DH/2022/07/23/S2B_MSIL2A_20220723T145729_N0400_R039_T19LDH_20220725T144904.SAFE/GRANULE/L2A_T19LDH_A028093_20220723T145752/IMG_DATA/R10m/T19LDH_20220723T145729_B02_10m.tif,https://sentinel2l2a01.blob.core.windows.net/sentinel2-l2/19/L/DH/2022/07/23/S2B_MSIL2A_20220723T145729_N0400_R039_T19LDH_20220725T144904.SAFE/GRANULE/L2A_T19LDH_A028093_20220723T145752/IMG_DATA/R10m/T19LDH_20220723T145729_B03_10m.tif,https://sentinel2l2a01.blob.core.windows.net/sentinel2-l2/19/L/DH/2022/07/23/S2B_MSIL2A_20220723T145729_N0400_R039_T19LDH_20220725T144904.SAFE/GRANULE/L2A_T19LDH_A028093_20220723T145752/IMG_DATA/R10m/T19LDH_20220723T145729_B04_10m.tif,https://sentinel2l2a01.blob.core.windows.net/sentinel2-l2/19/L/DH/2022/07/23/S2B_MSIL2A_20220723T145729_N0400_R039_T19LDH_20220725T144904.SAFE/GRANULE/L2A_T19LDH_A028093_20220723T145752/IMG_DATA/R10m/T19LDH_20220723T145729_B08_10m.tif,https://sentinel2l2a01.blob.core.windows.net/sentinel2-l2/19/L/DH/2022/07/23/S2B_MSIL2A_20220723T145729_N0400_R039_T19LDH_20220725T144904.SAFE/GRANULE/L2A_T19LDH_A028093_20220723T145752/IMG_DATA/R20m/T19LDH_20220723T145729_SCL_20m.tif,,2026-08-09T23:20:24.475049Z,discovered
iberia_final_holdout,final_geographic_holdout,2022,2022-06-01,2022-09-30,S2B_MSIL2A_20220720T144729_R139_T19LDH_20240715T122127,2022-07-20T14:47:29.024000Z,1.863652,Sentinel-2B,05.10,32719,sentinel-2-l2a,https://planetarycomputer.microsoft.com/api/stac/v1/collections/sentinel-2-l2a/items/S2B_MSIL2A_20220720T144729_R139_T19LDH_20240715T122127,"[-69.7208897,-11.8484754,-68.9103926,-10.8546905]",True,,https://sentinel2l2a01.blob.core.windows.net/sentinel2-l2/19/L/DH/2022/07/20/S2B_MSIL2A_20220720T144729_N0510_R139_T19LDH_20240715T122127.SAFE/GRANULE/L2A_T19LDH_A028050_20220720T144735/IMG_DATA/R10m/T19LDH_20220720T144729_B02_10m.tif,https://sentinel2l2a01.blob.core.windows.net/sentinel2-l2/19/L/DH/2022/07/20/S2B_MSIL2A_20220720T144729_N0510_R139_T19LDH_20240715T122127.SAFE/GRANULE/L2A_T19LDH_A028050_20220720T144735/IMG_DATA/R10m/T19LDH_20220720T144729_B03_10m.tif,https://sentinel2l2a01.blob.core.windows.net/sentinel2-l2/19/L/DH/2022/07/20/S2B_MSIL2A_20220720T144729_N0510_R139_T19LDH_20240715T122127.SAFE/GRANULE/L2A_T19LDH_A028050_20220720T144735/IMG_DATA/R10m/T19LDH_20220720T144729_B04_10m.tif,https://sentinel2l2a01.blob.core.windows.net/sentinel2-l2/19/L/DH/2022/07/20/S2B_MSIL2A_20220720T144729_N0510_R139_T19LDH_20240715T122127.SAFE/GRANULE/L2A_T19LDH_A028050_20220720T144735/IMG_DATA/R10m/T19LDH_20220720T144729_B08_10m.tif,https://sentinel2l2a01.blob.core.windows.net/sentinel2-l2/19/L/DH/2022/07/20/S2B_MSIL2A_20220720T144729_N0510_R139_T19LDH_20240715T122127.SAFE/GRANULE/L2A_T19LDH_A028050_20220720T144735/IMG_DATA/R20m/T19LDH_20220720T144729_SCL_20m.tif,,2026-08-09T23:20:24.475049Z,discovered
iberia_final_holdout,final_geographic_holdout,2022,2022-06-01,2022-09-30,S2B_MSIL2A_20220720T144729_R139_T19LDH_20220721T025917,2022-07-20T14:47:29.024000Z,1.846175,Sentinel-2B,04.00,32719,sentinel-2-l2a,https://planetarycomputer.microsoft.com/api/stac/v1/collections/sentinel-2-l2a/items/S2B_MSIL2A_20220720T144729_R139_T19LDH_20220721T025917,"[-69.72089,-11.8484754,-68.9104,-10.85469051]",True,,https://sentinel2l2a01.blob.core.windows.net/sentinel2-l2/19/L/DH/2022/07/20/S2B_MSIL2A_20220720T144729_N0400_R139_T19LDH_20220721T025917.SAFE/GRANULE/L2A_T19LDH_A028050_20220720T144735/IMG_DATA/R10m/T19LDH_20220720T144729_B02_10m.tif,https://sentinel2l2a01.blob.core.windows.net/sentinel2-l2/19/L/DH/2022/07/20/S2B_MSIL2A_20220720T144729_N0400_R139_T19LDH_20220721T025917.SAFE/GRANULE/L2A_T19LDH_A028050_20220720T144735/IMG_DATA/R10m/T19LDH_20220720T144729_B03_10m.tif,https://sentinel2l2a01.blob.core.windows.net/sentinel2-l2/19/L/DH/2022/07/20/S2B_MSIL2A_20220720T144729_N0400_R139_T19LDH_20220721T025917.SAFE/GRANULE/L2A_T19LDH_A028050_20220720T144735/IMG_DATA/R10m/T19LDH_20220720T144729_B04_10m.tif,https://sentinel2l2a01.blob.core.windows.net/sentinel2-l2/19/L/DH/2022/07/20/S2B_MSIL2A_20220720T144729_N0400_R139_T19LDH_20220721T025917.SAFE/GRANULE/L2A_T19LDH_A028050_20220720T144735/IMG_DATA/R10m/T19LDH_20220720T144729_B08_10m.tif,https://sentinel2l2a01.blob.core.windows.net/sentinel2-l2/19/L/DH/2022/07/20/S2B_MSIL2A_20220720T144729_N0400_R139_T19LDH_20220721T025917.SAFE/GRANULE/L2A_T19LDH_A028050_20220720T144735/IMG_DATA/R20m/T19LDH_20220720T144729_SCL_20m.tif,,2026-08-09T23:20:24.475049Z,discovered
iberia_final_holdout,final_geographic_holdout,2022,2022-06-01,2022-09-30,S2B_MSIL2A_20220710T144729_R139_T19LDH_20220712T140243,2022-07-10T14:47:29.024000Z,1.625666,Sentinel-2B,04.00,32719,sentinel-2-l2a,https://planetarycomputer.microsoft.com/api/stac/v1/collections/sentinel-2-l2a/items/S2B_MSIL2A_20220710T144729_R139_T19LDH_20220712T140243,"[-69.722626,-11.8484754,-68.9104,-10.85468751]",True,,https://sentinel2l2a01.blob.core.windows.net/sentinel2-l2/19/L/DH/2022/07/10/S2B_MSIL2A_20220710T144729_N0400_R139_T19LDH_20220712T140243.SAFE/GRANULE/L2A_T19LDH_A027907_20220710T144824/IMG_DATA/R10m/T19LDH_20220710T144729_B02_10m.tif,https://sentinel2l2a01.blob.core.windows.net/sentinel2-l2/19/L/DH/2022/07/10/S2B_MSIL2A_20220710T144729_N0400_R139_T19LDH_20220712T140243.SAFE/GRANULE/L2A_T19LDH_A027907_20220710T144824/IMG_DATA/R10m/T19LDH_20220710T144729_B03_10m.tif,https://sentinel2l2a01.blob.core.windows.net/sentinel2-l2/19/L/DH/2022/07/10/S2B_MSIL2A_20220710T144729_N0400_R139_T19LDH_20220712T140243.SAFE/GRANULE/L2A_T19LDH_A027907_20220710T144824/IMG_DATA/R10m/T19LDH_20220710T144729_B04_10m.tif,https://sentinel2l2a01.blob.core.windows.net/sentinel2-l2/19/L/DH/2022/07/10/S2B_MSIL2A_20220710T144729_N0400_R139_T19LDH_20220712T140243.SAFE/GRANULE/L2A_T19LDH_A027907_20220710T144824/IMG_DATA/R10m/T19LDH_20220710T144729_B08_10m.tif,https://sentinel2l2a01.blob.core.windows.net/sentinel2-l2/19/L/DH/2022/07/10/S2B_MSIL2A_20220710T144729_N0400_R139_T19LDH_20220712T140243.SAFE/GRANULE/L2A_T19LDH_A027907_20220710T144824/IMG_DATA/R20m/T19LDH_20220710T144729_SCL_20m.tif,,2026-08-09T23:20:24.475049Z,discovered
iberia_final_holdout,final_geographic_holdout,2022,2022-06-01,2022-09-30,S2A_MSIL2A_20220705T144741_R139_T19LDH_20220707T080230,2022-07-05T14:47:41.024000Z,1.087422,Sentinel-2A,04.00,32719,sentinel-2-l2a,https://planetarycomputer.microsoft.com/api/stac/v1/collections/sentinel-2-l2a/items/S2A_MSIL2A_20220705T144741_R139_T19LDH_20220707T080230,"[-69.725464,-11.8484754,-68.9104,-10.85468252]",True,,https://sentinel2l2a01.blob.core.windows.net/sentinel2-l2/19/L/DH/2022/07/05/S2A_MSIL2A_20220705T144741_N0400_R139_T19LDH_20220707T080230.SAFE/GRANULE/L2A_T19LDH_A036744_20220705T145550/IMG_DATA/R10m/T19LDH_20220705T144741_B02_10m.tif,https://sentinel2l2a01.blob.core.windows.net/sentinel2-l2/19/L/DH/2022/07/05/S2A_MSIL2A_20220705T144741_N0400_R139_T19LDH_20220707T080230.SAFE/GRANULE/L2A_T19LDH_A036744_20220705T145550/IMG_DATA/R10m/T19LDH_20220705T144741_B03_10m.tif,https://sentinel2l2a01.blob.core.windows.net/sentinel2-l2/19/L/DH/2022/07/05/S2A_MSIL2A_20220705T144741_N0400_R139_T19LDH_20220707T080230.SAFE/GRANULE/L2A_T19LDH_A036744_20220705T145550/IMG_DATA/R10m/T19LDH_20220705T144741_B04_10m.tif,https://sentinel2l2a01.blob.core.windows.net/sentinel2-l2/19/L/DH/2022/07/05/S2A_MSIL2A_20220705T144741_N0400_R139_T19LDH_20220707T080230.SAFE/GRANULE/L2A_T19LDH_A036744_20220705T145550/IMG_DATA/R10m/T19LDH_20220705T144741_B08_10m.tif,https://sentinel2l2a01.blob.core.windows.net/sentinel2-l2/19/L/DH/2022/07/05/S2A_MSIL2A_20220705T144741_N0400_R139_T19LDH_20220707T080230.SAFE/GRANULE/L2A_T19LDH_A036744_20220705T145550/IMG_DATA/R20m/T19LDH_20220705T144741_SCL_20m.tif,,2026-08-09T23:20:24.475049Z,discovered
iberia_final_holdout,final_geographic_holdout,2022,2022-06-01,2022-09-30,S2B_MSIL2A_20220630T144729_R139_T19LDH_20240714T160033,2022-06-30T14:47:29.024000Z,0.001148,Sentinel-2B,05.10,32719,sentinel-2-l2a,https://planetarycomputer.microsoft.com/api/stac/v1/collections/sentinel-2-l2a/items/S2B_MSIL2A_20220630T144729_R139_T19LDH_20240714T160033,"[-69.7271471,-11.8484754,-68.9103926,-10.854681]",True,,https://sentinel2l2a01.blob.core.windows.net/sentinel2-l2/19/L/DH/2022/06/30/S2B_MSIL2A_20220630T144729_N0510_R139_T19LDH_20240714T160033.SAFE/GRANULE/L2A_T19LDH_A027764_20220630T144731/IMG_DATA/R10m/T19LDH_20220630T144729_B02_10m.tif,https://sentinel2l2a01.blob.core.windows.net/sentinel2-l2/19/L/DH/2022/06/30/S2B_MSIL2A_20220630T144729_N0510_R139_T19LDH_20240714T160033.SAFE/GRANULE/L2A_T19LDH_A027764_20220630T144731/IMG_DATA/R10m/T19LDH_20220630T144729_B03_10m.tif,https://sentinel2l2a01.blob.core.windows.net/sentinel2-l2/19/L/DH/2022/06/30/S2B_MSIL2A_20220630T144729_N0510_R139_T19LDH_20240714T160033.SAFE/GRANULE/L2A_T19LDH_A027764_20220630T144731/IMG_DATA/R10m/T19LDH_20220630T144729_B04_10m.tif,https://sentinel2l2a01.blob.core.windows.net/sentinel2-l2/19/L/DH/2022/06/30/S2B_MSIL2A_20220630T144729_N0510_R139_T19LDH_20240714T160033.SAFE/GRANULE/L2A_T19LDH_A027764_20220630T144731/IMG_DATA/R10m/T19LDH_20220630T144729_B08_10m.tif,https://sentinel2l2a01.blob.core.windows.net/sentinel2-l2/19/L/DH/2022/06/30/S2B_MSIL2A_20220630T144729_N0510_R139_T19LDH_20240714T160033.SAFE/GRANULE/L2A_T19LDH_A027764_20220630T144731/IMG_DATA/R20m/T19LDH_20220630T144729_SCL_20m.tif,,2026-08-09T23:20:24.475049Z,discovered
iberia_final_holdout,final_geographic_holdout,2022,2022-06-01,2022-09-30,S2B_MSIL2A_20220630T144729_R139_T19LDH_20220701T043552,2022-06-30T14:47:29.024000Z,0.001157,Sentinel-2B,04.00,32719,sentinel-2-l2a,https://planetarycomputer.microsoft.com/api/stac/v1/collections/sentinel-2-l2a/items/S2B_MSIL2A_20220630T144729_R139_T19LDH_20220701T043552,"[-69.72714,-11.8484754,-68.9104,-10.85468105]",True,,https://sentinel2l2a01.blob.core.windows.net/sentinel2-l2/19/L/DH/2022/06/30/S2B_MSIL2A_20220630T144729_N0400_R139_T19LDH_20220701T043552.SAFE/GRANULE/L2A_T19LDH_A027764_20220630T144731/IMG_DATA/R10m/T19LDH_20220630T144729_B02_10m.tif,https://sentinel2l2a01.blob.core.windows.net/sentinel2-l2/19/L/DH/2022/06/30/S2B_MSIL2A_20220630T144729_N0400_R139_T19LDH_20220701T043552.SAFE/GRANULE/L2A_T19LDH_A027764_20220630T144731/IMG_DATA/R10m/T19LDH_20220630T144729_B03_10m.tif,https://sentinel2l2a01.blob.core.windows.net/sentinel2-l2/19/L/DH/2022/06/30/S2B_MSIL2A_20220630T144729_N0400_R139_T19LDH_20220701T043552.SAFE/GRANULE/L2A_T19LDH_A027764_20220630T144731/IMG_DATA/R10m/T19LDH_20220630T144729_B04_10m.tif,https://sentinel2l2a01.blob.core.windows.net/sentinel2-l2/19/L/DH/2022/06/30/S2B_MSIL2A_20220630T144729_N0400_R139_T19LDH_20220701T043552.SAFE/GRANULE/L2A_T19LDH_A027764_20220630T144731/IMG_DATA/R10m/T19LDH_20220630T144729_B08_10m.tif,https://sentinel2l2a01.blob.core.windows.net/sentinel2-l2/19/L/DH/2022/06/30/S2B_MSIL2A_20220630T144729_N0400_R139_T19LDH_20220701T043552.SAFE/GRANULE/L2A_T19LDH_A027764_20220630T144731/IMG_DATA/R20m/T19LDH_20220630T144729_SCL_20m.tif,,2026-08-09T23:20:24.475049Z,discovered
iberia_final_holdout,final_geographic_holdout,2022,2022-06-01,2022-09-30,S2A_MSIL2A_20220628T145741_R039_T19LDH_20220629T064611,2022-06-28T14:57:41.024000Z,7.686352,Sentinel-2A,04.00,32719,sentinel-2-l2a,https://planetarycomputer.microsoft.com/api/stac/v1/collections/sentinel-2-l2a/items/S2A_MSIL2A_20220628T145741_R039_T19LDH_20220629T064611,"[-69.91843,-11.84764826,-69.25659,-10.8541203]",True,,https://sentinel2l2a01.blob.core.windows.net/sentinel2-l2/19/L/DH/2022/06/28/S2A_MSIL2A_20220628T145741_N0400_R039_T19LDH_20220629T064611.SAFE/GRANULE/L2A_T19LDH_A036644_20220628T150513/IMG_DATA/R10m/T19LDH_20220628T145741_B02_10m.tif,https://sentinel2l2a01.blob.core.windows.net/sentinel2-l2/19/L/DH/2022/06/28/S2A_MSIL2A_20220628T145741_N0400_R039_T19LDH_20220629T064611.SAFE/GRANULE/L2A_T19LDH_A036644_20220628T150513/IMG_DATA/R10m/T19LDH_20220628T145741_B03_10m.tif,https://sentinel2l2a01.blob.core.windows.net/sentinel2-l2/19/L/DH/2022/06/28/S2A_MSIL2A_20220628T145741_N0400_R039_T19LDH_20220629T064611.SAFE/GRANULE/L2A_T19LDH_A036644_20220628T150513/IMG_DATA/R10m/T19LDH_20220628T145741_B04_10m.tif,https://sentinel2l2a01.blob.core.windows.net/sentinel2-l2/19/L/DH/2022/06/28/S2A_MSIL2A_20220628T145741_N0400_R039_T19LDH_20220629T064611.SAFE/GRANULE/L2A_T19LDH_A036644_20220628T150513/IMG_DATA/R10m/T19LDH_20220628T145741_B08_10m.tif,https://sentinel2l2a01.blob.core.windows.net/sentinel2-l2/19/L/DH/2022/06/28/S2A_MSIL2A_20220628T145741_N0400_R039_T19LDH_20220629T064611.SAFE/GRANULE/L2A_T19LDH_A036644_20220628T150513/IMG_DATA/R20m/T19LDH_20220628T145741_SCL_20m.tif,,2026-08-09T23:20:24.475049Z,discovered
iberia_final_holdout,final_geographic_holdout,2022,2022-06-01,2022-09-30,S2A_MSIL2A_20220625T144741_R139_T19LDH_20240703T025543,2022-06-25T14:47:41.024000Z,0.006126,Sentinel-2A,05.10,32719,sentinel-2-l2a,https://planetarycomputer.microsoft.com/api/stac/v1/collections/sentinel-2-l2a/items/S2A_MSIL2A_20220625T144741_R139_T19LDH_20240703T025543,"[-69.7270525,-11.8484754,-68.9103926,-10.854682]",True,,https://sentinel2l2a01.blob.core.windows.net/sentinel2-l2/19/L/DH/2022/06/25/S2A_MSIL2A_20220625T144741_N0510_R139_T19LDH_20240703T025543.SAFE/GRANULE/L2A_T19LDH_A036601_20220625T144743/IMG_DATA/R10m/T19LDH_20220625T144741_B02_10m.tif,https://sentinel2l2a01.blob.core.windows.net/sentinel2-l2/19/L/DH/2022/06/25/S2A_MSIL2A_20220625T144741_N0510_R139_T19LDH_20240703T025543.SAFE/GRANULE/L2A_T19LDH_A036601_20220625T144743/IMG_DATA/R10m/T19LDH_20220625T144741_B03_10m.tif,https://sentinel2l2a01.blob.core.windows.net/sentinel2-l2/19/L/DH/2022/06/25/S2A_MSIL2A_20220625T144741_N0510_R139_T19LDH_20240703T025543.SAFE/GRANULE/L2A_T19LDH_A036601_20220625T144743/IMG_DATA/R10m/T19LDH_20220625T144741_B04_10m.tif,https://sentinel2l2a01.blob.core.windows.net/sentinel2-l2/19/L/DH/2022/06/25/S2A_MSIL2A_20220625T144741_N0510_R139_T19LDH_20240703T025543.SAFE/GRANULE/L2A_T19LDH_A036601_20220625T144743/IMG_DATA/R10m/T19LDH_20220625T144741_B08_10m.tif,https://sentinel2l2a01.blob.core.windows.net/sentinel2-l2/19/L/DH/2022/06/25/S2A_MSIL2A_20220625T144741_N0510_R139_T19LDH_20240703T025543.SAFE/GRANULE/L2A_T19LDH_A036601_20220625T144743/IMG_DATA/R20m/T19LDH_20220625T144741_SCL_20m.tif,,2026-08-09T23:20:24.475049Z,discovered
iberia_final_holdout,final_geographic_holdout,2022,2022-06-01,2022-09-30,S2A_MSIL2A_20220625T144741_R139_T19LDH_20220626T045444,2022-06-25T14:47:41.024000Z,0.006235,Sentinel-2A,04.00,32719,sentinel-2-l2a,https://planetarycomputer.microsoft.com/api/stac/v1/collections/sentinel-2-l2a/items/S2A_MSIL2A_20220625T144741_R139_T19LDH_20220626T045444,"[-69.72705,-11.8484754,-68.9104,-10.85468199]",True,,https://sentinel2l2a01.blob.core.windows.net/sentinel2-l2/19/L/DH/2022/06/25/S2A_MSIL2A_20220625T144741_N0400_R139_T19LDH_20220626T045444.SAFE/GRANULE/L2A_T19LDH_A036601_20220625T144743/IMG_DATA/R10m/T19LDH_20220625T144741_B02_10m.tif,https://sentinel2l2a01.blob.core.windows.net/sentinel2-l2/19/L/DH/2022/06/25/S2A_MSIL2A_20220625T144741_N0400_R139_T19LDH_20220626T045444.SAFE/GRANULE/L2A_T19LDH_A036601_20220625T144743/IMG_DATA/R10m/T19LDH_20220625T144741_B03_10m.tif,https://sentinel2l2a01.blob.core.windows.net/sentinel2-l2/19/L/DH/2022/06/25/S2A_MSIL2A_20220625T144741_N0400_R139_T19LDH_20220626T045444.SAFE/GRANULE/L2A_T19LDH_A036601_20220625T144743/IMG_DATA/R10m/T19LDH_20220625T144741_B04_10m.tif,https://sentinel2l2a01.blob.core.windows.net/sentinel2-l2/19/L/DH/2022/06/25/S2A_MSIL2A_20220625T144741_N0400_R139_T19LDH_20220626T045444.SAFE/GRANULE/L2A_T19LDH_A036601_20220625T144743/IMG_DATA/R10m/T19LDH_20220625T144741_B08_10m.tif,https://sentinel2l2a01.blob.core.windows.net/sentinel2-l2/19/L/DH/2022/06/25/S2A_MSIL2A_20220625T144741_N0400_R139_T19LDH_20220626T045444.SAFE/GRANULE/L2A_T19LDH_A036601_20220625T144743/IMG_DATA/R20m/T19LDH_20220625T144741_SCL_20m.tif,,2026-08-09T23:20:24.475049Z,discovered
iberia_final_holdout,final_geographic_holdout,2022,2022-06-01,2022-09-30,S2B_MSIL2A_20220623T145729_R039_T19LDH_20220624T044814,2022-06-23T14:57:29.024000Z,8.558906,Sentinel-2B,04.00,32719,sentinel-2-l2a,https://planetarycomputer.microsoft.com/api/stac/v1/collections/sentinel-2-l2a/items/S2B_MSIL2A_20220623T145729_R039_T19LDH_20220624T044814,"[-69.91843,-11.84764792,-69.25607,-10.8541203]",True,,https://sentinel2l2a01.blob.core.windows.net/sentinel2-l2/19/L/DH/2022/06/23/S2B_MSIL2A_20220623T145729_N0400_R039_T19LDH_20220624T044814.SAFE/GRANULE/L2A_T19LDH_A027664_20220623T145918/IMG_DATA/R10m/T19LDH_20220623T145729_B02_10m.tif,https://sentinel2l2a01.blob.core.windows.net/sentinel2-l2/19/L/DH/2022/06/23/S2B_MSIL2A_20220623T145729_N0400_R039_T19LDH_20220624T044814.SAFE/GRANULE/L2A_T19LDH_A027664_20220623T145918/IMG_DATA/R10m/T19LDH_20220623T145729_B03_10m.tif,https://sentinel2l2a01.blob.core.windows.net/sentinel2-l2/19/L/DH/2022/06/23/S2B_MSIL2A_20220623T145729_N0400_R039_T19LDH_20220624T044814.SAFE/GRANULE/L2A_T19LDH_A027664_20220623T145918/IMG_DATA/R10m/T19LDH_20220623T145729_B04_10m.tif,https://sentinel2l2a01.blob.core.windows.net/sentinel2-l2/19/L/DH/2022/06/23/S2B_MSIL2A_20220623T145729_N0400_R039_T19LDH_20220624T044814.SAFE/GRANULE/L2A_T19LDH_A027664_20220623T145918/IMG_DATA/R10m/T19LDH_20220623T145729_B08_10m.tif,https://sentinel2l2a01.blob.core.windows.net/sentinel2-l2/19/L/DH/2022/06/23/S2B_MSIL2A_20220623T145729_N0400_R039_T19LDH_20220624T044814.SAFE/GRANULE/L2A_T19LDH_A027664_20220623T145918/IMG_DATA/R20m/T19LDH_20220623T145729_SCL_20m.tif,,2026-08-09T23:20:24.475049Z,discovered
iberia_final_holdout,final_geographic_holdout,2022,2022-06-01,2022-09-30,S2A_MSIL2A_20220615T144741_R139_T19LDH_20240620T023425,2022-06-15T14:47:41.024000Z,0.001156,Sentinel-2A,05.10,32719,sentinel-2-l2a,https://planetarycomputer.microsoft.com/api/stac/v1/collections/sentinel-2-l2a/items/S2A_MSIL2A_20220615T144741_R139_T19LDH_20240620T023425,"[-69.7222485,-11.8484754,-68.9103926,-10.8546879]",True,,https://sentinel2l2a01.blob.core.windows.net/sentinel2-l2/19/L/DH/2022/06/15/S2A_MSIL2A_20220615T144741_N0510_R139_T19LDH_20240620T023425.SAFE/GRANULE/L2A_T19LDH_A036458_20220615T144741/IMG_DATA/R10m/T19LDH_20220615T144741_B02_10m.tif,https://sentinel2l2a01.blob.core.windows.net/sentinel2-l2/19/L/DH/2022/06/15/S2A_MSIL2A_20220615T144741_N0510_R139_T19LDH_20240620T023425.SAFE/GRANULE/L2A_T19LDH_A036458_20220615T144741/IMG_DATA/R10m/T19LDH_20220615T144741_B03_10m.tif,https://sentinel2l2a01.blob.core.windows.net/sentinel2-l2/19/L/DH/2022/06/15/S2A_MSIL2A_20220615T144741_N0510_R139_T19LDH_20240620T023425.SAFE/GRANULE/L2A_T19LDH_A036458_20220615T144741/IMG_DATA/R10m/T19LDH_20220615T144741_B04_10m.tif,https://sentinel2l2a01.blob.core.windows.net/sentinel2-l2/19/L/DH/2022/06/15/S2A_MSIL2A_20220615T144741_N0510_R139_T19LDH_20240620T023425.SAFE/GRANULE/L2A_T19LDH_A036458_20220615T144741/IMG_DATA/R10m/T19LDH_20220615T144741_B08_10m.tif,https://sentinel2l2a01.blob.core.windows.net/sentinel2-l2/19/L/DH/2022/06/15/S2A_MSIL2A_20220615T144741_N0510_R139_T19LDH_20240620T023425.SAFE/GRANULE/L2A_T19LDH_A036458_20220615T144741/IMG_DATA/R20m/T19LDH_20220615T144741_SCL_20m.tif,,2026-08-09T23:20:24.475049Z,discovered
iberia_final_holdout,final_geographic_holdout,2022,2022-06-01,2022-09-30,S2A_MSIL2A_20220615T144741_R139_T19LDH_20220618T171408,2022-06-15T14:47:41.024000Z,0.001199,Sentinel-2A,04.00,32719,sentinel-2-l2a,https://planetarycomputer.microsoft.com/api/stac/v1/collections/sentinel-2-l2a/items/S2A_MSIL2A_20220615T144741_R139_T19LDH_20220618T171408,"[-69.72223,-11.8484754,-68.9104,-10.85468793]",True,,https://sentinel2l2a01.blob.core.windows.net/sentinel2-l2/19/L/DH/2022/06/15/S2A_MSIL2A_20220615T144741_N0400_R139_T19LDH_20220618T171408.SAFE/GRANULE/L2A_T19LDH_A036458_20220615T144741/IMG_DATA/R10m/T19LDH_20220615T144741_B02_10m.tif,https://sentinel2l2a01.blob.core.windows.net/sentinel2-l2/19/L/DH/2022/06/15/S2A_MSIL2A_20220615T144741_N0400_R139_T19LDH_20220618T171408.SAFE/GRANULE/L2A_T19LDH_A036458_20220615T144741/IMG_DATA/R10m/T19LDH_20220615T144741_B03_10m.tif,https://sentinel2l2a01.blob.core.windows.net/sentinel2-l2/19/L/DH/2022/06/15/S2A_MSIL2A_20220615T144741_N0400_R139_T19LDH_20220618T171408.SAFE/GRANULE/L2A_T19LDH_A036458_20220615T144741/IMG_DATA/R10m/T19LDH_20220615T144741_B04_10m.tif,https://sentinel2l2a01.blob.core.windows.net/sentinel2-l2/19/L/DH/2022/06/15/S2A_MSIL2A_20220615T144741_N0400_R139_T19LDH_20220618T171408.SAFE/GRANULE/L2A_T19LDH_A036458_20220615T144741/IMG_DATA/R10m/T19LDH_20220615T144741_B08_10m.tif,https://sentinel2l2a01.blob.core.windows.net/sentinel2-l2/19/L/DH/2022/06/15/S2A_MSIL2A_20220615T144741_N0400_R139_T19LDH_20220618T171408.SAFE/GRANULE/L2A_T19LDH_A036458_20220615T144741/IMG_DATA/R20m/T19LDH_20220615T144741_SCL_20m.tif,,2026-08-09T23:20:24.475049Z,discovered
iberia_final_holdout,final_geographic_holdout,2022,2022-06-01,2022-09-30,S2B_MSIL2A_20220613T145729_R039_T19LDH_20220614T115831,2022-06-13T14:57:29.024000Z,1.438582,Sentinel-2B,04.00,32719,sentinel-2-l2a,https://planetarycomputer.microsoft.com/api/stac/v1/collections/sentinel-2-l2a/items/S2B_MSIL2A_20220613T145729_R039_T19LDH_20220614T115831,"[-69.9184352,-11.84765265,-69.25374092,-10.8541203]",True,,https://sentinel2l2a01.blob.core.windows.net/sentinel2-l2/19/L/DH/2022/06/13/S2B_MSIL2A_20220613T145729_N0400_R039_T19LDH_20220614T115831.SAFE/GRANULE/L2A_T19LDH_A027521_20220613T145913/IMG_DATA/R10m/T19LDH_20220613T145729_B02_10m.tif,https://sentinel2l2a01.blob.core.windows.net/sentinel2-l2/19/L/DH/2022/06/13/S2B_MSIL2A_20220613T145729_N0400_R039_T19LDH_20220614T115831.SAFE/GRANULE/L2A_T19LDH_A027521_20220613T145913/IMG_DATA/R10m/T19LDH_20220613T145729_B03_10m.tif,https://sentinel2l2a01.blob.core.windows.net/sentinel2-l2/19/L/DH/2022/06/13/S2B_MSIL2A_20220613T145729_N0400_R039_T19LDH_20220614T115831.SAFE/GRANULE/L2A_T19LDH_A027521_20220613T145913/IMG_DATA/R10m/T19LDH_20220613T145729_B04_10m.tif,https://sentinel2l2a01.blob.core.windows.net/sentinel2-l2/19/L/DH/2022/06/13/S2B_MSIL2A_20220613T145729_N0400_R039_T19LDH_20220614T115831.SAFE/GRANULE/L2A_T19LDH_A027521_20220613T145913/IMG_DATA/R10m/T19LDH_20220613T145729_B08_10m.tif,https://sentinel2l2a01.blob.core.windows.net/sentinel2-l2/19/L/DH/2022/06/13/S2B_MSIL2A_20220613T145729_N0400_R039_T19LDH_20220614T115831.SAFE/GRANULE/L2A_T19LDH_A027521_20220613T145913/IMG_DATA/R20m/T19LDH_20220613T145729_SCL_20m.tif,,2026-08-09T23:20:24.475049Z,discovered
