aoi_id,aoi_role,target_year,rank,item_id,acquisition_datetime,cloud_cover_pct,aoi_pixel_count,scene_footprint_pixel_count,valid_aoi_pixel_count,footprint_coverage_pct,valid_coverage_pct,invalid_coverage_pct,ranking_score,meets_minimum_valid_coverage,selected_for_composite,selection_order,incremental_valid_pixels,cumulative_valid_coverage_pct,SCL_href,status,reason
iberia_final_holdout,final_geographic_holdout,2018,1,S2B_MSIL2A_20180724T145729_R039_T19LDH_20201011T193837,2018-07-24T14:57:29.024000Z,0.001843,506639,506639,506631,100.0,99.9984,0.0016,99.9984,True,True,1,506631,99.9984,https://sentinel2l2a01.blob.core.windows.net/sentinel2-l2/19/L/DH/2018/07/24/S2B_MSIL2A_20180724T145729_N0212_R039_T19LDH_20201011T193837.SAFE/GRANULE/L2A_T19LDH_A007215_20180724T145951/IMG_DATA/R20m/T19LDH_20180724T145729_SCL_20m.tif,usable,meets_scl_coverage_threshold
iberia_final_holdout,final_geographic_holdout,2018,2,S2A_MSIL2A_20180907T145721_R039_T19LDH_20201011T093953,2018-09-07T14:57:21.024000Z,0.006977,506639,506639,506609,100.0,99.9941,0.0059,99.9939,True,False,,0,0.0,https://sentinel2l2a01.blob.core.windows.net/sentinel2-l2/19/L/DH/2018/09/07/S2A_MSIL2A_20180907T145721_N0212_R039_T19LDH_20201011T093953.SAFE/GRANULE/L2A_T19LDH_A016767_20180907T150208/IMG_DATA/R20m/T19LDH_20180907T145721_SCL_20m.tif,usable,meets_scl_coverage_threshold
iberia_final_holdout,final_geographic_holdout,2018,3,S2B_MSIL2A_20180912T145719_R039_T19LDH_20201009T003252,2018-09-12T14:57:19.024000Z,0.141852,506639,506639,506350,100.0,99.943,0.057,99.9302,True,False,,0,0.0,https://sentinel2l2a01.blob.core.windows.net/sentinel2-l2/19/L/DH/2018/09/12/S2B_MSIL2A_20180912T145719_N0212_R039_T19LDH_20201009T003252.SAFE/GRANULE/L2A_T19LDH_A007930_20180912T145825/IMG_DATA/R20m/T19LDH_20180912T145719_SCL_20m.tif,usable,meets_scl_coverage_threshold
iberia_final_holdout,final_geographic_holdout,2018,4,S2B_MSIL2A_20180813T145719_R039_T19LDH_20201011T012223,2018-08-13T14:57:19.024000Z,0.104802,506639,506639,506205,100.0,99.9143,0.0857,99.9115,True,False,,0,0.0,https://sentinel2l2a01.blob.core.windows.net/sentinel2-l2/19/L/DH/2018/08/13/S2B_MSIL2A_20180813T145719_N0212_R039_T19LDH_20201011T012223.SAFE/GRANULE/L2A_T19LDH_A007501_20180813T150106/IMG_DATA/R20m/T19LDH_20180813T145719_SCL_20m.tif,usable,meets_scl_coverage_threshold
iberia_final_holdout,final_geographic_holdout,2018,5,S2B_MSIL2A_20180823T145719_R039_T19LDH_20201011T060427,2018-08-23T14:57:19.024000Z,0.04459,506639,506639,505938,100.0,99.8616,0.1384,99.8757,True,False,,0,0.0,https://sentinel2l2a01.blob.core.windows.net/sentinel2-l2/19/L/DH/2018/08/23/S2B_MSIL2A_20180823T145719_N0212_R039_T19LDH_20201011T060427.SAFE/GRANULE/L2A_T19LDH_A007644_20180823T150245/IMG_DATA/R20m/T19LDH_20180823T145719_SCL_20m.tif,usable,meets_scl_coverage_threshold
iberia_final_holdout,final_geographic_holdout,2018,6,S2A_MSIL2A_20180619T145731_R039_T19LDH_20201011T235601,2018-06-19T14:57:31.024000Z,0.024225,506639,506639,505869,100.0,99.848,0.152,99.8672,True,False,,0,0.0,https://sentinel2l2a01.blob.core.windows.net/sentinel2-l2/19/L/DH/2018/06/19/S2A_MSIL2A_20180619T145731_N0212_R039_T19LDH_20201011T235601.SAFE/GRANULE/L2A_T19LDH_A015623_20180619T150221/IMG_DATA/R20m/T19LDH_20180619T145731_SCL_20m.tif,usable,meets_scl_coverage_threshold
iberia_final_holdout,final_geographic_holdout,2018,7,S2A_MSIL2A_20180828T145721_R039_T19LDH_20201027T054515,2018-08-28T14:57:21.024000Z,0.025271,506639,506639,505794,100.0,99.8332,0.1668,99.8544,True,False,,0,0.0,https://sentinel2l2a01.blob.core.windows.net/sentinel2-l2/19/L/DH/2018/08/28/S2A_MSIL2A_20180828T145721_N0212_R039_T19LDH_20201027T054515.SAFE/GRANULE/L2A_T19LDH_A016624_20180828T145854/IMG_DATA/R20m/T19LDH_20180828T145721_SCL_20m.tif,usable,meets_scl_coverage_threshold
iberia_final_holdout,final_geographic_holdout,2018,8,S2A_MSIL2A_20180719T145731_R039_T19LDH_20201011T173129,2018-07-19T14:57:31.024000Z,0.128188,506639,506639,505354,100.0,99.7464,0.2536,99.7652,True,False,,0,0.0,https://sentinel2l2a01.blob.core.windows.net/sentinel2-l2/19/L/DH/2018/07/19/S2A_MSIL2A_20180719T145731_N0212_R039_T19LDH_20201011T173129.SAFE/GRANULE/L2A_T19LDH_A016052_20180719T150016/IMG_DATA/R20m/T19LDH_20180719T145731_SCL_20m.tif,usable,meets_scl_coverage_threshold
iberia_final_holdout,final_geographic_holdout,2018,9,S2B_MSIL2A_20180704T145729_R039_T19LDH_20201011T120042,2018-07-04T14:57:29.024000Z,1.190799,506639,506639,505623,100.0,99.7995,0.2005,99.6509,True,False,,0,0.0,https://sentinel2l2a01.blob.core.windows.net/sentinel2-l2/19/L/DH/2018/07/04/S2B_MSIL2A_20180704T145729_N0212_R039_T19LDH_20201011T120042.SAFE/GRANULE/L2A_T19LDH_A006929_20180704T150108/IMG_DATA/R20m/T19LDH_20180704T145729_SCL_20m.tif,usable,meets_scl_coverage_threshold
iberia_final_holdout,final_geographic_holdout,2018,10,S2B_MSIL2A_20180902T145719_R039_T19LDH_20201011T074734,2018-09-02T14:57:19.024000Z,13.323238,506639,506639,505138,100.0,99.7037,0.2963,97.7497,True,False,,0,0.0,https://sentinel2l2a01.blob.core.windows.net/sentinel2-l2/19/L/DH/2018/09/02/S2B_MSIL2A_20180902T145719_N0212_R039_T19LDH_20201011T074734.SAFE/GRANULE/L2A_T19LDH_A007787_20180902T145716/IMG_DATA/R20m/T19LDH_20180902T145719_SCL_20m.tif,usable,meets_scl_coverage_threshold
iberia_final_holdout,final_geographic_holdout,2018,11,S2A_MSIL2A_20180818T145721_R039_T19LDH_20201011T032901,2018-08-18T14:57:21.024000Z,1.694443,506639,506639,477888,100.0,94.3252,5.6748,94.9222,True,False,,0,0.0,https://sentinel2l2a01.blob.core.windows.net/sentinel2-l2/19/L/DH/2018/08/18/S2A_MSIL2A_20180818T145721_N0212_R039_T19LDH_20201011T032901.SAFE/GRANULE/L2A_T19LDH_A016481_20180818T150209/IMG_DATA/R20m/T19LDH_20180818T145721_SCL_20m.tif,usable,meets_scl_coverage_threshold
iberia_final_holdout,final_geographic_holdout,2018,12,S2A_MSIL2A_20180917T145721_R039_T19LDH_20201009T015946,2018-09-17T14:57:21.024000Z,12.175205,506639,506639,464138,100.0,91.6112,8.3888,91.0432,True,False,,0,0.0,https://sentinel2l2a01.blob.core.windows.net/sentinel2-l2/19/L/DH/2018/09/17/S2A_MSIL2A_20180917T145721_N0212_R039_T19LDH_20201009T015946.SAFE/GRANULE/L2A_T19LDH_A016910_20180917T150307/IMG_DATA/R20m/T19LDH_20180917T145721_SCL_20m.tif,usable,meets_scl_coverage_threshold
iberia_final_holdout,final_geographic_holdout,2018,13,S2A_MSIL2A_20180629T145731_R039_T19LDH_20201012T034604,2018-06-29T14:57:31.024000Z,6.722103,506639,506639,458284,100.0,90.4557,9.5443,90.8791,True,False,,0,0.0,https://sentinel2l2a01.blob.core.windows.net/sentinel2-l2/19/L/DH/2018/06/29/S2A_MSIL2A_20180629T145731_N0212_R039_T19LDH_20201012T034604.SAFE/GRANULE/L2A_T19LDH_A015766_20180629T150352/IMG_DATA/R20m/T19LDH_20180629T145731_SCL_20m.tif,usable,meets_scl_coverage_threshold
iberia_final_holdout,final_geographic_holdout,2018,14,S2A_MSIL2A_20180904T144731_R139_T19LDH_20201011T082949,2018-09-04T14:47:31.024000Z,0.013715,506639,397536,397522,78.4653,78.4626,21.5374,81.6911,False,False,,0,0.0,https://sentinel2l2a01.blob.core.windows.net/sentinel2-l2/19/L/DH/2018/09/04/S2A_MSIL2A_20180904T144731_N0212_R139_T19LDH_20201011T082949.SAFE/GRANULE/L2A_T19LDH_A016724_20180904T144728/IMG_DATA/R20m/T19LDH_20180904T144731_SCL_20m.tif,rejected,below_scl_coverage_threshold
iberia_final_holdout,final_geographic_holdout,2018,15,S2A_MSIL2A_20180825T144731_R139_T19LDH_20201011T064545,2018-08-25T14:47:31.024000Z,0.191539,506639,391829,391809,77.3389,77.3349,22.6651,80.706,False,False,,0,0.0,https://sentinel2l2a01.blob.core.windows.net/sentinel2-l2/19/L/DH/2018/08/25/S2A_MSIL2A_20180825T144731_N0212_R139_T19LDH_20201011T064545.SAFE/GRANULE/L2A_T19LDH_A016581_20180825T145457/IMG_DATA/R20m/T19LDH_20180825T144731_SCL_20m.tif,rejected,below_scl_coverage_threshold
iberia_final_holdout,final_geographic_holdout,2018,16,S2A_MSIL2A_20180726T144731_R139_T19LDH_20201011T201332,2018-07-26T14:47:31.024000Z,0.008322,506639,381497,380744,75.2996,75.1509,24.8491,78.8771,False,False,,0,0.0,https://sentinel2l2a01.blob.core.windows.net/sentinel2-l2/19/L/DH/2018/07/26/S2A_MSIL2A_20180726T144731_N0212_R139_T19LDH_20201011T201332.SAFE/GRANULE/L2A_T19LDH_A016152_20180726T145459/IMG_DATA/R20m/T19LDH_20180726T144731_SCL_20m.tif,rejected,below_scl_coverage_threshold
iberia_final_holdout,final_geographic_holdout,2018,17,S2B_MSIL2A_20180701T144729_R139_T19LDH_20201011T105527,2018-07-01T14:47:29.024000Z,0.013848,506639,375814,372505,74.1779,73.5247,26.4753,77.494,False,False,,0,0.0,https://sentinel2l2a01.blob.core.windows.net/sentinel2-l2/19/L/DH/2018/07/01/S2B_MSIL2A_20180701T144729_N0212_R139_T19LDH_20201011T105527.SAFE/GRANULE/L2A_T19LDH_A006886_20180701T144950/IMG_DATA/R20m/T19LDH_20180701T144729_SCL_20m.tif,rejected,below_scl_coverage_threshold
iberia_final_holdout,final_geographic_holdout,2018,18,S2B_MSIL2A_20180711T144729_R139_T19LDH_20201011T144329,2018-07-11T14:47:29.024000Z,4.758139,506639,376083,376074,74.231,74.2292,25.7708,77.3811,False,False,,0,0.0,https://sentinel2l2a01.blob.core.windows.net/sentinel2-l2/19/L/DH/2018/07/11/S2B_MSIL2A_20180711T144729_N0212_R139_T19LDH_20201011T144329.SAFE/GRANULE/L2A_T19LDH_A007029_20180711T144740/IMG_DATA/R20m/T19LDH_20180711T144729_SCL_20m.tif,rejected,below_scl_coverage_threshold
iberia_final_holdout,final_geographic_holdout,2018,19,S2A_MSIL2A_20180706T144731_R139_T19LDH_20201011T123559,2018-07-06T14:47:31.024000Z,0.011104,506639,371591,370748,73.3443,73.1779,26.8221,77.1996,False,False,,0,0.0,https://sentinel2l2a01.blob.core.windows.net/sentinel2-l2/19/L/DH/2018/07/06/S2A_MSIL2A_20180706T144731_N0212_R139_T19LDH_20201011T123559.SAFE/GRANULE/L2A_T19LDH_A015866_20180706T144812/IMG_DATA/R20m/T19LDH_20180706T144731_SCL_20m.tif,rejected,below_scl_coverage_threshold
iberia_final_holdout,final_geographic_holdout,2018,20,S2B_MSIL2A_20180621T144729_R139_T19LDH_20201012T005159,2018-06-21T14:47:29.024000Z,0.962505,506639,368577,368239,72.7494,72.6827,27.3173,76.6359,False,False,,0,0.0,https://sentinel2l2a01.blob.core.windows.net/sentinel2-l2/19/L/DH/2018/06/21/S2B_MSIL2A_20180621T144729_N0212_R139_T19LDH_20201012T005159.SAFE/GRANULE/L2A_T19LDH_A006743_20180621T144729/IMG_DATA/R20m/T19LDH_20180621T144729_SCL_20m.tif,rejected,below_scl_coverage_threshold
iberia_final_holdout,final_geographic_holdout,2018,21,S2A_MSIL2A_20180626T144731_R139_T19LDH_20201012T023611,2018-06-26T14:47:31.024000Z,0.090393,506639,361963,361626,71.444,71.3775,28.6225,75.6573,False,False,,0,0.0,https://sentinel2l2a01.blob.core.windows.net/sentinel2-l2/19/L/DH/2018/06/26/S2A_MSIL2A_20180626T144731_N0212_R139_T19LDH_20201012T023611.SAFE/GRANULE/L2A_T19LDH_A015723_20180626T145458/IMG_DATA/R20m/T19LDH_20180626T144731_SCL_20m.tif,rejected,below_scl_coverage_threshold
iberia_final_holdout,final_geographic_holdout,2018,22,S2B_MSIL2A_20180909T144719_R139_T19LDH_20201008T232543,2018-09-09T14:47:19.024000Z,0.53745,506639,346181,346145,68.3289,68.3218,31.6782,72.9929,False,False,,0,0.0,https://sentinel2l2a01.blob.core.windows.net/sentinel2-l2/19/L/DH/2018/09/09/S2B_MSIL2A_20180909T144719_N0212_R139_T19LDH_20201008T232543.SAFE/GRANULE/L2A_T19LDH_A007887_20180909T145159/IMG_DATA/R20m/T19LDH_20180909T144719_SCL_20m.tif,rejected,below_scl_coverage_threshold
iberia_final_holdout,final_geographic_holdout,2018,23,S2B_MSIL2A_20180611T144729_R139_T19LDH_20201026T222215,2018-06-11T14:47:29.024000Z,13.17348,506639,358544,334404,70.7691,66.0044,33.9956,69.1277,False,False,,0,0.0,https://sentinel2l2a01.blob.core.windows.net/sentinel2-l2/19/L/DH/2018/06/11/S2B_MSIL2A_20180611T144729_N0212_R139_T19LDH_20201026T222215.SAFE/GRANULE/L2A_T19LDH_A006600_20180611T145550/IMG_DATA/R20m/T19LDH_20180611T144729_SCL_20m.tif,rejected,below_scl_coverage_threshold
iberia_final_holdout,final_geographic_holdout,2018,24,S2B_MSIL2A_20180830T144719_R139_T19LDH_20201011T070029,2018-08-30T14:47:19.024000Z,0.012024,506639,317842,317622,62.7354,62.692,37.308,68.2864,False,False,,0,0.0,https://sentinel2l2a01.blob.core.windows.net/sentinel2-l2/19/L/DH/2018/08/30/S2B_MSIL2A_20180830T144719_N0212_R139_T19LDH_20201011T070029.SAFE/GRANULE/L2A_T19LDH_A007744_20180830T144952/IMG_DATA/R20m/T19LDH_20180830T144719_SCL_20m.tif,rejected,below_scl_coverage_threshold
iberia_final_holdout,final_geographic_holdout,2018,25,S2A_MSIL2A_20180716T144731_R139_T19LDH_20201011T162623,2018-07-16T14:47:31.024000Z,3.057095,506639,378043,285740,74.6178,56.3991,43.6009,62.4807,False,False,,0,0.0,https://sentinel2l2a01.blob.core.windows.net/sentinel2-l2/19/L/DH/2018/07/16/S2A_MSIL2A_20180716T144731_N0212_R139_T19LDH_20201011T162623.SAFE/GRANULE/L2A_T19LDH_A016009_20180716T144920/IMG_DATA/R20m/T19LDH_20180716T144731_SCL_20m.tif,rejected,below_scl_coverage_threshold
iberia_final_holdout,final_geographic_holdout,2022,1,S2B_MSIL2A_20220812T145729_R039_T19LDH_20220813T015553,2022-08-12T14:57:29.024000Z,0.000396,506639,506639,506639,100.0,100.0,0.0,99.9999,True,True,1,506639,100.0,https://sentinel2l2a01.blob.core.windows.net/sentinel2-l2/19/L/DH/2022/08/12/S2B_MSIL2A_20220812T145729_N0400_R039_T19LDH_20220813T015553.SAFE/GRANULE/L2A_T19LDH_A028379_20220812T145729/IMG_DATA/R20m/T19LDH_20220812T145729_SCL_20m.tif,usable,meets_scl_coverage_threshold
iberia_final_holdout,final_geographic_holdout,2022,2,S2B_MSIL2A_20220812T145729_R039_T19LDH_20240711T032928,2022-08-12T14:57:29.024000Z,0.000455,506639,506639,506639,100.0,100.0,0.0,99.9999,True,False,,0,0.0,https://sentinel2l2a01.blob.core.windows.net/sentinel2-l2/19/L/DH/2022/08/12/S2B_MSIL2A_20220812T145729_N0510_R039_T19LDH_20240711T032928.SAFE/GRANULE/L2A_T19LDH_A028379_20220812T145729/IMG_DATA/R20m/T19LDH_20220812T145729_SCL_20m.tif,usable,meets_scl_coverage_threshold
iberia_final_holdout,final_geographic_holdout,2022,3,S2B_MSIL2A_20220822T145729_R039_T19LDH_20240704T091633,2022-08-22T14:57:29.024000Z,0.000639,506639,506639,506639,100.0,100.0,0.0,99.9999,True,False,,0,0.0,https://sentinel2l2a01.blob.core.windows.net/sentinel2-l2/19/L/DH/2022/08/22/S2B_MSIL2A_20220822T145729_N0510_R039_T19LDH_20240704T091633.SAFE/GRANULE/L2A_T19LDH_A028522_20220822T145726/IMG_DATA/R20m/T19LDH_20220822T145729_SCL_20m.tif,usable,meets_scl_coverage_threshold
iberia_final_holdout,final_geographic_holdout,2022,4,S2B_MSIL2A_20220822T145729_R039_T19LDH_20220823T135200,2022-08-22T14:57:29.024000Z,0.000656,506639,506639,506639,100.0,100.0,0.0,99.9999,True,False,,0,0.0,https://sentinel2l2a01.blob.core.windows.net/sentinel2-l2/19/L/DH/2022/08/22/S2B_MSIL2A_20220822T145729_N0400_R039_T19LDH_20220823T135200.SAFE/GRANULE/L2A_T19LDH_A028522_20220822T145726/IMG_DATA/R20m/T19LDH_20220822T145729_SCL_20m.tif,usable,meets_scl_coverage_threshold
iberia_final_holdout,final_geographic_holdout,2022,5,S2B_MSIL2A_20220901T145729_R039_T19LDH_20220902T070010,2022-09-01T14:57:29.024000Z,0.00067,506639,506639,506639,100.0,100.0,0.0,99.9999,True,False,,0,0.0,https://sentinel2l2a01.blob.core.windows.net/sentinel2-l2/19/L/DH/2022/09/01/S2B_MSIL2A_20220901T145729_N0400_R039_T19LDH_20220902T070010.SAFE/GRANULE/L2A_T19LDH_A028665_20220901T145726/IMG_DATA/R20m/T19LDH_20220901T145729_SCL_20m.tif,usable,meets_scl_coverage_threshold
iberia_final_holdout,final_geographic_holdout,2022,6,S2A_MSIL2A_20220906T145741_R039_T19LDH_20220907T130252,2022-09-06T14:57:41.024000Z,0.000717,506639,506639,506639,100.0,100.0,0.0,99.9999,True,False,,0,0.0,https://sentinel2l2a01.blob.core.windows.net/sentinel2-l2/19/L/DH/2022/09/06/S2A_MSIL2A_20220906T145741_N0400_R039_T19LDH_20220907T130252.SAFE/GRANULE/L2A_T19LDH_A037645_20220906T150345/IMG_DATA/R20m/T19LDH_20220906T145741_SCL_20m.tif,usable,meets_scl_coverage_threshold
iberia_final_holdout,final_geographic_holdout,2022,7,S2B_MSIL2A_20220723T145729_R039_T19LDH_20220725T144904,2022-07-23T14:57:29.024000Z,0.183738,506639,506639,506639,100.0,100.0,0.0,99.9724,True,False,,0,0.0,https://sentinel2l2a01.blob.core.windows.net/sentinel2-l2/19/L/DH/2022/07/23/S2B_MSIL2A_20220723T145729_N0400_R039_T19LDH_20220725T144904.SAFE/GRANULE/L2A_T19LDH_A028093_20220723T145752/IMG_DATA/R20m/T19LDH_20220723T145729_SCL_20m.tif,usable,meets_scl_coverage_threshold
iberia_final_holdout,final_geographic_holdout,2022,8,S2B_MSIL2A_20220723T145729_R039_T19LDH_20240708T193618,2022-07-23T14:57:29.024000Z,0.185367,506639,506639,506639,100.0,100.0,0.0,99.9722,True,False,,0,0.0,https://sentinel2l2a01.blob.core.windows.net/sentinel2-l2/19/L/DH/2022/07/23/S2B_MSIL2A_20220723T145729_N0510_R039_T19LDH_20240708T193618.SAFE/GRANULE/L2A_T19LDH_A028093_20220723T145752/IMG_DATA/R20m/T19LDH_20220723T145729_SCL_20m.tif,usable,meets_scl_coverage_threshold
iberia_final_holdout,final_geographic_holdout,2022,9,S2B_MSIL2A_20220613T145729_R039_T19LDH_20220614T115831,2022-06-13T14:57:29.024000Z,1.438582,506639,506639,500969,100.0,98.8809,1.1191,98.8329,True,False,,0,0.0,https://sentinel2l2a01.blob.core.windows.net/sentinel2-l2/19/L/DH/2022/06/13/S2B_MSIL2A_20220613T145729_N0400_R039_T19LDH_20220614T115831.SAFE/GRANULE/L2A_T19LDH_A027521_20220613T145913/IMG_DATA/R20m/T19LDH_20220613T145729_SCL_20m.tif,usable,meets_scl_coverage_threshold
iberia_final_holdout,final_geographic_holdout,2022,10,S2A_MSIL2A_20220728T145741_R039_T19LDH_20220729T205656,2022-07-28T14:57:41.024000Z,4.837637,506639,506639,503377,100.0,99.3561,0.6439,98.7271,True,False,,0,0.0,https://sentinel2l2a01.blob.core.windows.net/sentinel2-l2/19/L/DH/2022/07/28/S2A_MSIL2A_20220728T145741_N0400_R039_T19LDH_20220729T205656.SAFE/GRANULE/L2A_T19LDH_A037073_20220728T150430/IMG_DATA/R20m/T19LDH_20220728T145741_SCL_20m.tif,usable,meets_scl_coverage_threshold
iberia_final_holdout,final_geographic_holdout,2022,11,S2B_MSIL2A_20220623T145729_R039_T19LDH_20220624T044814,2022-06-23T14:57:29.024000Z,8.558906,506639,506639,486005,100.0,95.9273,4.0727,95.2544,True,False,,0,0.0,https://sentinel2l2a01.blob.core.windows.net/sentinel2-l2/19/L/DH/2022/06/23/S2B_MSIL2A_20220623T145729_N0400_R039_T19LDH_20220624T044814.SAFE/GRANULE/L2A_T19LDH_A027664_20220623T145918/IMG_DATA/R20m/T19LDH_20220623T145729_SCL_20m.tif,usable,meets_scl_coverage_threshold
iberia_final_holdout,final_geographic_holdout,2022,12,S2A_MSIL2A_20220916T145731_R039_T19LDH_20240731T135215,2022-09-16T14:57:31.024000Z,18.180449,506639,506639,492086,100.0,97.1275,2.8725,94.8313,True,False,,0,0.0,https://sentinel2l2a01.blob.core.windows.net/sentinel2-l2/19/L/DH/2022/09/16/S2A_MSIL2A_20220916T145731_N0510_R039_T19LDH_20240731T135215.SAFE/GRANULE/L2A_T19LDH_A037788_20220916T145734/IMG_DATA/R20m/T19LDH_20220916T145731_SCL_20m.tif,usable,meets_scl_coverage_threshold
iberia_final_holdout,final_geographic_holdout,2022,13,S2A_MSIL2A_20220916T145731_R039_T19LDH_20220917T094336,2022-09-16T14:57:31.024000Z,18.188149,506639,506639,491989,100.0,97.1084,2.8916,94.8139,True,False,,0,0.0,https://sentinel2l2a01.blob.core.windows.net/sentinel2-l2/19/L/DH/2022/09/16/S2A_MSIL2A_20220916T145731_N0400_R039_T19LDH_20220917T094336.SAFE/GRANULE/L2A_T19LDH_A037788_20220916T145734/IMG_DATA/R20m/T19LDH_20220916T145731_SCL_20m.tif,usable,meets_scl_coverage_threshold
iberia_final_holdout,final_geographic_holdout,2022,14,S2A_MSIL2A_20220926T145731_R039_T19LDH_20220927T082906,2022-09-26T14:57:31.024000Z,6.474277,506639,506639,479922,100.0,94.7266,5.2734,94.5465,True,False,,0,0.0,https://sentinel2l2a01.blob.core.windows.net/sentinel2-l2/19/L/DH/2022/09/26/S2A_MSIL2A_20220926T145731_N0400_R039_T19LDH_20220927T082906.SAFE/GRANULE/L2A_T19LDH_A037931_20220926T145954/IMG_DATA/R20m/T19LDH_20220926T145731_SCL_20m.tif,usable,meets_scl_coverage_threshold
iberia_final_holdout,final_geographic_holdout,2022,15,S2A_MSIL2A_20220926T145731_R039_T19LDH_20240731T141746,2022-09-26T14:57:31.024000Z,6.467807,506639,506639,479690,100.0,94.6808,5.3192,94.5085,True,False,,0,0.0,https://sentinel2l2a01.blob.core.windows.net/sentinel2-l2/19/L/DH/2022/09/26/S2A_MSIL2A_20220926T145731_N0510_R039_T19LDH_20240731T141746.SAFE/GRANULE/L2A_T19LDH_A037931_20220926T145954/IMG_DATA/R20m/T19LDH_20220926T145731_SCL_20m.tif,usable,meets_scl_coverage_threshold
iberia_final_holdout,final_geographic_holdout,2022,16,S2A_MSIL2A_20220625T144741_R139_T19LDH_20240703T025543,2022-06-25T14:47:41.024000Z,0.006126,506639,441249,440423,87.0934,86.9303,13.0697,88.8899,True,False,,0,0.0,https://sentinel2l2a01.blob.core.windows.net/sentinel2-l2/19/L/DH/2022/06/25/S2A_MSIL2A_20220625T144741_N0510_R139_T19LDH_20240703T025543.SAFE/GRANULE/L2A_T19LDH_A036601_20220625T144743/IMG_DATA/R20m/T19LDH_20220625T144741_SCL_20m.tif,usable,meets_scl_coverage_threshold
iberia_final_holdout,final_geographic_holdout,2022,17,S2A_MSIL2A_20220625T144741_R139_T19LDH_20220626T045444,2022-06-25T14:47:41.024000Z,0.006235,506639,441218,440365,87.0873,86.9189,13.0811,88.8801,True,False,,0,0.0,https://sentinel2l2a01.blob.core.windows.net/sentinel2-l2/19/L/DH/2022/06/25/S2A_MSIL2A_20220625T144741_N0400_R139_T19LDH_20220626T045444.SAFE/GRANULE/L2A_T19LDH_A036601_20220625T144743/IMG_DATA/R20m/T19LDH_20220625T144741_SCL_20m.tif,usable,meets_scl_coverage_threshold
iberia_final_holdout,final_geographic_holdout,2022,18,S2A_MSIL2A_20220705T144741_R139_T19LDH_20220707T080230,2022-07-05T14:47:41.024000Z,1.087422,506639,438564,436590,86.5634,86.1738,13.8262,88.0846,True,False,,0,0.0,https://sentinel2l2a01.blob.core.windows.net/sentinel2-l2/19/L/DH/2022/07/05/S2A_MSIL2A_20220705T144741_N0400_R139_T19LDH_20220707T080230.SAFE/GRANULE/L2A_T19LDH_A036744_20220705T145550/IMG_DATA/R20m/T19LDH_20220705T144741_SCL_20m.tif,usable,meets_scl_coverage_threshold
iberia_final_holdout,final_geographic_holdout,2022,19,S2B_MSIL2A_20220630T144729_R139_T19LDH_20240714T160033,2022-06-30T14:47:29.024000Z,0.001148,506639,432167,432136,85.3008,85.2947,14.7053,87.5003,True,False,,0,0.0,https://sentinel2l2a01.blob.core.windows.net/sentinel2-l2/19/L/DH/2022/06/30/S2B_MSIL2A_20220630T144729_N0510_R139_T19LDH_20240714T160033.SAFE/GRANULE/L2A_T19LDH_A027764_20220630T144731/IMG_DATA/R20m/T19LDH_20220630T144729_SCL_20m.tif,usable,meets_scl_coverage_threshold
iberia_final_holdout,final_geographic_holdout,2022,20,S2B_MSIL2A_20220630T144729_R139_T19LDH_20220701T043552,2022-06-30T14:47:29.024000Z,0.001157,506639,432157,432126,85.2988,85.2927,14.7073,87.4986,True,False,,0,0.0,https://sentinel2l2a01.blob.core.windows.net/sentinel2-l2/19/L/DH/2022/06/30/S2B_MSIL2A_20220630T144729_N0400_R139_T19LDH_20220701T043552.SAFE/GRANULE/L2A_T19LDH_A027764_20220630T144731/IMG_DATA/R20m/T19LDH_20220630T144729_SCL_20m.tif,usable,meets_scl_coverage_threshold
iberia_final_holdout,final_geographic_holdout,2022,21,S2A_MSIL2A_20220824T144741_R139_T19LDH_20240704T164843,2022-08-24T14:47:41.024000Z,0.001335,506639,430500,430468,84.9717,84.9654,15.0346,87.2204,True,False,,0,0.0,https://sentinel2l2a01.blob.core.windows.net/sentinel2-l2/19/L/DH/2022/08/24/S2A_MSIL2A_20220824T144741_N0510_R139_T19LDH_20240704T164843.SAFE/GRANULE/L2A_T19LDH_A037459_20220824T145550/IMG_DATA/R20m/T19LDH_20220824T144741_SCL_20m.tif,usable,meets_scl_coverage_threshold
iberia_final_holdout,final_geographic_holdout,2022,22,S2A_MSIL2A_20220824T144741_R139_T19LDH_20220825T132912,2022-08-24T14:47:41.024000Z,0.001339,506639,430480,430445,84.9678,84.9609,15.0391,87.2166,True,False,,0,0.0,https://sentinel2l2a01.blob.core.windows.net/sentinel2-l2/19/L/DH/2022/08/24/S2A_MSIL2A_20220824T144741_N0400_R139_T19LDH_20220825T132912.SAFE/GRANULE/L2A_T19LDH_A037459_20220824T145550/IMG_DATA/R20m/T19LDH_20220824T144741_SCL_20m.tif,usable,meets_scl_coverage_threshold
iberia_final_holdout,final_geographic_holdout,2022,23,S2A_MSIL2A_20220903T144741_R139_T19LDH_20220904T032304,2022-09-03T14:47:41.024000Z,0.002196,506639,429518,429405,84.7779,84.7556,15.2444,87.0419,True,False,,0,0.0,https://sentinel2l2a01.blob.core.windows.net/sentinel2-l2/19/L/DH/2022/09/03/S2A_MSIL2A_20220903T144741_N0400_R139_T19LDH_20220904T032304.SAFE/GRANULE/L2A_T19LDH_A037602_20220903T145502/IMG_DATA/R20m/T19LDH_20220903T144741_SCL_20m.tif,usable,meets_scl_coverage_threshold
iberia_final_holdout,final_geographic_holdout,2022,24,S2A_MSIL2A_20220615T144741_R139_T19LDH_20240620T023425,2022-06-15T14:47:41.024000Z,0.001156,506639,424040,424025,83.6967,83.6937,16.3063,86.1395,True,False,,0,0.0,https://sentinel2l2a01.blob.core.windows.net/sentinel2-l2/19/L/DH/2022/06/15/S2A_MSIL2A_20220615T144741_N0510_R139_T19LDH_20240620T023425.SAFE/GRANULE/L2A_T19LDH_A036458_20220615T144741/IMG_DATA/R20m/T19LDH_20220615T144741_SCL_20m.tif,usable,meets_scl_coverage_threshold
iberia_final_holdout,final_geographic_holdout,2022,25,S2A_MSIL2A_20220615T144741_R139_T19LDH_20220618T171408,2022-06-15T14:47:41.024000Z,0.001199,506639,424010,423994,83.6908,83.6876,16.3124,86.1343,True,False,,0,0.0,https://sentinel2l2a01.blob.core.windows.net/sentinel2-l2/19/L/DH/2022/06/15/S2A_MSIL2A_20220615T144741_N0400_R139_T19LDH_20220618T171408.SAFE/GRANULE/L2A_T19LDH_A036458_20220615T144741/IMG_DATA/R20m/T19LDH_20220615T144741_SCL_20m.tif,usable,meets_scl_coverage_threshold
iberia_final_holdout,final_geographic_holdout,2022,26,S2A_MSIL2A_20220814T144741_R139_T19LDH_20240703T134048,2022-08-14T14:47:41.024000Z,0.128477,506639,416945,416945,82.2963,82.2963,17.7037,84.9326,True,False,,0,0.0,https://sentinel2l2a01.blob.core.windows.net/sentinel2-l2/19/L/DH/2022/08/14/S2A_MSIL2A_20220814T144741_N0510_R139_T19LDH_20240703T134048.SAFE/GRANULE/L2A_T19LDH_A037316_20220814T144738/IMG_DATA/R20m/T19LDH_20220814T144741_SCL_20m.tif,usable,meets_scl_coverage_threshold
iberia_final_holdout,final_geographic_holdout,2022,27,S2A_MSIL2A_20220814T144741_R139_T19LDH_20220815T063214,2022-08-14T14:47:41.024000Z,0.127862,506639,416926,416926,82.2925,82.2925,17.7075,84.9295,True,False,,0,0.0,https://sentinel2l2a01.blob.core.windows.net/sentinel2-l2/19/L/DH/2022/08/14/S2A_MSIL2A_20220814T144741_N0400_R139_T19LDH_20220815T063214.SAFE/GRANULE/L2A_T19LDH_A037316_20220814T144738/IMG_DATA/R20m/T19LDH_20220814T144741_SCL_20m.tif,usable,meets_scl_coverage_threshold
iberia_final_holdout,final_geographic_holdout,2022,28,S2A_MSIL2A_20220817T145741_R039_T19LDH_20220818T044152,2022-08-17T14:57:41.024000Z,4.626698,506639,506639,417057,100.0,82.3184,17.6816,84.2766,True,False,,0,0.0,https://sentinel2l2a01.blob.core.windows.net/sentinel2-l2/19/L/DH/2022/08/17/S2A_MSIL2A_20220817T145741_N0400_R039_T19LDH_20220818T044152.SAFE/GRANULE/L2A_T19LDH_A037359_20220817T150342/IMG_DATA/R20m/T19LDH_20220817T145741_SCL_20m.tif,usable,meets_scl_coverage_threshold
iberia_final_holdout,final_geographic_holdout,2022,29,S2B_MSIL2A_20220710T144729_R139_T19LDH_20220712T140243,2022-07-10T14:47:29.024000Z,1.625666,506639,412124,412123,81.3447,81.3445,18.6555,83.899,True,False,,0,0.0,https://sentinel2l2a01.blob.core.windows.net/sentinel2-l2/19/L/DH/2022/07/10/S2B_MSIL2A_20220710T144729_N0400_R139_T19LDH_20220712T140243.SAFE/GRANULE/L2A_T19LDH_A027907_20220710T144824/IMG_DATA/R20m/T19LDH_20220710T144729_SCL_20m.tif,usable,meets_scl_coverage_threshold
iberia_final_holdout,final_geographic_holdout,2022,30,S2B_MSIL2A_20220730T144729_R139_T19LDH_20240717T071725,2022-07-30T14:47:29.024000Z,1.268611,506639,399360,399246,78.8254,78.8029,21.1971,81.7921,False,False,,0,0.0,https://sentinel2l2a01.blob.core.windows.net/sentinel2-l2/19/L/DH/2022/07/30/S2B_MSIL2A_20220730T144729_N0510_R139_T19LDH_20240717T071725.SAFE/GRANULE/L2A_T19LDH_A028193_20220730T144735/IMG_DATA/R20m/T19LDH_20220730T144729_SCL_20m.tif,rejected,below_scl_coverage_threshold
iberia_final_holdout,final_geographic_holdout,2022,31,S2B_MSIL2A_20220730T144729_R139_T19LDH_20220731T161749,2022-07-30T14:47:29.024000Z,1.268622,506639,399333,399231,78.82,78.7999,21.2001,81.7896,False,False,,0,0.0,https://sentinel2l2a01.blob.core.windows.net/sentinel2-l2/19/L/DH/2022/07/30/S2B_MSIL2A_20220730T144729_N0400_R139_T19LDH_20220731T161749.SAFE/GRANULE/L2A_T19LDH_A028193_20220730T144735/IMG_DATA/R20m/T19LDH_20220730T144729_SCL_20m.tif,rejected,below_scl_coverage_threshold
iberia_final_holdout,final_geographic_holdout,2022,32,S2A_MSIL2A_20220804T144741_R139_T19LDH_20220805T025805,2022-08-04T14:47:41.025000Z,0.856048,506639,393524,393518,77.6735,77.6723,22.3277,80.893,False,False,,0,0.0,https://sentinel2l2a01.blob.core.windows.net/sentinel2-l2/19/L/DH/2022/08/04/S2A_MSIL2A_20220804T144741_N0400_R139_T19LDH_20220805T025805.SAFE/GRANULE/L2A_T19LDH_A037173_20220804T144737/IMG_DATA/R20m/T19LDH_20220804T144741_SCL_20m.tif,rejected,below_scl_coverage_threshold
iberia_final_holdout,final_geographic_holdout,2022,33,S2A_MSIL2A_20220804T144741_R139_T19LDH_20240717T021632,2022-08-04T14:47:41.025000Z,0.857441,506639,393434,393428,77.6557,77.6545,22.3455,80.8777,False,False,,0,0.0,https://sentinel2l2a01.blob.core.windows.net/sentinel2-l2/19/L/DH/2022/08/04/S2A_MSIL2A_20220804T144741_N0510_R139_T19LDH_20240717T021632.SAFE/GRANULE/L2A_T19LDH_A037173_20220804T144737/IMG_DATA/R20m/T19LDH_20220804T144741_SCL_20m.tif,rejected,below_scl_coverage_threshold
iberia_final_holdout,final_geographic_holdout,2022,34,S2A_MSIL2A_20220628T145741_R039_T19LDH_20220629T064611,2022-06-28T14:57:41.024000Z,7.686352,506639,506639,386591,100.0,76.305,23.695,78.7063,False,False,,0,0.0,https://sentinel2l2a01.blob.core.windows.net/sentinel2-l2/19/L/DH/2022/06/28/S2A_MSIL2A_20220628T145741_N0400_R039_T19LDH_20220629T064611.SAFE/GRANULE/L2A_T19LDH_A036644_20220628T150513/IMG_DATA/R20m/T19LDH_20220628T145741_SCL_20m.tif,rejected,below_scl_coverage_threshold
iberia_final_holdout,final_geographic_holdout,2022,35,S2B_MSIL2A_20220908T144729_R139_T19LDH_20220910T025414,2022-09-08T14:47:29.024000Z,0.000925,506639,372607,372582,73.5449,73.5399,26.4601,77.5088,False,False,,0,0.0,https://sentinel2l2a01.blob.core.windows.net/sentinel2-l2/19/L/DH/2022/09/08/S2B_MSIL2A_20220908T144729_N0400_R139_T19LDH_20220910T025414.SAFE/GRANULE/L2A_T19LDH_A028765_20220908T145249/IMG_DATA/R20m/T19LDH_20220908T144729_SCL_20m.tif,rejected,below_scl_coverage_threshold
iberia_final_holdout,final_geographic_holdout,2022,36,S2B_MSIL2A_20220918T144729_R139_T19LDH_20220919T081414,2022-09-18T14:47:29.024000Z,13.980813,506639,382252,367239,75.4486,72.4853,27.5147,74.5154,False,False,,0,0.0,https://sentinel2l2a01.blob.core.windows.net/sentinel2-l2/19/L/DH/2022/09/18/S2B_MSIL2A_20220918T144729_N0400_R139_T19LDH_20220919T081414.SAFE/GRANULE/L2A_T19LDH_A028908_20220918T145244/IMG_DATA/R20m/T19LDH_20220918T144729_SCL_20m.tif,rejected,below_scl_coverage_threshold
iberia_final_holdout,final_geographic_holdout,2022,37,S2B_MSIL2A_20220918T144729_R139_T19LDH_20240731T115220,2022-09-18T14:47:29.024000Z,14.533795,506639,382315,367134,75.461,72.4646,27.5354,74.4149,False,False,,0,0.0,https://sentinel2l2a01.blob.core.windows.net/sentinel2-l2/19/L/DH/2022/09/18/S2B_MSIL2A_20220918T144729_N0510_R139_T19LDH_20240731T115220.SAFE/GRANULE/L2A_T19LDH_A028908_20220918T145244/IMG_DATA/R20m/T19LDH_20220918T144729_SCL_20m.tif,rejected,below_scl_coverage_threshold
iberia_final_holdout,final_geographic_holdout,2022,38,S2B_MSIL2A_20220720T144729_R139_T19LDH_20220721T025917,2022-07-20T14:47:29.024000Z,1.846175,506639,405537,307546,80.0446,60.7032,39.2968,66.3208,False,False,,0,0.0,https://sentinel2l2a01.blob.core.windows.net/sentinel2-l2/19/L/DH/2022/07/20/S2B_MSIL2A_20220720T144729_N0400_R139_T19LDH_20220721T025917.SAFE/GRANULE/L2A_T19LDH_A028050_20220720T144735/IMG_DATA/R20m/T19LDH_20220720T144729_SCL_20m.tif,rejected,below_scl_coverage_threshold
iberia_final_holdout,final_geographic_holdout,2022,39,S2B_MSIL2A_20220720T144729_R139_T19LDH_20240715T122127,2022-07-20T14:47:29.024000Z,1.863652,506639,405576,307276,80.0523,60.6499,39.3501,66.2729,False,False,,0,0.0,https://sentinel2l2a01.blob.core.windows.net/sentinel2-l2/19/L/DH/2022/07/20/S2B_MSIL2A_20220720T144729_N0510_R139_T19LDH_20240715T122127.SAFE/GRANULE/L2A_T19LDH_A028050_20220720T144735/IMG_DATA/R20m/T19LDH_20220720T144729_SCL_20m.tif,rejected,below_scl_coverage_threshold
inambari_development,dataset_development,2018,1,S2A_MSIL2A_20180828T145721_R039_T19LCF_20201027T054517,2018-08-28T14:57:21.024000Z,12.441118,503363,503363,499258,100.0,99.1845,0.8155,97.4406,True,True,1,499258,99.1845,https://sentinel2l2a01.blob.core.windows.net/sentinel2-l2/19/L/CF/2018/08/28/S2A_MSIL2A_20180828T145721_N0212_R039_T19LCF_20201027T054517.SAFE/GRANULE/L2A_T19LCF_A016624_20180828T145854/IMG_DATA/R20m/T19LCF_20180828T145721_SCL_20m.tif,usable,meets_scl_coverage_threshold
inambari_development,dataset_development,2018,2,S2A_MSIL2A_20180619T145731_R039_T19LCF_20201011T235605,2018-06-19T14:57:31.024000Z,9.168934,503363,503363,492312,100.0,97.8046,2.1954,96.7585,True,False,,0,0.0,https://sentinel2l2a01.blob.core.windows.net/sentinel2-l2/19/L/CF/2018/06/19/S2A_MSIL2A_20180619T145731_N0212_R039_T19LCF_20201011T235605.SAFE/GRANULE/L2A_T19LCF_A015623_20180619T150221/IMG_DATA/R20m/T19LCF_20180619T145731_SCL_20m.tif,usable,meets_scl_coverage_threshold
inambari_development,dataset_development,2018,3,S2A_MSIL2A_20180907T145721_R039_T19LCF_20201011T093958,2018-09-07T14:57:21.024000Z,7.25854,503363,503363,458806,100.0,91.1481,8.8519,91.3871,True,False,,0,0.0,https://sentinel2l2a01.blob.core.windows.net/sentinel2-l2/19/L/CF/2018/09/07/S2A_MSIL2A_20180907T145721_N0212_R039_T19LCF_20201011T093958.SAFE/GRANULE/L2A_T19LCF_A016767_20180907T150208/IMG_DATA/R20m/T19LCF_20180907T145721_SCL_20m.tif,usable,meets_scl_coverage_threshold
inambari_development,dataset_development,2018,4,S2A_MSIL2A_20180818T145721_R039_T19LCF_20201011T032904,2018-08-18T14:57:21.024000Z,11.352001,503363,503363,419733,100.0,83.3857,16.6143,84.1751,True,False,,0,0.0,https://sentinel2l2a01.blob.core.windows.net/sentinel2-l2/19/L/CF/2018/08/18/S2A_MSIL2A_20180818T145721_N0212_R039_T19LCF_20201011T032904.SAFE/GRANULE/L2A_T19LCF_A016481_20180818T150209/IMG_DATA/R20m/T19LCF_20180818T145721_SCL_20m.tif,usable,meets_scl_coverage_threshold
inambari_development,dataset_development,2018,5,S2B_MSIL2A_20180813T145719_R039_T19LCF_20201011T012223,2018-08-13T14:57:19.024000Z,14.148408,503363,503363,388310,100.0,77.1431,22.8569,78.4494,False,False,,0,0.0,https://sentinel2l2a01.blob.core.windows.net/sentinel2-l2/19/L/CF/2018/08/13/S2B_MSIL2A_20180813T145719_N0212_R039_T19LCF_20201011T012223.SAFE/GRANULE/L2A_T19LCF_A007501_20180813T150106/IMG_DATA/R20m/T19LCF_20180813T145719_SCL_20m.tif,rejected,below_scl_coverage_threshold
inambari_development,dataset_development,2018,6,S2A_MSIL2A_20180904T144731_R139_T19LCF_20201011T082925,2018-09-04T14:47:31.024000Z,10.707588,503363,8866,8866,1.7614,1.7614,98.2386,14.891,False,False,,0,0.0,https://sentinel2l2a01.blob.core.windows.net/sentinel2-l2/19/L/CF/2018/09/04/S2A_MSIL2A_20180904T144731_N0212_R139_T19LCF_20201011T082925.SAFE/GRANULE/L2A_T19LCF_A016724_20180904T144728/IMG_DATA/R20m/T19LCF_20180904T144731_SCL_20m.tif,rejected,below_scl_coverage_threshold
inambari_development,dataset_development,2018,7,S2A_MSIL2A_20180716T144731_R139_T19LCF_20201011T162616,2018-07-16T14:47:31.024000Z,19.790277,503363,2888,2187,0.5737,0.4345,99.5655,12.4008,False,False,,0,0.0,https://sentinel2l2a01.blob.core.windows.net/sentinel2-l2/19/L/CF/2018/07/16/S2A_MSIL2A_20180716T144731_N0212_R139_T19LCF_20201011T162616.SAFE/GRANULE/L2A_T19LCF_A016009_20180716T144920/IMG_DATA/R20m/T19LCF_20180716T144731_SCL_20m.tif,rejected,below_scl_coverage_threshold
inambari_development,dataset_development,2022,1,S2B_MSIL2A_20220613T145729_R039_T19LCF_20220614T100200,2022-06-13T14:57:29.024000Z,0.42632,503363,503363,503363,100.0,100.0,0.0,99.9361,True,True,1,503363,100.0,https://sentinel2l2a01.blob.core.windows.net/sentinel2-l2/19/L/CF/2022/06/13/S2B_MSIL2A_20220613T145729_N0400_R039_T19LCF_20220614T100200.SAFE/GRANULE/L2A_T19LCF_A027521_20220613T145913/IMG_DATA/R20m/T19LCF_20220613T145729_SCL_20m.tif,usable,meets_scl_coverage_threshold
inambari_development,dataset_development,2022,2,S2B_MSIL2A_20220822T145729_R039_T19LCF_20240704T091633,2022-08-22T14:57:29.024000Z,8.351785,503363,503363,503356,100.0,99.9986,0.0014,98.7461,True,False,,0,0.0,https://sentinel2l2a01.blob.core.windows.net/sentinel2-l2/19/L/CF/2022/08/22/S2B_MSIL2A_20220822T145729_N0510_R039_T19LCF_20240704T091633.SAFE/GRANULE/L2A_T19LCF_A028522_20220822T145726/IMG_DATA/R20m/T19LCF_20220822T145729_SCL_20m.tif,usable,meets_scl_coverage_threshold
inambari_development,dataset_development,2022,3,S2B_MSIL2A_20220822T145729_R039_T19LCF_20220823T142834,2022-08-22T14:57:29.024000Z,8.363886,503363,503363,503356,100.0,99.9986,0.0014,98.7442,True,False,,0,0.0,https://sentinel2l2a01.blob.core.windows.net/sentinel2-l2/19/L/CF/2022/08/22/S2B_MSIL2A_20220822T145729_N0400_R039_T19LCF_20220823T142834.SAFE/GRANULE/L2A_T19LCF_A028522_20220822T145726/IMG_DATA/R20m/T19LCF_20220822T145729_SCL_20m.tif,usable,meets_scl_coverage_threshold
inambari_development,dataset_development,2022,4,S2A_MSIL2A_20220906T145741_R039_T19LCF_20220907T075707,2022-09-06T14:57:41.024000Z,11.85512,503363,503363,496758,100.0,98.6878,1.3122,97.1064,True,False,,0,0.0,https://sentinel2l2a01.blob.core.windows.net/sentinel2-l2/19/L/CF/2022/09/06/S2A_MSIL2A_20220906T145741_N0400_R039_T19LCF_20220907T075707.SAFE/GRANULE/L2A_T19LCF_A037645_20220906T150345/IMG_DATA/R20m/T19LCF_20220906T145741_SCL_20m.tif,usable,meets_scl_coverage_threshold
inambari_development,dataset_development,2022,5,S2B_MSIL2A_20220901T145729_R039_T19LCF_20220902T065509,2022-09-01T14:57:29.024000Z,15.485813,503363,503363,394112,100.0,78.2958,21.7042,79.2285,False,False,,0,0.0,https://sentinel2l2a01.blob.core.windows.net/sentinel2-l2/19/L/CF/2022/09/01/S2B_MSIL2A_20220901T145729_N0400_R039_T19LCF_20220902T065509.SAFE/GRANULE/L2A_T19LCF_A028665_20220901T145726/IMG_DATA/R20m/T19LCF_20220901T145729_SCL_20m.tif,rejected,below_scl_coverage_threshold
inambari_development,dataset_development,2022,6,S2A_MSIL2A_20220728T145741_R039_T19LCF_20220729T214335,2022-07-28T14:57:41.024000Z,14.730121,503363,503363,180812,100.0,35.9208,64.0792,43.3232,False,False,,0,0.0,https://sentinel2l2a01.blob.core.windows.net/sentinel2-l2/19/L/CF/2022/07/28/S2A_MSIL2A_20220728T145741_N0400_R039_T19LCF_20220729T214335.SAFE/GRANULE/L2A_T19LCF_A037073_20220728T150430/IMG_DATA/R20m/T19LCF_20220728T145741_SCL_20m.tif,rejected,below_scl_coverage_threshold
inambari_development,dataset_development,2022,7,S2A_MSIL2A_20220824T144741_R139_T19LCF_20220825T150011,2022-08-24T14:47:41.024000Z,7.488132,503363,31784,31784,6.3143,6.3143,93.6857,19.244,False,False,,0,0.0,https://sentinel2l2a01.blob.core.windows.net/sentinel2-l2/19/L/CF/2022/08/24/S2A_MSIL2A_20220824T144741_N0400_R139_T19LCF_20220825T150011.SAFE/GRANULE/L2A_T19LCF_A037459_20220824T145550/IMG_DATA/R20m/T19LCF_20220824T144741_SCL_20m.tif,rejected,below_scl_coverage_threshold
inambari_development,dataset_development,2022,8,S2A_MSIL2A_20220824T144741_R139_T19LCF_20240704T164843,2022-08-24T14:47:41.024000Z,7.436208,503363,30103,30103,5.9804,5.9804,94.0196,18.9679,False,False,,0,0.0,https://sentinel2l2a01.blob.core.windows.net/sentinel2-l2/19/L/CF/2022/08/24/S2A_MSIL2A_20220824T144741_N0510_R139_T19LCF_20240704T164843.SAFE/GRANULE/L2A_T19LCF_A037459_20220824T145550/IMG_DATA/R20m/T19LCF_20220824T144741_SCL_20m.tif,rejected,below_scl_coverage_threshold
inambari_development,dataset_development,2022,9,S2A_MSIL2A_20220615T144741_R139_T19LCF_20220618T175125,2022-06-15T14:47:41.024000Z,15.962695,503363,26808,26084,5.3258,5.1819,94.8181,17.0103,False,False,,0,0.0,https://sentinel2l2a01.blob.core.windows.net/sentinel2-l2/19/L/CF/2022/06/15/S2A_MSIL2A_20220615T144741_N0400_R139_T19LCF_20220618T175125.SAFE/GRANULE/L2A_T19LCF_A036458_20220615T144741/IMG_DATA/R20m/T19LCF_20220615T144741_SCL_20m.tif,rejected,below_scl_coverage_threshold
inambari_development,dataset_development,2022,10,S2A_MSIL2A_20220615T144741_R139_T19LCF_20240620T023425,2022-06-15T14:47:41.024000Z,15.893771,503363,25356,24831,5.0373,4.933,95.067,16.809,False,False,,0,0.0,https://sentinel2l2a01.blob.core.windows.net/sentinel2-l2/19/L/CF/2022/06/15/S2A_MSIL2A_20220615T144741_N0510_R139_T19LCF_20240620T023425.SAFE/GRANULE/L2A_T19LCF_A036458_20220615T144741/IMG_DATA/R20m/T19LCF_20220615T144741_SCL_20m.tif,rejected,below_scl_coverage_threshold
inambari_development,dataset_development,2022,11,S2B_MSIL2A_20220928T144729_R139_T19LCF_20220929T062147,2022-09-28T14:47:29.024000Z,9.65803,503363,2348,2348,0.4665,0.4665,99.5335,13.9478,False,False,,0,0.0,https://sentinel2l2a01.blob.core.windows.net/sentinel2-l2/19/L/CF/2022/09/28/S2B_MSIL2A_20220928T144729_N0400_R139_T19LCF_20220929T062147.SAFE/GRANULE/L2A_T19LCF_A029051_20220928T145153/IMG_DATA/R20m/T19LCF_20220928T144729_SCL_20m.tif,rejected,below_scl_coverage_threshold
inambari_development,dataset_development,2022,12,S2B_MSIL2A_20220928T144729_R139_T19LCF_20240728T133246,2022-09-28T14:47:29.024000Z,9.63727,503363,1981,1981,0.3936,0.3936,99.6064,13.8889,False,False,,0,0.0,https://sentinel2l2a01.blob.core.windows.net/sentinel2-l2/19/L/CF/2022/09/28/S2B_MSIL2A_20220928T144729_N0510_R139_T19LCF_20240728T133246.SAFE/GRANULE/L2A_T19LCF_A029051_20220928T145153/IMG_DATA/R20m/T19LCF_20220928T144729_SCL_20m.tif,rejected,below_scl_coverage_threshold
inambari_development,dataset_development,2022,13,S2A_MSIL2A_20220814T144741_R139_T19LCF_20220815T060901,2022-08-14T14:47:41.024000Z,17.05485,503363,21341,1783,4.2397,0.3542,99.6458,12.7429,False,False,,0,0.0,https://sentinel2l2a01.blob.core.windows.net/sentinel2-l2/19/L/CF/2022/08/14/S2A_MSIL2A_20220814T144741_N0400_R139_T19LCF_20220815T060901.SAFE/GRANULE/L2A_T19LCF_A037316_20220814T144738/IMG_DATA/R20m/T19LCF_20220814T144741_SCL_20m.tif,rejected,below_scl_coverage_threshold
inambari_development,dataset_development,2022,14,S2A_MSIL2A_20220814T144741_R139_T19LCF_20240703T134048,2022-08-14T14:47:41.024000Z,17.042051,503363,19889,1518,3.9512,0.3016,99.6984,12.7,False,False,,0,0.0,https://sentinel2l2a01.blob.core.windows.net/sentinel2-l2/19/L/CF/2022/08/14/S2A_MSIL2A_20220814T144741_N0510_R139_T19LCF_20240703T134048.SAFE/GRANULE/L2A_T19LCF_A037316_20220814T144738/IMG_DATA/R20m/T19LCF_20220814T144741_SCL_20m.tif,rejected,below_scl_coverage_threshold
la_pampa,dataset_development,2018,1,S2A_MSIL2A_20180907T145721_R039_T19LCF_20201011T093958,2018-09-07T14:57:21.024000Z,7.25854,359871,359871,354629,100.0,98.5434,1.4566,97.6731,True,False,,0,0.0,https://sentinel2l2a01.blob.core.windows.net/sentinel2-l2/19/L/CF/2018/09/07/S2A_MSIL2A_20180907T145721_N0212_R039_T19LCF_20201011T093958.SAFE/GRANULE/L2A_T19LCF_A016767_20180907T150208/IMG_DATA/R20m/T19LCF_20180907T145721_SCL_20m.tif,usable,meets_scl_coverage_threshold
la_pampa,dataset_development,2018,2,S2A_MSIL2A_20180619T145731_R039_T19LCF_20201011T235605,2018-06-19T14:57:31.024000Z,9.168934,359871,359871,355767,100.0,98.8596,1.1404,97.6553,True,True,1,355767,98.8596,https://sentinel2l2a01.blob.core.windows.net/sentinel2-l2/19/L/CF/2018/06/19/S2A_MSIL2A_20180619T145731_N0212_R039_T19LCF_20201011T235605.SAFE/GRANULE/L2A_T19LCF_A015623_20180619T150221/IMG_DATA/R20m/T19LCF_20180619T145731_SCL_20m.tif,usable,meets_scl_coverage_threshold
la_pampa,dataset_development,2018,3,S2B_MSIL2A_20180813T145719_R039_T19LCF_20201011T012223,2018-08-13T14:57:19.024000Z,14.148408,359871,359871,354410,100.0,98.4825,1.5175,96.5879,True,False,,0,0.0,https://sentinel2l2a01.blob.core.windows.net/sentinel2-l2/19/L/CF/2018/08/13/S2B_MSIL2A_20180813T145719_N0212_R039_T19LCF_20201011T012223.SAFE/GRANULE/L2A_T19LCF_A007501_20180813T150106/IMG_DATA/R20m/T19LCF_20180813T145719_SCL_20m.tif,usable,meets_scl_coverage_threshold
la_pampa,dataset_development,2018,4,S2A_MSIL2A_20180828T145721_R039_T19LCF_20201027T054517,2018-08-28T14:57:21.024000Z,12.441118,359871,359871,352621,100.0,97.9854,2.0146,96.4214,True,False,,0,0.0,https://sentinel2l2a01.blob.core.windows.net/sentinel2-l2/19/L/CF/2018/08/28/S2A_MSIL2A_20180828T145721_N0212_R039_T19LCF_20201027T054517.SAFE/GRANULE/L2A_T19LCF_A016624_20180828T145854/IMG_DATA/R20m/T19LCF_20180828T145721_SCL_20m.tif,usable,meets_scl_coverage_threshold
la_pampa,dataset_development,2018,5,S2A_MSIL2A_20180818T145721_R039_T19LCF_20201011T032904,2018-08-18T14:57:21.024000Z,11.352001,359871,359871,344792,100.0,95.8099,4.1901,94.7356,True,False,,0,0.0,https://sentinel2l2a01.blob.core.windows.net/sentinel2-l2/19/L/CF/2018/08/18/S2A_MSIL2A_20180818T145721_N0212_R039_T19LCF_20201011T032904.SAFE/GRANULE/L2A_T19LCF_A016481_20180818T150209/IMG_DATA/R20m/T19LCF_20180818T145721_SCL_20m.tif,usable,meets_scl_coverage_threshold
la_pampa,dataset_development,2018,6,S2A_MSIL2A_20180904T144731_R139_T19LCF_20201011T082925,2018-09-04T14:47:31.024000Z,10.707588,359871,277437,267318,77.0935,74.2816,25.7184,76.5332,False,False,,0,0.0,https://sentinel2l2a01.blob.core.windows.net/sentinel2-l2/19/L/CF/2018/09/04/S2A_MSIL2A_20180904T144731_N0212_R139_T19LCF_20201011T082925.SAFE/GRANULE/L2A_T19LCF_A016724_20180904T144728/IMG_DATA/R20m/T19LCF_20180904T144731_SCL_20m.tif,rejected,below_scl_coverage_threshold
la_pampa,dataset_development,2018,7,S2A_MSIL2A_20180716T144731_R139_T19LCF_20201011T162616,2018-07-16T14:47:31.024000Z,19.790277,359871,261837,247883,72.7586,68.8811,31.1189,70.5804,False,False,,0,0.0,https://sentinel2l2a01.blob.core.windows.net/sentinel2-l2/19/L/CF/2018/07/16/S2A_MSIL2A_20180716T144731_N0212_R139_T19LCF_20201011T162616.SAFE/GRANULE/L2A_T19LCF_A016009_20180716T144920/IMG_DATA/R20m/T19LCF_20180716T144731_SCL_20m.tif,rejected,below_scl_coverage_threshold
la_pampa,dataset_development,2018,8,S2B_MSIL2A_20180909T144719_R139_T19LCF_20201008T232531,2018-09-09T14:47:19.024000Z,0.419456,359871,236124,228477,65.6135,63.4886,36.5114,68.9024,False,False,,0,0.0,https://sentinel2l2a01.blob.core.windows.net/sentinel2-l2/19/L/CF/2018/09/09/S2B_MSIL2A_20180909T144719_N0212_R139_T19LCF_20201008T232531.SAFE/GRANULE/L2A_T19LCF_A007887_20180909T145159/IMG_DATA/R20m/T19LCF_20180909T144719_SCL_20m.tif,rejected,below_scl_coverage_threshold
la_pampa,dataset_development,2018,9,S2B_MSIL2A_20180830T144719_R139_T19LCF_20201103T163518,2018-08-30T14:47:19.024000Z,4.017965,359871,213556,205389,59.3424,57.073,42.927,62.9093,False,False,,0,0.0,https://sentinel2l2a01.blob.core.windows.net/sentinel2-l2/19/L/CF/2018/08/30/S2B_MSIL2A_20180830T144719_N0212_R139_T19LCF_20201103T163518.SAFE/GRANULE/L2A_T19LCF_A007744_20180830T144952/IMG_DATA/R20m/T19LCF_20180830T144719_SCL_20m.tif,rejected,below_scl_coverage_threshold
la_pampa,dataset_development,2018,10,S2B_MSIL2A_20180909T144719_R139_T19LDF_20201008T232544,2018-09-09T14:47:19.024000Z,1.060929,359871,97435,94978,27.075,26.3922,73.6078,37.2743,False,False,,0,0.0,https://sentinel2l2a01.blob.core.windows.net/sentinel2-l2/19/L/DF/2018/09/09/S2B_MSIL2A_20180909T144719_N0212_R139_T19LDF_20201008T232544.SAFE/GRANULE/L2A_T19LDF_A007887_20180909T145159/IMG_DATA/R20m/T19LDF_20180909T144719_SCL_20m.tif,rejected,below_scl_coverage_threshold
la_pampa,dataset_development,2018,11,S2B_MSIL2A_20180830T144719_R139_T19LDF_20201103T163536,2018-08-30T14:47:19.024000Z,0.884742,359871,97435,94549,27.075,26.273,73.727,37.1994,False,False,,0,0.0,https://sentinel2l2a01.blob.core.windows.net/sentinel2-l2/19/L/DF/2018/08/30/S2B_MSIL2A_20180830T144719_N0212_R139_T19LDF_20201103T163536.SAFE/GRANULE/L2A_T19LDF_A007744_20180830T144952/IMG_DATA/R20m/T19LDF_20180830T144719_SCL_20m.tif,rejected,below_scl_coverage_threshold
la_pampa,dataset_development,2018,12,S2A_MSIL2A_20180818T145721_R039_T19LDF_20201011T032854,2018-08-18T14:57:21.024000Z,1.648264,359871,97435,94708,27.075,26.3172,73.6828,37.1224,False,False,,0,0.0,https://sentinel2l2a01.blob.core.windows.net/sentinel2-l2/19/L/DF/2018/08/18/S2A_MSIL2A_20180818T145721_N0212_R039_T19LDF_20201011T032854.SAFE/GRANULE/L2A_T19LDF_A016481_20180818T150209/IMG_DATA/R20m/T19LDF_20180818T145721_SCL_20m.tif,rejected,below_scl_coverage_threshold
la_pampa,dataset_development,2018,13,S2A_MSIL2A_20180907T145721_R039_T19LDF_20201011T093948,2018-09-07T14:57:21.024000Z,0.656002,359871,97435,93899,27.075,26.0924,73.9076,37.0801,False,False,,0,0.0,https://sentinel2l2a01.blob.core.windows.net/sentinel2-l2/19/L/DF/2018/09/07/S2A_MSIL2A_20180907T145721_N0212_R039_T19LDF_20201011T093948.SAFE/GRANULE/L2A_T19LDF_A016767_20180907T150208/IMG_DATA/R20m/T19LDF_20180907T145721_SCL_20m.tif,rejected,below_scl_coverage_threshold
la_pampa,dataset_development,2018,14,S2A_MSIL2A_20180904T144731_R139_T19LDF_20201011T082926,2018-09-04T14:47:31.024000Z,2.252363,359871,97435,94347,27.075,26.2169,73.7831,36.9465,False,False,,0,0.0,https://sentinel2l2a01.blob.core.windows.net/sentinel2-l2/19/L/DF/2018/09/04/S2A_MSIL2A_20180904T144731_N0212_R139_T19LDF_20201011T082926.SAFE/GRANULE/L2A_T19LDF_A016724_20180904T144728/IMG_DATA/R20m/T19LDF_20180904T144731_SCL_20m.tif,rejected,below_scl_coverage_threshold
la_pampa,dataset_development,2018,15,S2A_MSIL2A_20180828T145721_R039_T19LDF_20201027T054507,2018-08-28T14:57:21.024000Z,2.77943,359871,97435,94176,27.075,26.1694,73.8306,36.8271,False,False,,0,0.0,https://sentinel2l2a01.blob.core.windows.net/sentinel2-l2/19/L/DF/2018/08/28/S2A_MSIL2A_20180828T145721_N0212_R039_T19LDF_20201027T054507.SAFE/GRANULE/L2A_T19LDF_A016624_20180828T145854/IMG_DATA/R20m/T19LDF_20180828T145721_SCL_20m.tif,rejected,below_scl_coverage_threshold
la_pampa,dataset_development,2018,16,S2B_MSIL2A_20180813T145719_R039_T19LDF_20201011T012216,2018-08-13T14:57:19.024000Z,6.333659,359871,97435,94771,27.075,26.3347,73.6653,36.4345,False,False,,0,0.0,https://sentinel2l2a01.blob.core.windows.net/sentinel2-l2/19/L/DF/2018/08/13/S2B_MSIL2A_20180813T145719_N0212_R039_T19LDF_20201011T012216.SAFE/GRANULE/L2A_T19LDF_A007501_20180813T150106/IMG_DATA/R20m/T19LDF_20180813T145719_SCL_20m.tif,rejected,below_scl_coverage_threshold
la_pampa,dataset_development,2018,17,S2A_MSIL2A_20180726T144731_R139_T19LDF_20201011T201332,2018-07-26T14:47:31.024000Z,1.967597,359871,97435,91739,27.075,25.4922,74.5078,36.3732,False,False,,0,0.0,https://sentinel2l2a01.blob.core.windows.net/sentinel2-l2/19/L/DF/2018/07/26/S2A_MSIL2A_20180726T144731_N0212_R139_T19LDF_20201011T201332.SAFE/GRANULE/L2A_T19LDF_A016152_20180726T145459/IMG_DATA/R20m/T19LDF_20180726T144731_SCL_20m.tif,rejected,below_scl_coverage_threshold
la_pampa,dataset_development,2018,18,S2B_MSIL2A_20180912T145719_R039_T19LDF_20201009T003247,2018-09-12T14:57:19.024000Z,3.651689,359871,97435,91876,27.075,25.5303,74.4697,36.153,False,False,,0,0.0,https://sentinel2l2a01.blob.core.windows.net/sentinel2-l2/19/L/DF/2018/09/12/S2B_MSIL2A_20180912T145719_N0212_R039_T19LDF_20201009T003247.SAFE/GRANULE/L2A_T19LDF_A007930_20180912T145825/IMG_DATA/R20m/T19LDF_20180912T145719_SCL_20m.tif,rejected,below_scl_coverage_threshold
la_pampa,dataset_development,2018,19,S2B_MSIL2A_20180823T145719_R039_T19LDF_20201011T060420,2018-08-23T14:57:19.024000Z,9.29443,359871,97435,94768,27.075,26.3339,73.6661,35.9896,False,False,,0,0.0,https://sentinel2l2a01.blob.core.windows.net/sentinel2-l2/19/L/DF/2018/08/23/S2B_MSIL2A_20180823T145719_N0212_R039_T19LDF_20201011T060420.SAFE/GRANULE/L2A_T19LDF_A007644_20180823T150245/IMG_DATA/R20m/T19LDF_20180823T145719_SCL_20m.tif,rejected,below_scl_coverage_threshold
la_pampa,dataset_development,2018,20,S2A_MSIL2A_20180716T144731_R139_T19LDF_20201011T162628,2018-07-16T14:47:31.024000Z,6.425702,359871,97435,92373,27.075,25.6684,74.3316,35.8543,False,False,,0,0.0,https://sentinel2l2a01.blob.core.windows.net/sentinel2-l2/19/L/DF/2018/07/16/S2A_MSIL2A_20180716T144731_N0212_R139_T19LDF_20201011T162628.SAFE/GRANULE/L2A_T19LDF_A016009_20180716T144920/IMG_DATA/R20m/T19LDF_20180716T144731_SCL_20m.tif,rejected,below_scl_coverage_threshold
la_pampa,dataset_development,2018,21,S2B_MSIL2A_20180621T144729_R139_T19LDF_20201012T005203,2018-06-21T14:47:29.024000Z,12.235634,359871,97435,95251,27.075,26.4681,73.5319,35.6625,False,False,,0,0.0,https://sentinel2l2a01.blob.core.windows.net/sentinel2-l2/19/L/DF/2018/06/21/S2B_MSIL2A_20180621T144729_N0212_R139_T19LDF_20201012T005203.SAFE/GRANULE/L2A_T19LDF_A006743_20180621T145608/IMG_DATA/R20m/T19LDF_20180621T144729_SCL_20m.tif,rejected,below_scl_coverage_threshold
la_pampa,dataset_development,2018,22,S2A_MSIL2A_20180619T145731_R039_T19LDF_20201011T235553,2018-06-19T14:57:31.024000Z,12.677695,359871,97435,94116,27.075,26.1527,73.8473,35.3281,False,False,,0,0.0,https://sentinel2l2a01.blob.core.windows.net/sentinel2-l2/19/L/DF/2018/06/19/S2A_MSIL2A_20180619T145731_N0212_R039_T19LDF_20201011T235553.SAFE/GRANULE/L2A_T19LDF_A015623_20180619T150221/IMG_DATA/R20m/T19LDF_20180619T145731_SCL_20m.tif,rejected,below_scl_coverage_threshold
la_pampa,dataset_development,2018,23,S2B_MSIL2A_20180810T144729_R139_T19LDF_20201011T000046,2018-08-10T14:47:29.024000Z,12.182612,359871,97435,22081,27.075,6.1358,93.8642,18.388,False,False,,0,0.0,https://sentinel2l2a01.blob.core.windows.net/sentinel2-l2/19/L/DF/2018/08/10/S2B_MSIL2A_20180810T144729_N0212_R139_T19LDF_20201011T000046.SAFE/GRANULE/L2A_T19LDF_A007458_20180810T144802/IMG_DATA/R20m/T19LDF_20180810T144729_SCL_20m.tif,rejected,below_scl_coverage_threshold
la_pampa,dataset_development,2022,1,S2B_MSIL2A_20220613T145729_R039_T19LCF_20220614T100200,2022-06-13T14:57:29.024000Z,0.42632,359871,359871,359871,100.0,100.0,0.0,99.9361,True,True,1,359871,100.0,https://sentinel2l2a01.blob.core.windows.net/sentinel2-l2/19/L/CF/2022/06/13/S2B_MSIL2A_20220613T145729_N0400_R039_T19LCF_20220614T100200.SAFE/GRANULE/L2A_T19LCF_A027521_20220613T145913/IMG_DATA/R20m/T19LCF_20220613T145729_SCL_20m.tif,usable,meets_scl_coverage_threshold
la_pampa,dataset_development,2022,2,S2A_MSIL2A_20220906T145741_R039_T19LCF_20220907T075707,2022-09-06T14:57:41.024000Z,11.85512,359871,359871,359865,100.0,99.9983,0.0017,98.2203,True,False,,0,0.0,https://sentinel2l2a01.blob.core.windows.net/sentinel2-l2/19/L/CF/2022/09/06/S2A_MSIL2A_20220906T145741_N0400_R039_T19LCF_20220907T075707.SAFE/GRANULE/L2A_T19LCF_A037645_20220906T150345/IMG_DATA/R20m/T19LCF_20220906T145741_SCL_20m.tif,usable,meets_scl_coverage_threshold
la_pampa,dataset_development,2022,3,S2B_MSIL2A_20220901T145729_R039_T19LCF_20220902T065509,2022-09-01T14:57:29.024000Z,15.485813,359871,359871,359871,100.0,100.0,0.0,97.6771,True,False,,0,0.0,https://sentinel2l2a01.blob.core.windows.net/sentinel2-l2/19/L/CF/2022/09/01/S2B_MSIL2A_20220901T145729_N0400_R039_T19LCF_20220902T065509.SAFE/GRANULE/L2A_T19LCF_A028665_20220901T145726/IMG_DATA/R20m/T19LCF_20220901T145729_SCL_20m.tif,usable,meets_scl_coverage_threshold
la_pampa,dataset_development,2022,4,S2A_MSIL2A_20220728T145741_R039_T19LCF_20220729T214335,2022-07-28T14:57:41.024000Z,14.730121,359871,359871,356670,100.0,99.1105,0.8895,97.0344,True,False,,0,0.0,https://sentinel2l2a01.blob.core.windows.net/sentinel2-l2/19/L/CF/2022/07/28/S2A_MSIL2A_20220728T145741_N0400_R039_T19LCF_20220729T214335.SAFE/GRANULE/L2A_T19LCF_A037073_20220728T150430/IMG_DATA/R20m/T19LCF_20220728T145741_SCL_20m.tif,usable,meets_scl_coverage_threshold
la_pampa,dataset_development,2022,5,S2B_MSIL2A_20220822T145729_R039_T19LCF_20240704T091633,2022-08-22T14:57:29.024000Z,8.351785,359871,359871,331311,100.0,92.0638,7.9362,92.0015,True,False,,0,0.0,https://sentinel2l2a01.blob.core.windows.net/sentinel2-l2/19/L/CF/2022/08/22/S2B_MSIL2A_20220822T145729_N0510_R039_T19LCF_20240704T091633.SAFE/GRANULE/L2A_T19LCF_A028522_20220822T145726/IMG_DATA/R20m/T19LCF_20220822T145729_SCL_20m.tif,usable,meets_scl_coverage_threshold
la_pampa,dataset_development,2022,6,S2B_MSIL2A_20220822T145729_R039_T19LCF_20220823T142834,2022-08-22T14:57:29.024000Z,8.363886,359871,359871,330736,100.0,91.904,8.096,91.8639,True,False,,0,0.0,https://sentinel2l2a01.blob.core.windows.net/sentinel2-l2/19/L/CF/2022/08/22/S2B_MSIL2A_20220822T145729_N0400_R039_T19LCF_20220823T142834.SAFE/GRANULE/L2A_T19LCF_A028522_20220822T145726/IMG_DATA/R20m/T19LCF_20220822T145729_SCL_20m.tif,usable,meets_scl_coverage_threshold
la_pampa,dataset_development,2022,7,S2A_MSIL2A_20220824T144741_R139_T19LCF_20220825T150011,2022-08-24T14:47:41.024000Z,7.488132,359871,307558,307503,85.4634,85.4481,14.5519,86.5077,True,False,,0,0.0,https://sentinel2l2a01.blob.core.windows.net/sentinel2-l2/19/L/CF/2022/08/24/S2A_MSIL2A_20220824T144741_N0400_R139_T19LCF_20220825T150011.SAFE/GRANULE/L2A_T19LCF_A037459_20220824T145550/IMG_DATA/R20m/T19LCF_20220824T144741_SCL_20m.tif,usable,meets_scl_coverage_threshold
la_pampa,dataset_development,2022,8,S2A_MSIL2A_20220824T144741_R139_T19LCF_20240704T164843,2022-08-24T14:47:41.024000Z,7.436208,359871,305710,305684,84.9499,84.9427,15.0573,86.0858,True,False,,0,0.0,https://sentinel2l2a01.blob.core.windows.net/sentinel2-l2/19/L/CF/2022/08/24/S2A_MSIL2A_20220824T144741_N0510_R139_T19LCF_20240704T164843.SAFE/GRANULE/L2A_T19LCF_A037459_20220824T145550/IMG_DATA/R20m/T19LCF_20220824T144741_SCL_20m.tif,usable,meets_scl_coverage_threshold
la_pampa,dataset_development,2022,9,S2A_MSIL2A_20220615T144741_R139_T19LCF_20220618T175125,2022-06-15T14:47:41.024000Z,15.962695,359871,303011,303011,84.1999,84.1999,15.8001,84.1755,True,False,,0,0.0,https://sentinel2l2a01.blob.core.windows.net/sentinel2-l2/19/L/CF/2022/06/15/S2A_MSIL2A_20220615T144741_N0400_R139_T19LCF_20220618T175125.SAFE/GRANULE/L2A_T19LCF_A036458_20220615T144741/IMG_DATA/R20m/T19LCF_20220615T144741_SCL_20m.tif,usable,meets_scl_coverage_threshold
la_pampa,dataset_development,2022,10,S2A_MSIL2A_20220615T144741_R139_T19LCF_20240620T023425,2022-06-15T14:47:41.024000Z,15.893771,359871,301109,301109,83.6714,83.6714,16.3286,83.7366,True,False,,0,0.0,https://sentinel2l2a01.blob.core.windows.net/sentinel2-l2/19/L/CF/2022/06/15/S2A_MSIL2A_20220615T144741_N0510_R139_T19LCF_20240620T023425.SAFE/GRANULE/L2A_T19LCF_A036458_20220615T144741/IMG_DATA/R20m/T19LCF_20220615T144741_SCL_20m.tif,usable,meets_scl_coverage_threshold
la_pampa,dataset_development,2022,11,S2A_MSIL2A_20220814T144741_R139_T19LCF_20220815T060901,2022-08-14T14:47:41.024000Z,17.05485,359871,296170,294682,82.2989,81.8855,18.1145,82.0444,True,False,,0,0.0,https://sentinel2l2a01.blob.core.windows.net/sentinel2-l2/19/L/CF/2022/08/14/S2A_MSIL2A_20220814T144741_N0400_R139_T19LCF_20220815T060901.SAFE/GRANULE/L2A_T19LCF_A037316_20220814T144738/IMG_DATA/R20m/T19LCF_20220814T144741_SCL_20m.tif,usable,meets_scl_coverage_threshold
la_pampa,dataset_development,2022,12,S2A_MSIL2A_20220814T144741_R139_T19LCF_20240703T134048,2022-08-14T14:47:41.024000Z,17.042051,359871,294301,292830,81.7796,81.3708,18.6292,81.6089,True,False,,0,0.0,https://sentinel2l2a01.blob.core.windows.net/sentinel2-l2/19/L/CF/2022/08/14/S2A_MSIL2A_20220814T144741_N0510_R139_T19LCF_20240703T134048.SAFE/GRANULE/L2A_T19LCF_A037316_20220814T144738/IMG_DATA/R20m/T19LCF_20220814T144741_SCL_20m.tif,usable,meets_scl_coverage_threshold
la_pampa,dataset_development,2022,13,S2B_MSIL2A_20220928T144729_R139_T19LCF_20220929T062147,2022-09-28T14:47:29.024000Z,9.65803,359871,260287,260261,72.3279,72.3206,27.6794,75.0238,False,False,,0,0.0,https://sentinel2l2a01.blob.core.windows.net/sentinel2-l2/19/L/CF/2022/09/28/S2B_MSIL2A_20220928T144729_N0400_R139_T19LCF_20220929T062147.SAFE/GRANULE/L2A_T19LCF_A029051_20220928T145153/IMG_DATA/R20m/T19LCF_20220928T144729_SCL_20m.tif,rejected,below_scl_coverage_threshold
la_pampa,dataset_development,2022,14,S2B_MSIL2A_20220928T144729_R139_T19LCF_20240728T133246,2022-09-28T14:47:29.024000Z,9.63727,359871,259047,259040,71.9833,71.9813,28.0187,74.7386,False,False,,0,0.0,https://sentinel2l2a01.blob.core.windows.net/sentinel2-l2/19/L/CF/2022/09/28/S2B_MSIL2A_20220928T144729_N0510_R139_T19LCF_20240728T133246.SAFE/GRANULE/L2A_T19LCF_A029051_20220928T145153/IMG_DATA/R20m/T19LCF_20220928T144729_SCL_20m.tif,rejected,below_scl_coverage_threshold
la_pampa,dataset_development,2022,15,S2A_MSIL2A_20220824T144741_R139_T19LDF_20220825T145120,2022-08-24T14:47:41.024000Z,0.013495,359871,97435,97435,27.075,27.075,72.925,38.0117,False,False,,0,0.0,https://sentinel2l2a01.blob.core.windows.net/sentinel2-l2/19/L/DF/2022/08/24/S2A_MSIL2A_20220824T144741_N0400_R139_T19LDF_20220825T145120.SAFE/GRANULE/L2A_T19LDF_A037459_20220824T145550/IMG_DATA/R20m/T19LDF_20220824T144741_SCL_20m.tif,rejected,below_scl_coverage_threshold
la_pampa,dataset_development,2022,16,S2A_MSIL2A_20220824T144741_R139_T19LDF_20240704T164843,2022-08-24T14:47:41.024000Z,0.013917,359871,97435,97435,27.075,27.075,72.925,38.0116,False,False,,0,0.0,https://sentinel2l2a01.blob.core.windows.net/sentinel2-l2/19/L/DF/2022/08/24/S2A_MSIL2A_20220824T144741_N0510_R139_T19LDF_20240704T164843.SAFE/GRANULE/L2A_T19LDF_A037459_20220824T145550/IMG_DATA/R20m/T19LDF_20220824T144741_SCL_20m.tif,rejected,below_scl_coverage_threshold
la_pampa,dataset_development,2022,17,S2A_MSIL2A_20220906T145741_R039_T19LDF_20220907T071804,2022-09-06T14:57:41.024000Z,0.661634,359871,97435,97425,27.075,27.0722,72.9278,37.9121,False,False,,0,0.0,https://sentinel2l2a01.blob.core.windows.net/sentinel2-l2/19/L/DF/2022/09/06/S2A_MSIL2A_20220906T145741_N0400_R039_T19LDF_20220907T071804.SAFE/GRANULE/L2A_T19LDF_A037645_20220906T150345/IMG_DATA/R20m/T19LDF_20220906T145741_SCL_20m.tif,rejected,below_scl_coverage_threshold
la_pampa,dataset_development,2022,18,S2B_MSIL2A_20220613T145729_R039_T19LDF_20220614T102611,2022-06-13T14:57:29.024000Z,1.22332,359871,97435,97435,27.075,27.075,72.925,37.8302,False,False,,0,0.0,https://sentinel2l2a01.blob.core.windows.net/sentinel2-l2/19/L/DF/2022/06/13/S2B_MSIL2A_20220613T145729_N0400_R039_T19LDF_20220614T102611.SAFE/GRANULE/L2A_T19LDF_A027521_20220613T145913/IMG_DATA/R20m/T19LDF_20220613T145729_SCL_20m.tif,rejected,below_scl_coverage_threshold
la_pampa,dataset_development,2022,19,S2A_MSIL2A_20220615T144741_R139_T19LDF_20220618T164257,2022-06-15T14:47:41.024000Z,2.115704,359871,97435,97435,27.075,27.075,72.925,37.6964,False,False,,0,0.0,https://sentinel2l2a01.blob.core.windows.net/sentinel2-l2/19/L/DF/2022/06/15/S2A_MSIL2A_20220615T144741_N0400_R139_T19LDF_20220618T164257.SAFE/GRANULE/L2A_T19LDF_A036458_20220615T144741/IMG_DATA/R20m/T19LDF_20220615T144741_SCL_20m.tif,rejected,below_scl_coverage_threshold
la_pampa,dataset_development,2022,20,S2A_MSIL2A_20220615T144741_R139_T19LDF_20240620T023425,2022-06-15T14:47:41.024000Z,2.120308,359871,97435,97435,27.075,27.075,72.925,37.6957,False,False,,0,0.0,https://sentinel2l2a01.blob.core.windows.net/sentinel2-l2/19/L/DF/2022/06/15/S2A_MSIL2A_20220615T144741_N0510_R139_T19LDF_20240620T023425.SAFE/GRANULE/L2A_T19LDF_A036458_20220615T144741/IMG_DATA/R20m/T19LDF_20220615T144741_SCL_20m.tif,rejected,below_scl_coverage_threshold
la_pampa,dataset_development,2022,21,S2B_MSIL2A_20220901T145729_R039_T19LDF_20220902T070719,2022-09-01T14:57:29.024000Z,5.72844,359871,97435,97435,27.075,27.075,72.925,37.1545,False,False,,0,0.0,https://sentinel2l2a01.blob.core.windows.net/sentinel2-l2/19/L/DF/2022/09/01/S2B_MSIL2A_20220901T145729_N0400_R039_T19LDF_20220902T070719.SAFE/GRANULE/L2A_T19LDF_A028665_20220901T145726/IMG_DATA/R20m/T19LDF_20220901T145729_SCL_20m.tif,rejected,below_scl_coverage_threshold
la_pampa,dataset_development,2022,22,S2A_MSIL2A_20220618T145741_R039_T19LDF_20220620T171254,2022-06-18T14:57:41.024000Z,7.488926,359871,97435,97435,27.075,27.075,72.925,36.8904,False,False,,0,0.0,https://sentinel2l2a01.blob.core.windows.net/sentinel2-l2/19/L/DF/2022/06/18/S2A_MSIL2A_20220618T145741_N0400_R039_T19LDF_20220620T171254.SAFE/GRANULE/L2A_T19LDF_A036501_20220618T150512/IMG_DATA/R20m/T19LDF_20220618T145741_SCL_20m.tif,rejected,below_scl_coverage_threshold
la_pampa,dataset_development,2022,23,S2A_MSIL2A_20220814T144741_R139_T19LDF_20240703T134048,2022-08-14T14:47:41.024000Z,7.271267,359871,97435,97011,27.075,26.9572,73.0428,36.8229,False,False,,0,0.0,https://sentinel2l2a01.blob.core.windows.net/sentinel2-l2/19/L/DF/2022/08/14/S2A_MSIL2A_20220814T144741_N0510_R139_T19LDF_20240703T134048.SAFE/GRANULE/L2A_T19LDF_A037316_20220814T144738/IMG_DATA/R20m/T19LDF_20220814T144741_SCL_20m.tif,rejected,below_scl_coverage_threshold
la_pampa,dataset_development,2022,24,S2A_MSIL2A_20220814T144741_R139_T19LDF_20220815T071416,2022-08-14T14:47:41.024000Z,7.27175,359871,97435,97010,27.075,26.9569,73.0431,36.8226,False,False,,0,0.0,https://sentinel2l2a01.blob.core.windows.net/sentinel2-l2/19/L/DF/2022/08/14/S2A_MSIL2A_20220814T144741_N0400_R139_T19LDF_20220815T071416.SAFE/GRANULE/L2A_T19LDF_A037316_20220814T144738/IMG_DATA/R20m/T19LDF_20220814T144741_SCL_20m.tif,rejected,below_scl_coverage_threshold
la_pampa,dataset_development,2022,25,S2B_MSIL2A_20220918T144729_R139_T19LDF_20220919T073955,2022-09-18T14:47:29.024000Z,5.554672,359871,97435,92801,27.075,25.7873,74.2127,36.086,False,False,,0,0.0,https://sentinel2l2a01.blob.core.windows.net/sentinel2-l2/19/L/DF/2022/09/18/S2B_MSIL2A_20220918T144729_N0400_R139_T19LDF_20220919T073955.SAFE/GRANULE/L2A_T19LDF_A028908_20220918T145244/IMG_DATA/R20m/T19LDF_20220918T144729_SCL_20m.tif,rejected,below_scl_coverage_threshold
la_pampa,dataset_development,2022,26,S2B_MSIL2A_20220918T144729_R139_T19LDF_20240731T115220,2022-09-18T14:47:29.024000Z,5.552525,359871,97435,92792,27.075,25.7848,74.2152,36.0842,False,False,,0,0.0,https://sentinel2l2a01.blob.core.windows.net/sentinel2-l2/19/L/DF/2022/09/18/S2B_MSIL2A_20220918T144729_N0510_R139_T19LDF_20240731T115220.SAFE/GRANULE/L2A_T19LDF_A028908_20220918T145244/IMG_DATA/R20m/T19LDF_20220918T144729_SCL_20m.tif,rejected,below_scl_coverage_threshold
la_pampa,dataset_development,2022,27,S2A_MSIL2A_20220705T144741_R139_T19LDF_20220707T072247,2022-07-05T14:47:41.024000Z,14.283326,359871,97435,97431,27.075,27.0739,72.9261,35.8703,False,False,,0,0.0,https://sentinel2l2a01.blob.core.windows.net/sentinel2-l2/19/L/DF/2022/07/05/S2A_MSIL2A_20220705T144741_N0400_R139_T19LDF_20220707T072247.SAFE/GRANULE/L2A_T19LDF_A036744_20220705T145550/IMG_DATA/R20m/T19LDF_20220705T144741_SCL_20m.tif,rejected,below_scl_coverage_threshold
la_pampa,dataset_development,2022,28,S2B_MSIL2A_20220812T145729_R039_T19LDF_20220813T013815,2022-08-12T14:57:29.024000Z,14.310314,359871,97435,97406,27.075,27.0669,72.9331,35.8603,False,False,,0,0.0,https://sentinel2l2a01.blob.core.windows.net/sentinel2-l2/19/L/DF/2022/08/12/S2B_MSIL2A_20220812T145729_N0400_R039_T19LDF_20220813T013815.SAFE/GRANULE/L2A_T19LDF_A028379_20220812T145729/IMG_DATA/R20m/T19LDF_20220812T145729_SCL_20m.tif,rejected,below_scl_coverage_threshold
la_pampa,dataset_development,2022,29,S2B_MSIL2A_20220812T145729_R039_T19LDF_20240711T032928,2022-08-12T14:57:29.024000Z,14.314283,359871,97435,97404,27.075,27.0664,72.9336,35.8593,False,False,,0,0.0,https://sentinel2l2a01.blob.core.windows.net/sentinel2-l2/19/L/DF/2022/08/12/S2B_MSIL2A_20220812T145729_N0510_R039_T19LDF_20240711T032928.SAFE/GRANULE/L2A_T19LDF_A028379_20220812T145729/IMG_DATA/R20m/T19LDF_20220812T145729_SCL_20m.tif,rejected,below_scl_coverage_threshold
la_pampa,dataset_development,2022,30,S2A_MSIL2A_20220827T145741_R039_T19LDF_20220829T102309,2022-08-27T14:57:41.024000Z,14.15588,359871,97435,95194,27.075,26.4523,73.5477,35.361,False,False,,0,0.0,https://sentinel2l2a01.blob.core.windows.net/sentinel2-l2/19/L/DF/2022/08/27/S2A_MSIL2A_20220827T145741_N0400_R039_T19LDF_20220829T102309.SAFE/GRANULE/L2A_T19LDF_A037502_20220827T145948/IMG_DATA/R20m/T19LDF_20220827T145741_SCL_20m.tif,rejected,below_scl_coverage_threshold
la_pampa,dataset_development,2022,31,S2A_MSIL2A_20220827T145741_R039_T19LDF_20240703T082510,2022-08-27T14:57:41.024000Z,14.158961,359871,97435,95084,27.075,26.4217,73.5783,35.3346,False,False,,0,0.0,https://sentinel2l2a01.blob.core.windows.net/sentinel2-l2/19/L/DF/2022/08/27/S2A_MSIL2A_20220827T145741_N0510_R039_T19LDF_20240703T082510.SAFE/GRANULE/L2A_T19LDF_A037502_20220827T145948/IMG_DATA/R20m/T19LDF_20220827T145741_SCL_20m.tif,rejected,below_scl_coverage_threshold
la_pampa,dataset_development,2022,32,S2A_MSIL2A_20220728T145741_R039_T19LDF_20220729T211851,2022-07-28T14:57:41.024000Z,15.478227,359871,97435,93647,27.075,26.0224,73.9776,34.7973,False,False,,0,0.0,https://sentinel2l2a01.blob.core.windows.net/sentinel2-l2/19/L/DF/2022/07/28/S2A_MSIL2A_20220728T145741_N0400_R039_T19LDF_20220729T211851.SAFE/GRANULE/L2A_T19LDF_A037073_20220728T150430/IMG_DATA/R20m/T19LDF_20220728T145741_SCL_20m.tif,rejected,below_scl_coverage_threshold
la_pampa,dataset_development,2022,33,S2A_MSIL2A_20220926T145731_R039_T19LDF_20220927T082626,2022-09-26T14:57:31.024000Z,18.191712,359871,97435,87220,27.075,24.2365,75.7635,32.8722,False,False,,0,0.0,https://sentinel2l2a01.blob.core.windows.net/sentinel2-l2/19/L/DF/2022/09/26/S2A_MSIL2A_20220926T145731_N0400_R039_T19LDF_20220927T082626.SAFE/GRANULE/L2A_T19LDF_A037931_20220926T145954/IMG_DATA/R20m/T19LDF_20220926T145731_SCL_20m.tif,rejected,below_scl_coverage_threshold
la_pampa,dataset_development,2022,34,S2A_MSIL2A_20220926T145731_R039_T19LDF_20240731T141746,2022-09-26T14:57:31.024000Z,18.219742,359871,97435,86659,27.075,24.0806,75.9194,32.7355,False,False,,0,0.0,https://sentinel2l2a01.blob.core.windows.net/sentinel2-l2/19/L/DF/2022/09/26/S2A_MSIL2A_20220926T145731_N0510_R039_T19LDF_20240731T141746.SAFE/GRANULE/L2A_T19LDF_A037931_20220926T145954/IMG_DATA/R20m/T19LDF_20220926T145731_SCL_20m.tif,rejected,below_scl_coverage_threshold
la_pampa,dataset_development,2022,35,S2B_MSIL2A_20220822T145729_R039_T19LDF_20220823T141942,2022-08-22T14:57:29.024000Z,17.567703,359871,97435,78476,27.075,21.8067,78.1933,30.9005,False,False,,0,0.0,https://sentinel2l2a01.blob.core.windows.net/sentinel2-l2/19/L/DF/2022/08/22/S2B_MSIL2A_20220822T145729_N0400_R039_T19LDF_20220823T141942.SAFE/GRANULE/L2A_T19LDF_A028522_20220822T145726/IMG_DATA/R20m/T19LDF_20220822T145729_SCL_20m.tif,rejected,below_scl_coverage_threshold
la_pampa,dataset_development,2022,36,S2B_MSIL2A_20220822T145729_R039_T19LDF_20240704T091633,2022-08-22T14:57:29.024000Z,17.541498,359871,97435,78404,27.075,21.7867,78.2133,30.8875,False,False,,0,0.0,https://sentinel2l2a01.blob.core.windows.net/sentinel2-l2/19/L/DF/2022/08/22/S2B_MSIL2A_20220822T145729_N0510_R039_T19LDF_20240704T091633.SAFE/GRANULE/L2A_T19LDF_A028522_20220822T145726/IMG_DATA/R20m/T19LDF_20220822T145729_SCL_20m.tif,rejected,below_scl_coverage_threshold
laberinto_development,dataset_development,2018,1,S2B_MSIL2A_20180830T144719_R139_T19LDG_20201103T163533,2018-08-30T14:47:19.024000Z,0.06888,504548,504548,504538,100.0,99.998,0.002,99.988,True,False,,0,0.0,https://sentinel2l2a01.blob.core.windows.net/sentinel2-l2/19/L/DG/2018/08/30/S2B_MSIL2A_20180830T144719_N0212_R139_T19LDG_20201103T163533.SAFE/GRANULE/L2A_T19LDG_A007744_20180830T144952/IMG_DATA/R20m/T19LDG_20180830T144719_SCL_20m.tif,usable,meets_scl_coverage_threshold
laberinto_development,dataset_development,2018,2,S2B_MSIL2A_20180909T144719_R139_T19LDG_20201008T232544,2018-09-09T14:47:19.024000Z,0.083925,504548,504548,504538,100.0,99.998,0.002,99.9857,True,False,,0,0.0,https://sentinel2l2a01.blob.core.windows.net/sentinel2-l2/19/L/DG/2018/09/09/S2B_MSIL2A_20180909T144719_N0212_R139_T19LDG_20201008T232544.SAFE/GRANULE/L2A_T19LDG_A007887_20180909T145159/IMG_DATA/R20m/T19LDG_20180909T144719_SCL_20m.tif,usable,meets_scl_coverage_threshold
laberinto_development,dataset_development,2018,3,S2A_MSIL2A_20180904T144731_R139_T19LDG_20201011T082931,2018-09-04T14:47:31.024000Z,0.098344,504548,504548,504540,100.0,99.9984,0.0016,99.9839,True,False,,0,0.0,https://sentinel2l2a01.blob.core.windows.net/sentinel2-l2/19/L/DG/2018/09/04/S2A_MSIL2A_20180904T144731_N0212_R139_T19LDG_20201011T082931.SAFE/GRANULE/L2A_T19LDG_A016724_20180904T144728/IMG_DATA/R20m/T19LDG_20180904T144731_SCL_20m.tif,usable,meets_scl_coverage_threshold
laberinto_development,dataset_development,2018,4,S2B_MSIL2A_20180621T144729_R139_T19LDG_20201012T005201,2018-06-21T14:47:29.024000Z,0.218146,504548,504548,504542,100.0,99.9988,0.0012,99.9663,True,False,,0,0.0,https://sentinel2l2a01.blob.core.windows.net/sentinel2-l2/19/L/DG/2018/06/21/S2B_MSIL2A_20180621T144729_N0212_R139_T19LDG_20201012T005201.SAFE/GRANULE/L2A_T19LDG_A006743_20180621T145608/IMG_DATA/R20m/T19LDG_20180621T144729_SCL_20m.tif,usable,meets_scl_coverage_threshold
laberinto_development,dataset_development,2018,5,S2A_MSIL2A_20180726T144731_R139_T19LDG_20201011T201334,2018-07-26T14:47:31.024000Z,0.288017,504548,504548,504543,100.0,99.999,0.001,99.956,True,True,1,504543,99.999,https://sentinel2l2a01.blob.core.windows.net/sentinel2-l2/19/L/DG/2018/07/26/S2A_MSIL2A_20180726T144731_N0212_R139_T19LDG_20201011T201334.SAFE/GRANULE/L2A_T19LDG_A016152_20180726T145459/IMG_DATA/R20m/T19LDG_20180726T144731_SCL_20m.tif,usable,meets_scl_coverage_threshold
laberinto_development,dataset_development,2018,6,S2A_MSIL2A_20180716T144731_R139_T19LDG_20201011T162627,2018-07-16T14:47:31.024000Z,0.312198,504548,504548,504543,100.0,99.999,0.001,99.9523,True,False,,0,0.0,https://sentinel2l2a01.blob.core.windows.net/sentinel2-l2/19/L/DG/2018/07/16/S2A_MSIL2A_20180716T144731_N0212_R139_T19LDG_20201011T162627.SAFE/GRANULE/L2A_T19LDG_A016009_20180716T144920/IMG_DATA/R20m/T19LDG_20180716T144731_SCL_20m.tif,usable,meets_scl_coverage_threshold
laberinto_development,dataset_development,2018,7,S2A_MSIL2A_20180825T144731_R139_T19LDG_20201011T064550,2018-08-25T14:47:31.024000Z,0.385414,504548,504548,504476,100.0,99.9857,0.0143,99.9301,True,False,,0,0.0,https://sentinel2l2a01.blob.core.windows.net/sentinel2-l2/19/L/DG/2018/08/25/S2A_MSIL2A_20180825T144731_N0212_R139_T19LDG_20201011T064550.SAFE/GRANULE/L2A_T19LDG_A016581_20180825T145457/IMG_DATA/R20m/T19LDG_20180825T144731_SCL_20m.tif,usable,meets_scl_coverage_threshold
laberinto_development,dataset_development,2018,8,S2B_MSIL2A_20180810T144729_R139_T19LDG_20201011T000046,2018-08-10T14:47:29.024000Z,1.377127,504548,504548,504543,100.0,99.999,0.001,99.7926,True,False,,0,0.0,https://sentinel2l2a01.blob.core.windows.net/sentinel2-l2/19/L/DG/2018/08/10/S2B_MSIL2A_20180810T144729_N0212_R139_T19LDG_20201011T000046.SAFE/GRANULE/L2A_T19LDG_A007458_20180810T144802/IMG_DATA/R20m/T19LDG_20180810T144729_SCL_20m.tif,usable,meets_scl_coverage_threshold
laberinto_development,dataset_development,2018,9,S2A_MSIL2A_20180616T144731_R139_T19LDG_20201011T224646,2018-06-16T14:47:31.024000Z,9.566233,504548,504548,498011,100.0,98.7044,1.2956,97.4638,True,False,,0,0.0,https://sentinel2l2a01.blob.core.windows.net/sentinel2-l2/19/L/DG/2018/06/16/S2A_MSIL2A_20180616T144731_N0212_R139_T19LDG_20201011T224646.SAFE/GRANULE/L2A_T19LDG_A015580_20180616T145425/IMG_DATA/R20m/T19LDG_20180616T144731_SCL_20m.tif,usable,meets_scl_coverage_threshold
laberinto_development,dataset_development,2018,10,S2B_MSIL2A_20180929T144729_R139_T19LDG_20201009T062150,2018-09-29T14:47:29.024000Z,6.861087,504548,504548,446262,100.0,88.4479,11.5521,89.1515,True,False,,0,0.0,https://sentinel2l2a01.blob.core.windows.net/sentinel2-l2/19/L/DG/2018/09/29/S2B_MSIL2A_20180929T144729_N0212_R139_T19LDG_20201009T062150.SAFE/GRANULE/L2A_T19LDG_A008173_20180929T145000/IMG_DATA/R20m/T19LDG_20180929T144729_SCL_20m.tif,usable,meets_scl_coverage_threshold
laberinto_development,dataset_development,2018,11,S2A_MSIL2A_20180706T144731_R139_T19LDG_20201011T123602,2018-07-06T14:47:31.024000Z,4.415671,504548,504548,413368,100.0,81.9284,18.0716,83.9768,True,False,,0,0.0,https://sentinel2l2a01.blob.core.windows.net/sentinel2-l2/19/L/DG/2018/07/06/S2A_MSIL2A_20180706T144731_N0212_R139_T19LDG_20201011T123602.SAFE/GRANULE/L2A_T19LDG_A015866_20180706T144812/IMG_DATA/R20m/T19LDG_20180706T144731_SCL_20m.tif,usable,meets_scl_coverage_threshold
laberinto_development,dataset_development,2018,12,S2B_MSIL2A_20180823T145719_R039_T19LDG_20201011T060425,2018-08-23T14:57:19.024000Z,0.118946,504548,288312,287965,57.1426,57.0739,42.9261,63.4949,False,False,,0,0.0,https://sentinel2l2a01.blob.core.windows.net/sentinel2-l2/19/L/DG/2018/08/23/S2B_MSIL2A_20180823T145719_N0212_R039_T19LDG_20201011T060425.SAFE/GRANULE/L2A_T19LDG_A007644_20180823T150245/IMG_DATA/R20m/T19LDG_20180823T145719_SCL_20m.tif,rejected,below_scl_coverage_threshold
laberinto_development,dataset_development,2018,13,S2B_MSIL2A_20180813T145719_R039_T19LDG_20201011T012220,2018-08-13T14:57:19.024000Z,0.0826,504548,275036,275031,54.5114,54.5104,45.4896,61.3214,False,False,,0,0.0,https://sentinel2l2a01.blob.core.windows.net/sentinel2-l2/19/L/DG/2018/08/13/S2B_MSIL2A_20180813T145719_N0212_R039_T19LDG_20201011T012220.SAFE/GRANULE/L2A_T19LDG_A007501_20180813T150106/IMG_DATA/R20m/T19LDG_20180813T145719_SCL_20m.tif,rejected,below_scl_coverage_threshold
laberinto_development,dataset_development,2018,14,S2A_MSIL2A_20180619T145731_R039_T19LDG_20201011T235555,2018-06-19T14:57:31.024000Z,0.06091,504548,261788,261784,51.8856,51.8849,48.1151,59.093,False,False,,0,0.0,https://sentinel2l2a01.blob.core.windows.net/sentinel2-l2/19/L/DG/2018/06/19/S2A_MSIL2A_20180619T145731_N0212_R039_T19LDG_20201011T235555.SAFE/GRANULE/L2A_T19LDG_A015623_20180619T150221/IMG_DATA/R20m/T19LDG_20180619T145731_SCL_20m.tif,rejected,below_scl_coverage_threshold
laberinto_development,dataset_development,2018,15,S2B_MSIL2A_20180912T145719_R039_T19LDG_20201009T003248,2018-09-12T14:57:19.024000Z,0.103939,504548,261745,261740,51.8771,51.8761,48.1239,59.0791,False,False,,0,0.0,https://sentinel2l2a01.blob.core.windows.net/sentinel2-l2/19/L/DG/2018/09/12/S2B_MSIL2A_20180912T145719_N0212_R039_T19LDG_20201009T003248.SAFE/GRANULE/L2A_T19LDG_A007930_20180912T145825/IMG_DATA/R20m/T19LDG_20180912T145719_SCL_20m.tif,rejected,below_scl_coverage_threshold
laberinto_development,dataset_development,2018,16,S2B_MSIL2A_20180724T145729_R039_T19LDG_20201011T193833,2018-07-24T14:57:29.024000Z,1.311221,504548,247007,247002,48.9561,48.9551,51.0449,56.4152,False,False,,0,0.0,https://sentinel2l2a01.blob.core.windows.net/sentinel2-l2/19/L/DG/2018/07/24/S2B_MSIL2A_20180724T145729_N0212_R039_T19LDG_20201011T193833.SAFE/GRANULE/L2A_T19LDG_A007215_20180724T145951/IMG_DATA/R20m/T19LDG_20180724T145729_SCL_20m.tif,rejected,below_scl_coverage_threshold
laberinto_development,dataset_development,2018,17,S2A_MSIL2A_20180719T145731_R039_T19LDG_20201011T173128,2018-07-19T14:57:31.024000Z,1.540556,504548,231675,231670,45.9173,45.9163,54.0837,53.7978,False,False,,0,0.0,https://sentinel2l2a01.blob.core.windows.net/sentinel2-l2/19/L/DG/2018/07/19/S2A_MSIL2A_20180719T145731_N0212_R039_T19LDG_20201011T173128.SAFE/GRANULE/L2A_T19LDG_A016052_20180719T150016/IMG_DATA/R20m/T19LDG_20180719T145731_SCL_20m.tif,rejected,below_scl_coverage_threshold
laberinto_development,dataset_development,2018,18,S2A_MSIL2A_20180818T145721_R039_T19LDG_20201011T032856,2018-08-18T14:57:21.024000Z,0.295577,504548,224858,224853,44.5662,44.5652,55.4348,52.8361,False,False,,0,0.0,https://sentinel2l2a01.blob.core.windows.net/sentinel2-l2/19/L/DG/2018/08/18/S2A_MSIL2A_20180818T145721_N0212_R039_T19LDG_20201011T032856.SAFE/GRANULE/L2A_T19LDG_A016481_20180818T150209/IMG_DATA/R20m/T19LDG_20180818T145721_SCL_20m.tif,rejected,below_scl_coverage_threshold
laberinto_development,dataset_development,2018,19,S2A_MSIL2A_20180828T145721_R039_T19LDG_20201027T054512,2018-08-28T14:57:21.024000Z,0.043926,504548,217205,217197,43.0494,43.0478,56.9522,51.5841,False,False,,0,0.0,https://sentinel2l2a01.blob.core.windows.net/sentinel2-l2/19/L/DG/2018/08/28/S2A_MSIL2A_20180828T145721_N0212_R039_T19LDG_20201027T054512.SAFE/GRANULE/L2A_T19LDG_A016624_20180828T145854/IMG_DATA/R20m/T19LDG_20180828T145721_SCL_20m.tif,rejected,below_scl_coverage_threshold
laberinto_development,dataset_development,2018,20,S2A_MSIL2A_20180907T145721_R039_T19LDG_20201011T093952,2018-09-07T14:57:21.024000Z,0.058638,504548,209414,209405,41.5053,41.5035,58.4965,50.2692,False,False,,0,0.0,https://sentinel2l2a01.blob.core.windows.net/sentinel2-l2/19/L/DG/2018/09/07/S2A_MSIL2A_20180907T145721_N0212_R039_T19LDG_20201011T093952.SAFE/GRANULE/L2A_T19LDG_A016767_20180907T150208/IMG_DATA/R20m/T19LDG_20180907T145721_SCL_20m.tif,rejected,below_scl_coverage_threshold
laberinto_development,dataset_development,2018,21,S2A_MSIL2A_20180626T144731_R139_T19LDG_20201012T023616,2018-06-26T14:47:31.024000Z,15.207575,504548,504548,148700,100.0,29.4719,70.5281,37.77,False,False,,0,0.0,https://sentinel2l2a01.blob.core.windows.net/sentinel2-l2/19/L/DG/2018/06/26/S2A_MSIL2A_20180626T144731_N0212_R139_T19LDG_20201012T023616.SAFE/GRANULE/L2A_T19LDG_A015723_20180626T145458/IMG_DATA/R20m/T19LDG_20180626T144731_SCL_20m.tif,rejected,below_scl_coverage_threshold
laberinto_development,dataset_development,2018,22,S2A_MSIL2A_20180629T145731_R039_T19LDG_20201012T034601,2018-06-29T14:57:31.024000Z,15.660926,504548,243494,93278,48.2598,18.4874,81.5126,28.3652,False,False,,0,0.0,https://sentinel2l2a01.blob.core.windows.net/sentinel2-l2/19/L/DG/2018/06/29/S2A_MSIL2A_20180629T145731_N0212_R039_T19LDG_20201012T034601.SAFE/GRANULE/L2A_T19LDG_A015766_20180629T150352/IMG_DATA/R20m/T19LDG_20180629T145731_SCL_20m.tif,rejected,below_scl_coverage_threshold
laberinto_development,dataset_development,2022,1,S2A_MSIL2A_20220615T144741_R139_T19LDG_20240620T023425,2022-06-15T14:47:41.024000Z,0.004444,504548,504548,504548,100.0,100.0,0.0,99.9993,True,True,1,504548,100.0,https://sentinel2l2a01.blob.core.windows.net/sentinel2-l2/19/L/DG/2022/06/15/S2A_MSIL2A_20220615T144741_N0510_R139_T19LDG_20240620T023425.SAFE/GRANULE/L2A_T19LDG_A036458_20220615T144741/IMG_DATA/R20m/T19LDG_20220615T144741_SCL_20m.tif,usable,meets_scl_coverage_threshold
laberinto_development,dataset_development,2022,2,S2A_MSIL2A_20220615T144741_R139_T19LDG_20220618T163011,2022-06-15T14:47:41.024000Z,0.004751,504548,504548,504548,100.0,100.0,0.0,99.9993,True,False,,0,0.0,https://sentinel2l2a01.blob.core.windows.net/sentinel2-l2/19/L/DG/2022/06/15/S2A_MSIL2A_20220615T144741_N0400_R139_T19LDG_20220618T163011.SAFE/GRANULE/L2A_T19LDG_A036458_20220615T144741/IMG_DATA/R20m/T19LDG_20220615T144741_SCL_20m.tif,usable,meets_scl_coverage_threshold
laberinto_development,dataset_development,2022,3,S2A_MSIL2A_20220824T144741_R139_T19LDG_20240704T164843,2022-08-24T14:47:41.024000Z,0.009948,504548,504548,504548,100.0,100.0,0.0,99.9985,True,False,,0,0.0,https://sentinel2l2a01.blob.core.windows.net/sentinel2-l2/19/L/DG/2022/08/24/S2A_MSIL2A_20220824T144741_N0510_R139_T19LDG_20240704T164843.SAFE/GRANULE/L2A_T19LDG_A037459_20220824T145550/IMG_DATA/R20m/T19LDG_20220824T144741_SCL_20m.tif,usable,meets_scl_coverage_threshold
laberinto_development,dataset_development,2022,4,S2A_MSIL2A_20220824T144741_R139_T19LDG_20220825T134649,2022-08-24T14:47:41.024000Z,0.010435,504548,504548,504548,100.0,100.0,0.0,99.9984,True,False,,0,0.0,https://sentinel2l2a01.blob.core.windows.net/sentinel2-l2/19/L/DG/2022/08/24/S2A_MSIL2A_20220824T144741_N0400_R139_T19LDG_20220825T134649.SAFE/GRANULE/L2A_T19LDG_A037459_20220824T145550/IMG_DATA/R20m/T19LDG_20220824T144741_SCL_20m.tif,usable,meets_scl_coverage_threshold
laberinto_development,dataset_development,2022,5,S2B_MSIL2A_20220908T144729_R139_T19LDG_20220909T054438,2022-09-08T14:47:29.024000Z,0.029163,504548,504548,504533,100.0,99.997,0.003,99.9931,True,False,,0,0.0,https://sentinel2l2a01.blob.core.windows.net/sentinel2-l2/19/L/DG/2022/09/08/S2B_MSIL2A_20220908T144729_N0400_R139_T19LDG_20220909T054438.SAFE/GRANULE/L2A_T19LDG_A028765_20220908T145249/IMG_DATA/R20m/T19LDG_20220908T144729_SCL_20m.tif,usable,meets_scl_coverage_threshold
laberinto_development,dataset_development,2022,6,S2B_MSIL2A_20220918T144729_R139_T19LDG_20240731T115220,2022-09-18T14:47:29.024000Z,0.854981,504548,504548,504544,100.0,99.9992,0.0008,99.8711,True,False,,0,0.0,https://sentinel2l2a01.blob.core.windows.net/sentinel2-l2/19/L/DG/2022/09/18/S2B_MSIL2A_20220918T144729_N0510_R139_T19LDG_20240731T115220.SAFE/GRANULE/L2A_T19LDG_A028908_20220918T145244/IMG_DATA/R20m/T19LDG_20220918T144729_SCL_20m.tif,usable,meets_scl_coverage_threshold
laberinto_development,dataset_development,2022,7,S2B_MSIL2A_20220918T144729_R139_T19LDG_20220919T072953,2022-09-18T14:47:29.024000Z,0.85474,504548,504548,504543,100.0,99.999,0.001,99.8709,True,False,,0,0.0,https://sentinel2l2a01.blob.core.windows.net/sentinel2-l2/19/L/DG/2022/09/18/S2B_MSIL2A_20220918T144729_N0400_R139_T19LDG_20220919T072953.SAFE/GRANULE/L2A_T19LDG_A028908_20220918T145244/IMG_DATA/R20m/T19LDG_20220918T144729_SCL_20m.tif,usable,meets_scl_coverage_threshold
laberinto_development,dataset_development,2022,8,S2A_MSIL2A_20220814T144741_R139_T19LDG_20220815T072226,2022-08-14T14:47:41.024000Z,0.085918,504548,504548,497048,100.0,98.5135,1.4865,98.7236,True,False,,0,0.0,https://sentinel2l2a01.blob.core.windows.net/sentinel2-l2/19/L/DG/2022/08/14/S2A_MSIL2A_20220814T144741_N0400_R139_T19LDG_20220815T072226.SAFE/GRANULE/L2A_T19LDG_A037316_20220814T144738/IMG_DATA/R20m/T19LDG_20220814T144741_SCL_20m.tif,usable,meets_scl_coverage_threshold
laberinto_development,dataset_development,2022,9,S2A_MSIL2A_20220814T144741_R139_T19LDG_20240703T134048,2022-08-14T14:47:41.024000Z,0.08707,504548,504548,496694,100.0,98.4434,1.5566,98.6638,True,False,,0,0.0,https://sentinel2l2a01.blob.core.windows.net/sentinel2-l2/19/L/DG/2022/08/14/S2A_MSIL2A_20220814T144741_N0510_R139_T19LDG_20240703T134048.SAFE/GRANULE/L2A_T19LDG_A037316_20220814T144738/IMG_DATA/R20m/T19LDG_20220814T144741_SCL_20m.tif,usable,meets_scl_coverage_threshold
laberinto_development,dataset_development,2022,10,S2A_MSIL2A_20220705T144741_R139_T19LDG_20220707T074556,2022-07-05T14:47:41.024000Z,9.671464,504548,504548,504548,100.0,100.0,0.0,98.5493,True,False,,0,0.0,https://sentinel2l2a01.blob.core.windows.net/sentinel2-l2/19/L/DG/2022/07/05/S2A_MSIL2A_20220705T144741_N0400_R139_T19LDG_20220707T074556.SAFE/GRANULE/L2A_T19LDG_A036744_20220705T145550/IMG_DATA/R20m/T19LDG_20220705T144741_SCL_20m.tif,usable,meets_scl_coverage_threshold
laberinto_development,dataset_development,2022,11,S2B_MSIL2A_20220710T144729_R139_T19LDG_20220712T145135,2022-07-10T14:47:29.024000Z,1.059924,504548,504548,483222,100.0,95.7732,4.2268,96.2483,True,False,,0,0.0,https://sentinel2l2a01.blob.core.windows.net/sentinel2-l2/19/L/DG/2022/07/10/S2B_MSIL2A_20220710T144729_N0400_R139_T19LDG_20220712T145135.SAFE/GRANULE/L2A_T19LDG_A027907_20220710T144824/IMG_DATA/R20m/T19LDG_20220710T144729_SCL_20m.tif,usable,meets_scl_coverage_threshold
laberinto_development,dataset_development,2022,12,S2B_MSIL2A_20220630T144729_R139_T19LDG_20240714T160033,2022-06-30T14:47:29.024000Z,2.759395,504548,504548,407230,100.0,80.7118,19.2882,83.1912,True,False,,0,0.0,https://sentinel2l2a01.blob.core.windows.net/sentinel2-l2/19/L/DG/2022/06/30/S2B_MSIL2A_20220630T144729_N0510_R139_T19LDG_20240714T160033.SAFE/GRANULE/L2A_T19LDG_A027764_20220630T144731/IMG_DATA/R20m/T19LDG_20220630T144729_SCL_20m.tif,usable,meets_scl_coverage_threshold
laberinto_development,dataset_development,2022,13,S2B_MSIL2A_20220630T144729_R139_T19LDG_20220701T042409,2022-06-30T14:47:29.024000Z,2.730447,504548,504548,405300,100.0,80.3293,19.6707,82.8704,True,False,,0,0.0,https://sentinel2l2a01.blob.core.windows.net/sentinel2-l2/19/L/DG/2022/06/30/S2B_MSIL2A_20220630T144729_N0400_R139_T19LDG_20220701T042409.SAFE/GRANULE/L2A_T19LDG_A027764_20220630T144731/IMG_DATA/R20m/T19LDG_20220630T144729_SCL_20m.tif,usable,meets_scl_coverage_threshold
laberinto_development,dataset_development,2022,14,S2B_MSIL2A_20220822T145729_R039_T19LDG_20240704T091633,2022-08-22T14:57:29.024000Z,5.993735,504548,255701,255701,50.6792,50.6792,49.3208,57.1783,False,False,,0,0.0,https://sentinel2l2a01.blob.core.windows.net/sentinel2-l2/19/L/DG/2022/08/22/S2B_MSIL2A_20220822T145729_N0510_R039_T19LDG_20240704T091633.SAFE/GRANULE/L2A_T19LDG_A028522_20220822T145726/IMG_DATA/R20m/T19LDG_20220822T145729_SCL_20m.tif,rejected,below_scl_coverage_threshold
laberinto_development,dataset_development,2022,15,S2B_MSIL2A_20220822T145729_R039_T19LDG_20220823T144754,2022-08-22T14:57:29.024000Z,6.01959,504548,255708,255708,50.6806,50.6806,49.3194,57.1756,False,False,,0,0.0,https://sentinel2l2a01.blob.core.windows.net/sentinel2-l2/19/L/DG/2022/08/22/S2B_MSIL2A_20220822T145729_N0400_R039_T19LDG_20220823T144754.SAFE/GRANULE/L2A_T19LDG_A028522_20220822T145726/IMG_DATA/R20m/T19LDG_20220822T145729_SCL_20m.tif,rejected,below_scl_coverage_threshold
laberinto_development,dataset_development,2022,16,S2B_MSIL2A_20220901T145729_R039_T19LDG_20220902T070034,2022-09-01T14:57:29.024000Z,0.003176,504548,249616,249616,49.4732,49.4732,50.5268,57.0517,False,False,,0,0.0,https://sentinel2l2a01.blob.core.windows.net/sentinel2-l2/19/L/DG/2022/09/01/S2B_MSIL2A_20220901T145729_N0400_R039_T19LDG_20220902T070034.SAFE/GRANULE/L2A_T19LDG_A028665_20220901T145726/IMG_DATA/R20m/T19LDG_20220901T145729_SCL_20m.tif,rejected,below_scl_coverage_threshold
laberinto_development,dataset_development,2022,17,S2A_MSIL2A_20220728T145741_R039_T19LDG_20220729T203143,2022-07-28T14:57:41.024000Z,2.265368,504548,239345,238469,47.4375,47.2639,52.7361,54.8345,False,False,,0,0.0,https://sentinel2l2a01.blob.core.windows.net/sentinel2-l2/19/L/DG/2022/07/28/S2A_MSIL2A_20220728T145741_N0400_R039_T19LDG_20220729T203143.SAFE/GRANULE/L2A_T19LDG_A037073_20220728T150430/IMG_DATA/R20m/T19LDG_20220728T145741_SCL_20m.tif,rejected,below_scl_coverage_threshold
laberinto_development,dataset_development,2022,18,S2A_MSIL2A_20220926T145731_R039_T19LDG_20220927T082634,2022-09-26T14:57:31.024000Z,2.615653,504548,211991,211991,42.016,42.016,57.984,50.3213,False,False,,0,0.0,https://sentinel2l2a01.blob.core.windows.net/sentinel2-l2/19/L/DG/2022/09/26/S2A_MSIL2A_20220926T145731_N0400_R039_T19LDG_20220927T082634.SAFE/GRANULE/L2A_T19LDG_A037931_20220926T145954/IMG_DATA/R20m/T19LDG_20220926T145731_SCL_20m.tif,rejected,below_scl_coverage_threshold
laberinto_development,dataset_development,2022,19,S2A_MSIL2A_20220906T145741_R039_T19LDG_20220907T065347,2022-09-06T14:57:41.024000Z,0.00862,504548,180097,180097,35.6947,35.6947,64.3053,45.3392,False,False,,0,0.0,https://sentinel2l2a01.blob.core.windows.net/sentinel2-l2/19/L/DG/2022/09/06/S2A_MSIL2A_20220906T145741_N0400_R039_T19LDG_20220907T065347.SAFE/GRANULE/L2A_T19LDG_A037645_20220906T150345/IMG_DATA/R20m/T19LDG_20220906T145741_SCL_20m.tif,rejected,below_scl_coverage_threshold
laberinto_development,dataset_development,2022,20,S2B_MSIL2A_20220723T145729_R039_T19LDG_20240708T193618,2022-07-23T14:57:29.024000Z,11.613116,504548,187454,186724,37.1529,37.0082,62.9918,44.715,False,False,,0,0.0,https://sentinel2l2a01.blob.core.windows.net/sentinel2-l2/19/L/DG/2022/07/23/S2B_MSIL2A_20220723T145729_N0510_R039_T19LDG_20240708T193618.SAFE/GRANULE/L2A_T19LDG_A028093_20220723T145752/IMG_DATA/R20m/T19LDG_20220723T145729_SCL_20m.tif,rejected,below_scl_coverage_threshold
laberinto_development,dataset_development,2022,21,S2B_MSIL2A_20220723T145729_R039_T19LDG_20220725T144846,2022-07-23T14:57:29.024000Z,11.687024,504548,187461,186657,37.1542,36.9949,63.0051,44.6926,False,False,,0,0.0,https://sentinel2l2a01.blob.core.windows.net/sentinel2-l2/19/L/DG/2022/07/23/S2B_MSIL2A_20220723T145729_N0400_R039_T19LDG_20220725T144846.SAFE/GRANULE/L2A_T19LDG_A028093_20220723T145752/IMG_DATA/R20m/T19LDG_20220723T145729_SCL_20m.tif,rejected,below_scl_coverage_threshold
laberinto_development,dataset_development,2022,22,S2B_MSIL2A_20220613T145729_R039_T19LDG_20220614T102720,2022-06-13T14:57:29.024000Z,0.119197,504548,168469,168465,33.3901,33.3893,66.6107,43.363,False,False,,0,0.0,https://sentinel2l2a01.blob.core.windows.net/sentinel2-l2/19/L/DG/2022/06/13/S2B_MSIL2A_20220613T145729_N0400_R039_T19LDG_20220614T102720.SAFE/GRANULE/L2A_T19LDG_A027521_20220613T145913/IMG_DATA/R20m/T19LDG_20220613T145729_SCL_20m.tif,rejected,below_scl_coverage_threshold
laberinto_development,dataset_development,2022,23,S2A_MSIL2A_20220628T145741_R039_T19LDG_20220629T063124,2022-06-28T14:57:41.024000Z,9.206921,504548,167079,167079,33.1146,33.1146,66.8854,41.7664,False,False,,0,0.0,https://sentinel2l2a01.blob.core.windows.net/sentinel2-l2/19/L/DG/2022/06/28/S2A_MSIL2A_20220628T145741_N0400_R039_T19LDG_20220629T063124.SAFE/GRANULE/L2A_T19LDG_A036644_20220628T150513/IMG_DATA/R20m/T19LDG_20220628T145741_SCL_20m.tif,rejected,below_scl_coverage_threshold
laberinto_development,dataset_development,2022,24,S2B_MSIL2A_20220623T145729_R039_T19LDG_20220624T031819,2022-06-23T14:57:29.024000Z,1.021742,504548,159710,156638,31.6541,31.0452,68.9548,41.2352,False,False,,0,0.0,https://sentinel2l2a01.blob.core.windows.net/sentinel2-l2/19/L/DG/2022/06/23/S2B_MSIL2A_20220623T145729_N0400_R039_T19LDG_20220624T031819.SAFE/GRANULE/L2A_T19LDG_A027664_20220623T145918/IMG_DATA/R20m/T19LDG_20220623T145729_SCL_20m.tif,rejected,below_scl_coverage_threshold
laberinto_development,dataset_development,2022,25,S2B_MSIL2A_20220921T145729_R039_T19LDG_20220922T005718,2022-09-21T14:57:29.024000Z,18.831031,504548,211274,125840,41.8739,24.9411,75.0589,33.3753,False,False,,0,0.0,https://sentinel2l2a01.blob.core.windows.net/sentinel2-l2/19/L/DG/2022/09/21/S2B_MSIL2A_20220921T145729_N0400_R039_T19LDG_20220922T005718.SAFE/GRANULE/L2A_T19LDG_A028951_20220921T150120/IMG_DATA/R20m/T19LDG_20220921T145729_SCL_20m.tif,rejected,below_scl_coverage_threshold
laberinto_development,dataset_development,2022,26,S2A_MSIL2A_20220916T145731_R039_T19LDG_20220917T094954,2022-09-16T14:57:31.024000Z,8.202964,504548,202576,111801,40.15,22.1586,77.8414,32.6044,False,False,,0,0.0,https://sentinel2l2a01.blob.core.windows.net/sentinel2-l2/19/L/DG/2022/09/16/S2A_MSIL2A_20220916T145731_N0400_R039_T19LDG_20220917T094954.SAFE/GRANULE/L2A_T19LDG_A037788_20220916T145734/IMG_DATA/R20m/T19LDG_20220916T145731_SCL_20m.tif,rejected,below_scl_coverage_threshold
laberinto_development,dataset_development,2022,27,S2A_MSIL2A_20220916T145731_R039_T19LDG_20240731T135215,2022-09-16T14:57:31.024000Z,8.195706,504548,202475,111765,40.13,22.1515,77.8485,32.5994,False,False,,0,0.0,https://sentinel2l2a01.blob.core.windows.net/sentinel2-l2/19/L/DG/2022/09/16/S2A_MSIL2A_20220916T145731_N0510_R039_T19LDG_20240731T135215.SAFE/GRANULE/L2A_T19LDG_A037788_20220916T145734/IMG_DATA/R20m/T19LDG_20220916T145731_SCL_20m.tif,rejected,below_scl_coverage_threshold
laberinto_development,dataset_development,2022,28,S2A_MSIL2A_20220625T144741_R139_T19LDG_20240703T025543,2022-06-25T14:47:41.024000Z,9.864256,504548,504548,41470,100.0,8.2192,91.7808,20.5067,False,False,,0,0.0,https://sentinel2l2a01.blob.core.windows.net/sentinel2-l2/19/L/DG/2022/06/25/S2A_MSIL2A_20220625T144741_N0510_R139_T19LDG_20240703T025543.SAFE/GRANULE/L2A_T19LDG_A036601_20220625T144743/IMG_DATA/R20m/T19LDG_20220625T144741_SCL_20m.tif,rejected,below_scl_coverage_threshold
laberinto_development,dataset_development,2022,29,S2A_MSIL2A_20220625T144741_R139_T19LDG_20220626T044643,2022-06-25T14:47:41.024000Z,9.874263,504548,504548,41093,100.0,8.1445,91.8555,20.4417,False,False,,0,0.0,https://sentinel2l2a01.blob.core.windows.net/sentinel2-l2/19/L/DG/2022/06/25/S2A_MSIL2A_20220625T144741_N0400_R139_T19LDG_20220626T044643.SAFE/GRANULE/L2A_T19LDG_A036601_20220625T144743/IMG_DATA/R20m/T19LDG_20220625T144741_SCL_20m.tif,rejected,below_scl_coverage_threshold
las_piedras_development,dataset_development,2018,1,S2B_MSIL2A_20180830T144719_R139_T19LDG_20201103T163533,2018-08-30T14:47:19.024000Z,0.06888,505784,505784,505784,100.0,100.0,0.0,99.9897,True,True,1,505784,100.0,https://sentinel2l2a01.blob.core.windows.net/sentinel2-l2/19/L/DG/2018/08/30/S2B_MSIL2A_20180830T144719_N0212_R139_T19LDG_20201103T163533.SAFE/GRANULE/L2A_T19LDG_A007744_20180830T144952/IMG_DATA/R20m/T19LDG_20180830T144719_SCL_20m.tif,usable,meets_scl_coverage_threshold
las_piedras_development,dataset_development,2018,2,S2B_MSIL2A_20180909T144719_R139_T19LDG_20201008T232544,2018-09-09T14:47:19.024000Z,0.083925,505784,505784,505784,100.0,100.0,0.0,99.9874,True,False,,0,0.0,https://sentinel2l2a01.blob.core.windows.net/sentinel2-l2/19/L/DG/2018/09/09/S2B_MSIL2A_20180909T144719_N0212_R139_T19LDG_20201008T232544.SAFE/GRANULE/L2A_T19LDG_A007887_20180909T145159/IMG_DATA/R20m/T19LDG_20180909T144719_SCL_20m.tif,usable,meets_scl_coverage_threshold
las_piedras_development,dataset_development,2018,3,S2A_MSIL2A_20180904T144731_R139_T19LDG_20201011T082931,2018-09-04T14:47:31.024000Z,0.098344,505784,505784,505783,100.0,99.9998,0.0002,99.9851,True,False,,0,0.0,https://sentinel2l2a01.blob.core.windows.net/sentinel2-l2/19/L/DG/2018/09/04/S2A_MSIL2A_20180904T144731_N0212_R139_T19LDG_20201011T082931.SAFE/GRANULE/L2A_T19LDG_A016724_20180904T144728/IMG_DATA/R20m/T19LDG_20180904T144731_SCL_20m.tif,usable,meets_scl_coverage_threshold
las_piedras_development,dataset_development,2018,4,S2B_MSIL2A_20180621T144729_R139_T19LDG_20201012T005201,2018-06-21T14:47:29.024000Z,0.218146,505784,505784,505764,100.0,99.996,0.004,99.9639,True,False,,0,0.0,https://sentinel2l2a01.blob.core.windows.net/sentinel2-l2/19/L/DG/2018/06/21/S2B_MSIL2A_20180621T144729_N0212_R139_T19LDG_20201012T005201.SAFE/GRANULE/L2A_T19LDG_A006743_20180621T145608/IMG_DATA/R20m/T19LDG_20180621T144729_SCL_20m.tif,usable,meets_scl_coverage_threshold
las_piedras_development,dataset_development,2018,5,S2A_MSIL2A_20180726T144731_R139_T19LDG_20201011T201334,2018-07-26T14:47:31.024000Z,0.288017,505784,505784,505779,100.0,99.999,0.001,99.956,True,False,,0,0.0,https://sentinel2l2a01.blob.core.windows.net/sentinel2-l2/19/L/DG/2018/07/26/S2A_MSIL2A_20180726T144731_N0212_R139_T19LDG_20201011T201334.SAFE/GRANULE/L2A_T19LDG_A016152_20180726T145459/IMG_DATA/R20m/T19LDG_20180726T144731_SCL_20m.tif,usable,meets_scl_coverage_threshold
las_piedras_development,dataset_development,2018,6,S2A_MSIL2A_20180716T144731_R139_T19LDG_20201011T162627,2018-07-16T14:47:31.024000Z,0.312198,505784,505784,505781,100.0,99.9994,0.0006,99.9527,True,False,,0,0.0,https://sentinel2l2a01.blob.core.windows.net/sentinel2-l2/19/L/DG/2018/07/16/S2A_MSIL2A_20180716T144731_N0212_R139_T19LDG_20201011T162627.SAFE/GRANULE/L2A_T19LDG_A016009_20180716T144920/IMG_DATA/R20m/T19LDG_20180716T144731_SCL_20m.tif,usable,meets_scl_coverage_threshold
las_piedras_development,dataset_development,2018,7,S2A_MSIL2A_20180825T144731_R139_T19LDG_20201011T064550,2018-08-25T14:47:31.024000Z,0.385414,505784,505784,505784,100.0,100.0,0.0,99.9422,True,False,,0,0.0,https://sentinel2l2a01.blob.core.windows.net/sentinel2-l2/19/L/DG/2018/08/25/S2A_MSIL2A_20180825T144731_N0212_R139_T19LDG_20201011T064550.SAFE/GRANULE/L2A_T19LDG_A016581_20180825T145457/IMG_DATA/R20m/T19LDG_20180825T144731_SCL_20m.tif,usable,meets_scl_coverage_threshold
las_piedras_development,dataset_development,2018,8,S2B_MSIL2A_20180810T144729_R139_T19LDG_20201011T000046,2018-08-10T14:47:29.024000Z,1.377127,505784,505784,505779,100.0,99.999,0.001,99.7926,True,False,,0,0.0,https://sentinel2l2a01.blob.core.windows.net/sentinel2-l2/19/L/DG/2018/08/10/S2B_MSIL2A_20180810T144729_N0212_R139_T19LDG_20201011T000046.SAFE/GRANULE/L2A_T19LDG_A007458_20180810T144802/IMG_DATA/R20m/T19LDG_20180810T144729_SCL_20m.tif,usable,meets_scl_coverage_threshold
las_piedras_development,dataset_development,2018,9,S2A_MSIL2A_20180706T144731_R139_T19LDG_20201011T123602,2018-07-06T14:47:31.024000Z,4.415671,505784,505784,505784,100.0,100.0,0.0,99.3376,True,False,,0,0.0,https://sentinel2l2a01.blob.core.windows.net/sentinel2-l2/19/L/DG/2018/07/06/S2A_MSIL2A_20180706T144731_N0212_R139_T19LDG_20201011T123602.SAFE/GRANULE/L2A_T19LDG_A015866_20180706T144812/IMG_DATA/R20m/T19LDG_20180706T144731_SCL_20m.tif,usable,meets_scl_coverage_threshold
las_piedras_development,dataset_development,2018,10,S2A_MSIL2A_20180616T144731_R139_T19LDG_20201011T224646,2018-06-16T14:47:31.024000Z,9.566233,505784,505784,505784,100.0,100.0,0.0,98.5651,True,False,,0,0.0,https://sentinel2l2a01.blob.core.windows.net/sentinel2-l2/19/L/DG/2018/06/16/S2A_MSIL2A_20180616T144731_N0212_R139_T19LDG_20201011T224646.SAFE/GRANULE/L2A_T19LDG_A015580_20180616T145425/IMG_DATA/R20m/T19LDG_20180616T144731_SCL_20m.tif,usable,meets_scl_coverage_threshold
las_piedras_development,dataset_development,2018,11,S2A_MSIL2A_20180626T144731_R139_T19LDG_20201012T023616,2018-06-26T14:47:31.024000Z,15.207575,505784,505784,505759,100.0,99.9951,0.0049,97.7147,True,False,,0,0.0,https://sentinel2l2a01.blob.core.windows.net/sentinel2-l2/19/L/DG/2018/06/26/S2A_MSIL2A_20180626T144731_N0212_R139_T19LDG_20201012T023616.SAFE/GRANULE/L2A_T19LDG_A015723_20180626T145458/IMG_DATA/R20m/T19LDG_20180626T144731_SCL_20m.tif,usable,meets_scl_coverage_threshold
las_piedras_development,dataset_development,2018,12,S2B_MSIL2A_20180929T144729_R139_T19LDG_20201009T062150,2018-09-29T14:47:29.024000Z,6.861087,505784,505784,448144,100.0,88.6038,11.3962,89.2841,True,False,,0,0.0,https://sentinel2l2a01.blob.core.windows.net/sentinel2-l2/19/L/DG/2018/09/29/S2B_MSIL2A_20180929T144729_N0212_R139_T19LDG_20201009T062150.SAFE/GRANULE/L2A_T19LDG_A008173_20180929T145000/IMG_DATA/R20m/T19LDG_20180929T144729_SCL_20m.tif,usable,meets_scl_coverage_threshold
las_piedras_development,dataset_development,2022,1,S2A_MSIL2A_20220615T144741_R139_T19LDG_20240620T023425,2022-06-15T14:47:41.024000Z,0.004444,505784,505784,505784,100.0,100.0,0.0,99.9993,True,True,1,505784,100.0,https://sentinel2l2a01.blob.core.windows.net/sentinel2-l2/19/L/DG/2022/06/15/S2A_MSIL2A_20220615T144741_N0510_R139_T19LDG_20240620T023425.SAFE/GRANULE/L2A_T19LDG_A036458_20220615T144741/IMG_DATA/R20m/T19LDG_20220615T144741_SCL_20m.tif,usable,meets_scl_coverage_threshold
las_piedras_development,dataset_development,2022,2,S2A_MSIL2A_20220615T144741_R139_T19LDG_20220618T163011,2022-06-15T14:47:41.024000Z,0.004751,505784,505784,505784,100.0,100.0,0.0,99.9993,True,False,,0,0.0,https://sentinel2l2a01.blob.core.windows.net/sentinel2-l2/19/L/DG/2022/06/15/S2A_MSIL2A_20220615T144741_N0400_R139_T19LDG_20220618T163011.SAFE/GRANULE/L2A_T19LDG_A036458_20220615T144741/IMG_DATA/R20m/T19LDG_20220615T144741_SCL_20m.tif,usable,meets_scl_coverage_threshold
las_piedras_development,dataset_development,2022,3,S2A_MSIL2A_20220824T144741_R139_T19LDG_20240704T164843,2022-08-24T14:47:41.024000Z,0.009948,505784,505784,505784,100.0,100.0,0.0,99.9985,True,False,,0,0.0,https://sentinel2l2a01.blob.core.windows.net/sentinel2-l2/19/L/DG/2022/08/24/S2A_MSIL2A_20220824T144741_N0510_R139_T19LDG_20240704T164843.SAFE/GRANULE/L2A_T19LDG_A037459_20220824T145550/IMG_DATA/R20m/T19LDG_20220824T144741_SCL_20m.tif,usable,meets_scl_coverage_threshold
las_piedras_development,dataset_development,2022,4,S2A_MSIL2A_20220824T144741_R139_T19LDG_20220825T134649,2022-08-24T14:47:41.024000Z,0.010435,505784,505784,505784,100.0,100.0,0.0,99.9984,True,False,,0,0.0,https://sentinel2l2a01.blob.core.windows.net/sentinel2-l2/19/L/DG/2022/08/24/S2A_MSIL2A_20220824T144741_N0400_R139_T19LDG_20220825T134649.SAFE/GRANULE/L2A_T19LDG_A037459_20220824T145550/IMG_DATA/R20m/T19LDG_20220824T144741_SCL_20m.tif,usable,meets_scl_coverage_threshold
las_piedras_development,dataset_development,2022,5,S2B_MSIL2A_20220908T144729_R139_T19LDG_20220909T054438,2022-09-08T14:47:29.024000Z,0.029163,505784,505784,505784,100.0,100.0,0.0,99.9956,True,False,,0,0.0,https://sentinel2l2a01.blob.core.windows.net/sentinel2-l2/19/L/DG/2022/09/08/S2B_MSIL2A_20220908T144729_N0400_R139_T19LDG_20220909T054438.SAFE/GRANULE/L2A_T19LDG_A028765_20220908T145249/IMG_DATA/R20m/T19LDG_20220908T144729_SCL_20m.tif,usable,meets_scl_coverage_threshold
las_piedras_development,dataset_development,2022,6,S2A_MSIL2A_20220814T144741_R139_T19LDG_20220815T072226,2022-08-14T14:47:41.024000Z,0.085918,505784,505784,505784,100.0,100.0,0.0,99.9871,True,False,,0,0.0,https://sentinel2l2a01.blob.core.windows.net/sentinel2-l2/19/L/DG/2022/08/14/S2A_MSIL2A_20220814T144741_N0400_R139_T19LDG_20220815T072226.SAFE/GRANULE/L2A_T19LDG_A037316_20220814T144738/IMG_DATA/R20m/T19LDG_20220814T144741_SCL_20m.tif,usable,meets_scl_coverage_threshold
las_piedras_development,dataset_development,2022,7,S2A_MSIL2A_20220814T144741_R139_T19LDG_20240703T134048,2022-08-14T14:47:41.024000Z,0.08707,505784,505784,505784,100.0,100.0,0.0,99.9869,True,False,,0,0.0,https://sentinel2l2a01.blob.core.windows.net/sentinel2-l2/19/L/DG/2022/08/14/S2A_MSIL2A_20220814T144741_N0510_R139_T19LDG_20240703T134048.SAFE/GRANULE/L2A_T19LDG_A037316_20220814T144738/IMG_DATA/R20m/T19LDG_20220814T144741_SCL_20m.tif,usable,meets_scl_coverage_threshold
las_piedras_development,dataset_development,2022,8,S2B_MSIL2A_20220710T144729_R139_T19LDG_20220712T145135,2022-07-10T14:47:29.024000Z,1.059924,505784,505784,505784,100.0,100.0,0.0,99.841,True,False,,0,0.0,https://sentinel2l2a01.blob.core.windows.net/sentinel2-l2/19/L/DG/2022/07/10/S2B_MSIL2A_20220710T144729_N0400_R139_T19LDG_20220712T145135.SAFE/GRANULE/L2A_T19LDG_A027907_20220710T144824/IMG_DATA/R20m/T19LDG_20220710T144729_SCL_20m.tif,usable,meets_scl_coverage_threshold
las_piedras_development,dataset_development,2022,9,S2B_MSIL2A_20220630T144729_R139_T19LDG_20220701T042409,2022-06-30T14:47:29.024000Z,2.730447,505784,505784,505784,100.0,100.0,0.0,99.5904,True,False,,0,0.0,https://sentinel2l2a01.blob.core.windows.net/sentinel2-l2/19/L/DG/2022/06/30/S2B_MSIL2A_20220630T144729_N0400_R139_T19LDG_20220701T042409.SAFE/GRANULE/L2A_T19LDG_A027764_20220630T144731/IMG_DATA/R20m/T19LDG_20220630T144729_SCL_20m.tif,usable,meets_scl_coverage_threshold
las_piedras_development,dataset_development,2022,10,S2B_MSIL2A_20220630T144729_R139_T19LDG_20240714T160033,2022-06-30T14:47:29.024000Z,2.759395,505784,505784,505784,100.0,100.0,0.0,99.5861,True,False,,0,0.0,https://sentinel2l2a01.blob.core.windows.net/sentinel2-l2/19/L/DG/2022/06/30/S2B_MSIL2A_20220630T144729_N0510_R139_T19LDG_20240714T160033.SAFE/GRANULE/L2A_T19LDG_A027764_20220630T144731/IMG_DATA/R20m/T19LDG_20220630T144729_SCL_20m.tif,usable,meets_scl_coverage_threshold
las_piedras_development,dataset_development,2022,11,S2B_MSIL2A_20220918T144729_R139_T19LDG_20240731T115220,2022-09-18T14:47:29.024000Z,0.854981,505784,505784,503995,100.0,99.6463,0.3537,99.5711,True,False,,0,0.0,https://sentinel2l2a01.blob.core.windows.net/sentinel2-l2/19/L/DG/2022/09/18/S2B_MSIL2A_20220918T144729_N0510_R139_T19LDG_20240731T115220.SAFE/GRANULE/L2A_T19LDG_A028908_20220918T145244/IMG_DATA/R20m/T19LDG_20220918T144729_SCL_20m.tif,usable,meets_scl_coverage_threshold
las_piedras_development,dataset_development,2022,12,S2B_MSIL2A_20220918T144729_R139_T19LDG_20220919T072953,2022-09-18T14:47:29.024000Z,0.85474,505784,505784,503987,100.0,99.6447,0.3553,99.5698,True,False,,0,0.0,https://sentinel2l2a01.blob.core.windows.net/sentinel2-l2/19/L/DG/2022/09/18/S2B_MSIL2A_20220918T144729_N0400_R139_T19LDG_20220919T072953.SAFE/GRANULE/L2A_T19LDG_A028908_20220918T145244/IMG_DATA/R20m/T19LDG_20220918T144729_SCL_20m.tif,usable,meets_scl_coverage_threshold
las_piedras_development,dataset_development,2022,13,S2A_MSIL2A_20220625T144741_R139_T19LDG_20240703T025543,2022-06-25T14:47:41.024000Z,9.864256,505784,505784,505778,100.0,99.9988,0.0012,98.5194,True,False,,0,0.0,https://sentinel2l2a01.blob.core.windows.net/sentinel2-l2/19/L/DG/2022/06/25/S2A_MSIL2A_20220625T144741_N0510_R139_T19LDG_20240703T025543.SAFE/GRANULE/L2A_T19LDG_A036601_20220625T144743/IMG_DATA/R20m/T19LDG_20220625T144741_SCL_20m.tif,usable,meets_scl_coverage_threshold
las_piedras_development,dataset_development,2022,14,S2A_MSIL2A_20220625T144741_R139_T19LDG_20220626T044643,2022-06-25T14:47:41.024000Z,9.874263,505784,505784,505778,100.0,99.9988,0.0012,98.5179,True,False,,0,0.0,https://sentinel2l2a01.blob.core.windows.net/sentinel2-l2/19/L/DG/2022/06/25/S2A_MSIL2A_20220625T144741_N0400_R139_T19LDG_20220626T044643.SAFE/GRANULE/L2A_T19LDG_A036601_20220625T144743/IMG_DATA/R20m/T19LDG_20220625T144741_SCL_20m.tif,usable,meets_scl_coverage_threshold
las_piedras_development,dataset_development,2022,15,S2A_MSIL2A_20220705T144741_R139_T19LDG_20220707T074556,2022-07-05T14:47:41.024000Z,9.671464,505784,505784,459262,100.0,90.802,9.198,90.731,True,False,,0,0.0,https://sentinel2l2a01.blob.core.windows.net/sentinel2-l2/19/L/DG/2022/07/05/S2A_MSIL2A_20220705T144741_N0400_R139_T19LDG_20220707T074556.SAFE/GRANULE/L2A_T19LDG_A036744_20220705T145550/IMG_DATA/R20m/T19LDG_20220705T144741_SCL_20m.tif,usable,meets_scl_coverage_threshold
mining_training_area,dataset_development,2018,1,S2A_MSIL2A_20180907T145721_R039_T19LCF_20201011T093958,2018-09-07T14:57:21.024000Z,7.25854,540150,540150,532529,100.0,98.5891,1.4109,97.712,True,False,,0,0.0,https://sentinel2l2a01.blob.core.windows.net/sentinel2-l2/19/L/CF/2018/09/07/S2A_MSIL2A_20180907T145721_N0212_R039_T19LCF_20201011T093958.SAFE/GRANULE/L2A_T19LCF_A016767_20180907T150208/IMG_DATA/R20m/T19LCF_20180907T145721_SCL_20m.tif,usable,meets_scl_coverage_threshold
mining_training_area,dataset_development,2018,2,S2A_MSIL2A_20180619T145731_R039_T19LCF_20201011T235605,2018-06-19T14:57:31.024000Z,9.168934,540150,540150,533122,100.0,98.6989,1.3011,97.5187,True,False,,0,0.0,https://sentinel2l2a01.blob.core.windows.net/sentinel2-l2/19/L/CF/2018/06/19/S2A_MSIL2A_20180619T145731_N0212_R039_T19LCF_20201011T235605.SAFE/GRANULE/L2A_T19LCF_A015623_20180619T150221/IMG_DATA/R20m/T19LCF_20180619T145731_SCL_20m.tif,usable,meets_scl_coverage_threshold
mining_training_area,dataset_development,2018,3,S2A_MSIL2A_20180828T145721_R039_T19LCF_20201027T054517,2018-08-28T14:57:21.024000Z,12.441118,540150,540150,533398,100.0,98.75,1.25,97.0713,True,True,1,533398,98.75,https://sentinel2l2a01.blob.core.windows.net/sentinel2-l2/19/L/CF/2018/08/28/S2A_MSIL2A_20180828T145721_N0212_R039_T19LCF_20201027T054517.SAFE/GRANULE/L2A_T19LCF_A016624_20180828T145854/IMG_DATA/R20m/T19LCF_20180828T145721_SCL_20m.tif,usable,meets_scl_coverage_threshold
mining_training_area,dataset_development,2018,4,S2A_MSIL2A_20180818T145721_R039_T19LCF_20201011T032904,2018-08-18T14:57:21.024000Z,11.352001,540150,540150,522562,100.0,96.7439,3.2561,95.5295,True,False,,0,0.0,https://sentinel2l2a01.blob.core.windows.net/sentinel2-l2/19/L/CF/2018/08/18/S2A_MSIL2A_20180818T145721_N0212_R039_T19LCF_20201011T032904.SAFE/GRANULE/L2A_T19LCF_A016481_20180818T150209/IMG_DATA/R20m/T19LCF_20180818T145721_SCL_20m.tif,usable,meets_scl_coverage_threshold
mining_training_area,dataset_development,2018,5,S2B_MSIL2A_20180813T145719_R039_T19LCF_20201011T012223,2018-08-13T14:57:19.024000Z,14.148408,540150,540150,493120,100.0,91.2932,8.7068,90.4769,True,False,,0,0.0,https://sentinel2l2a01.blob.core.windows.net/sentinel2-l2/19/L/CF/2018/08/13/S2B_MSIL2A_20180813T145719_N0212_R039_T19LCF_20201011T012223.SAFE/GRANULE/L2A_T19LCF_A007501_20180813T150106/IMG_DATA/R20m/T19LCF_20180813T145719_SCL_20m.tif,usable,meets_scl_coverage_threshold
mining_training_area,dataset_development,2022,1,S2B_MSIL2A_20220613T145729_R039_T19LCF_20220614T100200,2022-06-13T14:57:29.024000Z,0.42632,540150,540150,540149,100.0,99.9998,0.0002,99.9359,True,True,1,540149,99.9998,https://sentinel2l2a01.blob.core.windows.net/sentinel2-l2/19/L/CF/2022/06/13/S2B_MSIL2A_20220613T145729_N0400_R039_T19LCF_20220614T100200.SAFE/GRANULE/L2A_T19LCF_A027521_20220613T145913/IMG_DATA/R20m/T19LCF_20220613T145729_SCL_20m.tif,usable,meets_scl_coverage_threshold
mining_training_area,dataset_development,2022,2,S2A_MSIL2A_20220906T145741_R039_T19LCF_20220907T075707,2022-09-06T14:57:41.024000Z,11.85512,540150,540150,540053,100.0,99.982,0.018,98.2065,True,False,,0,0.0,https://sentinel2l2a01.blob.core.windows.net/sentinel2-l2/19/L/CF/2022/09/06/S2A_MSIL2A_20220906T145741_N0400_R039_T19LCF_20220907T075707.SAFE/GRANULE/L2A_T19LCF_A037645_20220906T150345/IMG_DATA/R20m/T19LCF_20220906T145741_SCL_20m.tif,usable,meets_scl_coverage_threshold
mining_training_area,dataset_development,2022,3,S2B_MSIL2A_20220901T145729_R039_T19LCF_20220902T065509,2022-09-01T14:57:29.024000Z,15.485813,540150,540150,540121,100.0,99.9946,0.0054,97.6726,True,False,,0,0.0,https://sentinel2l2a01.blob.core.windows.net/sentinel2-l2/19/L/CF/2022/09/01/S2B_MSIL2A_20220901T145729_N0400_R039_T19LCF_20220902T065509.SAFE/GRANULE/L2A_T19LCF_A028665_20220901T145726/IMG_DATA/R20m/T19LCF_20220901T145729_SCL_20m.tif,usable,meets_scl_coverage_threshold
mining_training_area,dataset_development,2022,4,S2A_MSIL2A_20220728T145741_R039_T19LCF_20220729T214335,2022-07-28T14:57:41.024000Z,14.730121,540150,540150,508556,100.0,94.1509,5.8491,92.8187,True,False,,0,0.0,https://sentinel2l2a01.blob.core.windows.net/sentinel2-l2/19/L/CF/2022/07/28/S2A_MSIL2A_20220728T145741_N0400_R039_T19LCF_20220729T214335.SAFE/GRANULE/L2A_T19LCF_A037073_20220728T150430/IMG_DATA/R20m/T19LCF_20220728T145741_SCL_20m.tif,usable,meets_scl_coverage_threshold
mining_training_area,dataset_development,2022,5,S2B_MSIL2A_20220822T145729_R039_T19LCF_20220823T142834,2022-08-22T14:57:29.024000Z,8.363886,540150,540150,497955,100.0,92.1883,7.8117,92.1055,True,False,,0,0.0,https://sentinel2l2a01.blob.core.windows.net/sentinel2-l2/19/L/CF/2022/08/22/S2B_MSIL2A_20220822T145729_N0400_R039_T19LCF_20220823T142834.SAFE/GRANULE/L2A_T19LCF_A028522_20220822T145726/IMG_DATA/R20m/T19LCF_20220822T145729_SCL_20m.tif,usable,meets_scl_coverage_threshold
mining_training_area,dataset_development,2022,6,S2B_MSIL2A_20220822T145729_R039_T19LCF_20240704T091633,2022-08-22T14:57:29.024000Z,8.351785,540150,540150,497719,100.0,92.1446,7.8554,92.0701,True,False,,0,0.0,https://sentinel2l2a01.blob.core.windows.net/sentinel2-l2/19/L/CF/2022/08/22/S2B_MSIL2A_20220822T145729_N0510_R039_T19LCF_20240704T091633.SAFE/GRANULE/L2A_T19LCF_A028522_20220822T145726/IMG_DATA/R20m/T19LCF_20220822T145729_SCL_20m.tif,usable,meets_scl_coverage_threshold
tambopata_test_area,diagnostic_holdout,2018,1,S2B_MSIL2A_20180830T144719_R139_T19LDF_20201103T163536,2018-08-30T14:47:19.024000Z,0.884742,359780,359780,358168,100.0,99.5519,0.4481,99.4864,True,False,,0,0.0,https://sentinel2l2a01.blob.core.windows.net/sentinel2-l2/19/L/DF/2018/08/30/S2B_MSIL2A_20180830T144719_N0212_R139_T19LDF_20201103T163536.SAFE/GRANULE/L2A_T19LDF_A007744_20180830T144952/IMG_DATA/R20m/T19LDF_20180830T144719_SCL_20m.tif,usable,meets_scl_coverage_threshold
tambopata_test_area,diagnostic_holdout,2018,2,S2A_MSIL2A_20180818T145721_R039_T19LDF_20201011T032854,2018-08-18T14:57:21.024000Z,1.648264,359780,359780,358443,100.0,99.6284,0.3716,99.4369,True,False,,0,0.0,https://sentinel2l2a01.blob.core.windows.net/sentinel2-l2/19/L/DF/2018/08/18/S2A_MSIL2A_20180818T145721_N0212_R039_T19LDF_20201011T032854.SAFE/GRANULE/L2A_T19LDF_A016481_20180818T150209/IMG_DATA/R20m/T19LDF_20180818T145721_SCL_20m.tif,usable,meets_scl_coverage_threshold
tambopata_test_area,diagnostic_holdout,2018,3,S2B_MSIL2A_20180909T144719_R139_T19LDF_20201008T232544,2018-09-09T14:47:19.024000Z,1.060929,359780,359780,357951,100.0,99.4916,0.5084,99.4087,True,False,,0,0.0,https://sentinel2l2a01.blob.core.windows.net/sentinel2-l2/19/L/DF/2018/09/09/S2B_MSIL2A_20180909T144719_N0212_R139_T19LDF_20201008T232544.SAFE/GRANULE/L2A_T19LDF_A007887_20180909T145159/IMG_DATA/R20m/T19LDF_20180909T144719_SCL_20m.tif,usable,meets_scl_coverage_threshold
tambopata_test_area,diagnostic_holdout,2018,4,S2A_MSIL2A_20180907T145721_R039_T19LDF_20201011T093948,2018-09-07T14:57:21.024000Z,0.656002,359780,359780,357685,100.0,99.4177,0.5823,99.4066,True,False,,0,0.0,https://sentinel2l2a01.blob.core.windows.net/sentinel2-l2/19/L/DF/2018/09/07/S2A_MSIL2A_20180907T145721_N0212_R039_T19LDF_20201011T093948.SAFE/GRANULE/L2A_T19LDF_A016767_20180907T150208/IMG_DATA/R20m/T19LDF_20180907T145721_SCL_20m.tif,usable,meets_scl_coverage_threshold
tambopata_test_area,diagnostic_holdout,2018,5,S2A_MSIL2A_20180904T144731_R139_T19LDF_20201011T082926,2018-09-04T14:47:31.024000Z,2.252363,359780,359780,358088,100.0,99.5297,0.4703,99.2624,True,False,,0,0.0,https://sentinel2l2a01.blob.core.windows.net/sentinel2-l2/19/L/DF/2018/09/04/S2A_MSIL2A_20180904T144731_N0212_R139_T19LDF_20201011T082926.SAFE/GRANULE/L2A_T19LDF_A016724_20180904T144728/IMG_DATA/R20m/T19LDF_20180904T144731_SCL_20m.tif,usable,meets_scl_coverage_threshold
tambopata_test_area,diagnostic_holdout,2018,6,S2A_MSIL2A_20180828T145721_R039_T19LDF_20201027T054507,2018-08-28T14:57:21.024000Z,2.77943,359780,359780,357991,100.0,99.5028,0.4972,99.1604,True,False,,0,0.0,https://sentinel2l2a01.blob.core.windows.net/sentinel2-l2/19/L/DF/2018/08/28/S2A_MSIL2A_20180828T145721_N0212_R039_T19LDF_20201027T054507.SAFE/GRANULE/L2A_T19LDF_A016624_20180828T145854/IMG_DATA/R20m/T19LDF_20180828T145721_SCL_20m.tif,usable,meets_scl_coverage_threshold
tambopata_test_area,diagnostic_holdout,2018,7,S2B_MSIL2A_20180912T145719_R039_T19LDF_20201009T003247,2018-09-12T14:57:19.024000Z,3.651689,359780,359780,358153,100.0,99.5478,0.4522,99.0679,True,False,,0,0.0,https://sentinel2l2a01.blob.core.windows.net/sentinel2-l2/19/L/DF/2018/09/12/S2B_MSIL2A_20180912T145719_N0212_R039_T19LDF_20201009T003247.SAFE/GRANULE/L2A_T19LDF_A007930_20180912T145825/IMG_DATA/R20m/T19LDF_20180912T145719_SCL_20m.tif,usable,meets_scl_coverage_threshold
tambopata_test_area,diagnostic_holdout,2018,8,S2B_MSIL2A_20180813T145719_R039_T19LDF_20201011T012216,2018-08-13T14:57:19.024000Z,6.333659,359780,359780,358598,100.0,99.6715,0.3285,98.7707,True,True,1,358598,99.6715,https://sentinel2l2a01.blob.core.windows.net/sentinel2-l2/19/L/DF/2018/08/13/S2B_MSIL2A_20180813T145719_N0212_R039_T19LDF_20201011T012216.SAFE/GRANULE/L2A_T19LDF_A007501_20180813T150106/IMG_DATA/R20m/T19LDF_20180813T145719_SCL_20m.tif,usable,meets_scl_coverage_threshold
tambopata_test_area,diagnostic_holdout,2018,9,S2A_MSIL2A_20180726T144731_R139_T19LDF_20201011T201332,2018-07-26T14:47:31.024000Z,1.967597,359780,359780,354241,100.0,98.4604,1.5396,98.3962,True,False,,0,0.0,https://sentinel2l2a01.blob.core.windows.net/sentinel2-l2/19/L/DF/2018/07/26/S2A_MSIL2A_20180726T144731_N0212_R139_T19LDF_20201011T201332.SAFE/GRANULE/L2A_T19LDF_A016152_20180726T145459/IMG_DATA/R20m/T19LDF_20180726T144731_SCL_20m.tif,usable,meets_scl_coverage_threshold
tambopata_test_area,diagnostic_holdout,2018,10,S2B_MSIL2A_20180823T145719_R039_T19LDF_20201011T060420,2018-08-23T14:57:19.024000Z,9.29443,359780,359780,358334,100.0,99.5981,0.4019,98.2642,True,False,,0,0.0,https://sentinel2l2a01.blob.core.windows.net/sentinel2-l2/19/L/DF/2018/08/23/S2B_MSIL2A_20180823T145719_N0212_R039_T19LDF_20201011T060420.SAFE/GRANULE/L2A_T19LDF_A007644_20180823T150245/IMG_DATA/R20m/T19LDF_20180823T145719_SCL_20m.tif,usable,meets_scl_coverage_threshold
tambopata_test_area,diagnostic_holdout,2018,11,S2A_MSIL2A_20180716T144731_R139_T19LDF_20201011T162628,2018-07-16T14:47:31.024000Z,6.425702,359780,359780,354670,100.0,98.5797,1.4203,97.8289,True,False,,0,0.0,https://sentinel2l2a01.blob.core.windows.net/sentinel2-l2/19/L/DF/2018/07/16/S2A_MSIL2A_20180716T144731_N0212_R139_T19LDF_20201011T162628.SAFE/GRANULE/L2A_T19LDF_A016009_20180716T144920/IMG_DATA/R20m/T19LDF_20180716T144731_SCL_20m.tif,usable,meets_scl_coverage_threshold
tambopata_test_area,diagnostic_holdout,2018,12,S2B_MSIL2A_20180621T144729_R139_T19LDF_20201012T005203,2018-06-21T14:47:29.024000Z,12.235634,359780,359780,358074,100.0,99.5258,0.4742,97.7616,True,False,,0,0.0,https://sentinel2l2a01.blob.core.windows.net/sentinel2-l2/19/L/DF/2018/06/21/S2B_MSIL2A_20180621T144729_N0212_R139_T19LDF_20201012T005203.SAFE/GRANULE/L2A_T19LDF_A006743_20180621T145608/IMG_DATA/R20m/T19LDF_20180621T144729_SCL_20m.tif,usable,meets_scl_coverage_threshold
tambopata_test_area,diagnostic_holdout,2018,13,S2A_MSIL2A_20180619T145731_R039_T19LDF_20201011T235553,2018-06-19T14:57:31.024000Z,12.677695,359780,359780,358344,100.0,99.6009,0.3991,97.7591,True,False,,0,0.0,https://sentinel2l2a01.blob.core.windows.net/sentinel2-l2/19/L/DF/2018/06/19/S2A_MSIL2A_20180619T145731_N0212_R039_T19LDF_20201011T235553.SAFE/GRANULE/L2A_T19LDF_A015623_20180619T150221/IMG_DATA/R20m/T19LDF_20180619T145731_SCL_20m.tif,usable,meets_scl_coverage_threshold
tambopata_test_area,diagnostic_holdout,2018,14,S2B_MSIL2A_20180810T144729_R139_T19LDF_20201011T000046,2018-08-10T14:47:29.024000Z,12.182612,359780,359780,353442,100.0,98.2384,1.7616,96.6752,True,False,,0,0.0,https://sentinel2l2a01.blob.core.windows.net/sentinel2-l2/19/L/DF/2018/08/10/S2B_MSIL2A_20180810T144729_N0212_R139_T19LDF_20201011T000046.SAFE/GRANULE/L2A_T19LDF_A007458_20180810T144802/IMG_DATA/R20m/T19LDF_20180810T144729_SCL_20m.tif,usable,meets_scl_coverage_threshold
tambopata_test_area,diagnostic_holdout,2018,15,S2B_MSIL2A_20180909T144719_R139_T19LCF_20201008T232531,2018-09-09T14:47:19.024000Z,0.419456,359780,84358,83961,23.4471,23.3368,76.6632,34.7733,False,False,,0,0.0,https://sentinel2l2a01.blob.core.windows.net/sentinel2-l2/19/L/CF/2018/09/09/S2B_MSIL2A_20180909T144719_N0212_R139_T19LCF_20201008T232531.SAFE/GRANULE/L2A_T19LCF_A007887_20180909T145159/IMG_DATA/R20m/T19LCF_20180909T144719_SCL_20m.tif,rejected,below_scl_coverage_threshold
tambopata_test_area,diagnostic_holdout,2018,16,S2B_MSIL2A_20180830T144719_R139_T19LCF_20201103T163518,2018-08-30T14:47:19.024000Z,4.017965,359780,84358,83978,23.4471,23.3415,76.6585,34.2376,False,False,,0,0.0,https://sentinel2l2a01.blob.core.windows.net/sentinel2-l2/19/L/CF/2018/08/30/S2B_MSIL2A_20180830T144719_N0212_R139_T19LCF_20201103T163518.SAFE/GRANULE/L2A_T19LCF_A007744_20180830T144952/IMG_DATA/R20m/T19LCF_20180830T144719_SCL_20m.tif,rejected,below_scl_coverage_threshold
tambopata_test_area,diagnostic_holdout,2018,17,S2A_MSIL2A_20180907T145721_R039_T19LCF_20201011T093958,2018-09-07T14:57:21.024000Z,7.25854,359780,84358,84276,23.4471,23.4243,76.5757,33.8219,False,False,,0,0.0,https://sentinel2l2a01.blob.core.windows.net/sentinel2-l2/19/L/CF/2018/09/07/S2A_MSIL2A_20180907T145721_N0212_R039_T19LCF_20201011T093958.SAFE/GRANULE/L2A_T19LCF_A016767_20180907T150208/IMG_DATA/R20m/T19LCF_20180907T145721_SCL_20m.tif,rejected,below_scl_coverage_threshold
tambopata_test_area,diagnostic_holdout,2018,18,S2A_MSIL2A_20180619T145731_R039_T19LCF_20201011T235605,2018-06-19T14:57:31.024000Z,9.168934,359780,84358,84309,23.4471,23.4335,76.5665,33.5431,False,False,,0,0.0,https://sentinel2l2a01.blob.core.windows.net/sentinel2-l2/19/L/CF/2018/06/19/S2A_MSIL2A_20180619T145731_N0212_R039_T19LCF_20201011T235605.SAFE/GRANULE/L2A_T19LCF_A015623_20180619T150221/IMG_DATA/R20m/T19LCF_20180619T145731_SCL_20m.tif,rejected,below_scl_coverage_threshold
tambopata_test_area,diagnostic_holdout,2018,19,S2A_MSIL2A_20180904T144731_R139_T19LCF_20201011T082925,2018-09-04T14:47:31.024000Z,10.707588,359780,84358,83774,23.4471,23.2848,76.7152,33.1859,False,False,,0,0.0,https://sentinel2l2a01.blob.core.windows.net/sentinel2-l2/19/L/CF/2018/09/04/S2A_MSIL2A_20180904T144731_N0212_R139_T19LCF_20201011T082925.SAFE/GRANULE/L2A_T19LCF_A016724_20180904T144728/IMG_DATA/R20m/T19LCF_20180904T144731_SCL_20m.tif,rejected,below_scl_coverage_threshold
tambopata_test_area,diagnostic_holdout,2018,20,S2A_MSIL2A_20180818T145721_R039_T19LCF_20201011T032904,2018-08-18T14:57:21.024000Z,11.352001,359780,84358,84054,23.4471,23.3626,76.6374,33.1554,False,False,,0,0.0,https://sentinel2l2a01.blob.core.windows.net/sentinel2-l2/19/L/CF/2018/08/18/S2A_MSIL2A_20180818T145721_N0212_R039_T19LCF_20201011T032904.SAFE/GRANULE/L2A_T19LCF_A016481_20180818T150209/IMG_DATA/R20m/T19LCF_20180818T145721_SCL_20m.tif,rejected,below_scl_coverage_threshold
tambopata_test_area,diagnostic_holdout,2018,21,S2A_MSIL2A_20180828T145721_R039_T19LCF_20201027T054517,2018-08-28T14:57:21.024000Z,12.441118,359780,84358,84237,23.4471,23.4135,76.5865,33.0353,False,False,,0,0.0,https://sentinel2l2a01.blob.core.windows.net/sentinel2-l2/19/L/CF/2018/08/28/S2A_MSIL2A_20180828T145721_N0212_R039_T19LCF_20201027T054517.SAFE/GRANULE/L2A_T19LCF_A016624_20180828T145854/IMG_DATA/R20m/T19LCF_20180828T145721_SCL_20m.tif,rejected,below_scl_coverage_threshold
tambopata_test_area,diagnostic_holdout,2018,22,S2B_MSIL2A_20180813T145719_R039_T19LCF_20201011T012223,2018-08-13T14:57:19.024000Z,14.148408,359780,84358,84261,23.4471,23.4201,76.5799,32.7849,False,False,,0,0.0,https://sentinel2l2a01.blob.core.windows.net/sentinel2-l2/19/L/CF/2018/08/13/S2B_MSIL2A_20180813T145719_N0212_R039_T19LCF_20201011T012223.SAFE/GRANULE/L2A_T19LCF_A007501_20180813T150106/IMG_DATA/R20m/T19LCF_20180813T145719_SCL_20m.tif,rejected,below_scl_coverage_threshold
tambopata_test_area,diagnostic_holdout,2018,23,S2A_MSIL2A_20180716T144731_R139_T19LCF_20201011T162616,2018-07-16T14:47:31.024000Z,19.790277,359780,84358,83787,23.4471,23.2884,76.7116,31.8266,False,False,,0,0.0,https://sentinel2l2a01.blob.core.windows.net/sentinel2-l2/19/L/CF/2018/07/16/S2A_MSIL2A_20180716T144731_N0212_R139_T19LCF_20201011T162616.SAFE/GRANULE/L2A_T19LCF_A016009_20180716T144920/IMG_DATA/R20m/T19LCF_20180716T144731_SCL_20m.tif,rejected,below_scl_coverage_threshold
tambopata_test_area,diagnostic_holdout,2022,1,S2A_MSIL2A_20220824T144741_R139_T19LDF_20220825T145120,2022-08-24T14:47:41.024000Z,0.013495,359780,359780,359778,100.0,99.9994,0.0006,99.9975,True,False,,0,0.0,https://sentinel2l2a01.blob.core.windows.net/sentinel2-l2/19/L/DF/2022/08/24/S2A_MSIL2A_20220824T144741_N0400_R139_T19LDF_20220825T145120.SAFE/GRANULE/L2A_T19LDF_A037459_20220824T145550/IMG_DATA/R20m/T19LDF_20220824T144741_SCL_20m.tif,usable,meets_scl_coverage_threshold
tambopata_test_area,diagnostic_holdout,2022,2,S2A_MSIL2A_20220824T144741_R139_T19LDF_20240704T164843,2022-08-24T14:47:41.024000Z,0.013917,359780,359780,359778,100.0,99.9994,0.0006,99.9974,True,False,,0,0.0,https://sentinel2l2a01.blob.core.windows.net/sentinel2-l2/19/L/DF/2022/08/24/S2A_MSIL2A_20220824T144741_N0510_R139_T19LDF_20240704T164843.SAFE/GRANULE/L2A_T19LDF_A037459_20220824T145550/IMG_DATA/R20m/T19LDF_20220824T144741_SCL_20m.tif,usable,meets_scl_coverage_threshold
tambopata_test_area,diagnostic_holdout,2022,3,S2A_MSIL2A_20220615T144741_R139_T19LDF_20220618T164257,2022-06-15T14:47:41.024000Z,2.115704,359780,359780,359776,100.0,99.9989,0.0011,99.6817,True,False,,0,0.0,https://sentinel2l2a01.blob.core.windows.net/sentinel2-l2/19/L/DF/2022/06/15/S2A_MSIL2A_20220615T144741_N0400_R139_T19LDF_20220618T164257.SAFE/GRANULE/L2A_T19LDF_A036458_20220615T144741/IMG_DATA/R20m/T19LDF_20220615T144741_SCL_20m.tif,usable,meets_scl_coverage_threshold
tambopata_test_area,diagnostic_holdout,2022,4,S2A_MSIL2A_20220615T144741_R139_T19LDF_20240620T023425,2022-06-15T14:47:41.024000Z,2.120308,359780,359780,359776,100.0,99.9989,0.0011,99.681,True,False,,0,0.0,https://sentinel2l2a01.blob.core.windows.net/sentinel2-l2/19/L/DF/2022/06/15/S2A_MSIL2A_20220615T144741_N0510_R139_T19LDF_20240620T023425.SAFE/GRANULE/L2A_T19LDF_A036458_20220615T144741/IMG_DATA/R20m/T19LDF_20220615T144741_SCL_20m.tif,usable,meets_scl_coverage_threshold
tambopata_test_area,diagnostic_holdout,2022,5,S2A_MSIL2A_20220906T145741_R039_T19LDF_20220907T071804,2022-09-06T14:57:41.024000Z,0.661634,359780,357940,357940,99.4886,99.4886,0.5114,99.466,True,False,,0,0.0,https://sentinel2l2a01.blob.core.windows.net/sentinel2-l2/19/L/DF/2022/09/06/S2A_MSIL2A_20220906T145741_N0400_R039_T19LDF_20220907T071804.SAFE/GRANULE/L2A_T19LDF_A037645_20220906T150345/IMG_DATA/R20m/T19LDF_20220906T145741_SCL_20m.tif,usable,meets_scl_coverage_threshold
tambopata_test_area,diagnostic_holdout,2022,6,S2B_MSIL2A_20220901T145729_R039_T19LDF_20220902T070719,2022-09-01T14:57:29.024000Z,5.72844,359780,359780,359780,100.0,100.0,0.0,99.1407,True,True,1,359780,100.0,https://sentinel2l2a01.blob.core.windows.net/sentinel2-l2/19/L/DF/2022/09/01/S2B_MSIL2A_20220901T145729_N0400_R039_T19LDF_20220902T070719.SAFE/GRANULE/L2A_T19LDF_A028665_20220901T145726/IMG_DATA/R20m/T19LDF_20220901T145729_SCL_20m.tif,usable,meets_scl_coverage_threshold
tambopata_test_area,diagnostic_holdout,2022,7,S2B_MSIL2A_20220613T145729_R039_T19LDF_20220614T102611,2022-06-13T14:57:29.024000Z,1.22332,359780,355423,355391,98.789,98.7801,1.2199,98.7796,True,False,,0,0.0,https://sentinel2l2a01.blob.core.windows.net/sentinel2-l2/19/L/DF/2022/06/13/S2B_MSIL2A_20220613T145729_N0400_R039_T19LDF_20220614T102611.SAFE/GRANULE/L2A_T19LDF_A027521_20220613T145913/IMG_DATA/R20m/T19LDF_20220613T145729_SCL_20m.tif,usable,meets_scl_coverage_threshold
tambopata_test_area,diagnostic_holdout,2022,8,S2A_MSIL2A_20220618T145741_R039_T19LDF_20220620T171254,2022-06-18T14:57:41.024000Z,7.488926,359780,357639,357639,99.4049,99.4049,0.5951,98.3708,True,False,,0,0.0,https://sentinel2l2a01.blob.core.windows.net/sentinel2-l2/19/L/DF/2022/06/18/S2A_MSIL2A_20220618T145741_N0400_R039_T19LDF_20220620T171254.SAFE/GRANULE/L2A_T19LDF_A036501_20220618T150512/IMG_DATA/R20m/T19LDF_20220618T145741_SCL_20m.tif,usable,meets_scl_coverage_threshold
tambopata_test_area,diagnostic_holdout,2022,9,S2B_MSIL2A_20220918T144729_R139_T19LDF_20220919T073955,2022-09-18T14:47:29.024000Z,5.554672,359780,359780,355785,100.0,98.8896,1.1104,98.223,True,False,,0,0.0,https://sentinel2l2a01.blob.core.windows.net/sentinel2-l2/19/L/DF/2022/09/18/S2B_MSIL2A_20220918T144729_N0400_R139_T19LDF_20220919T073955.SAFE/GRANULE/L2A_T19LDF_A028908_20220918T145244/IMG_DATA/R20m/T19LDF_20220918T144729_SCL_20m.tif,usable,meets_scl_coverage_threshold
tambopata_test_area,diagnostic_holdout,2022,10,S2A_MSIL2A_20220814T144741_R139_T19LDF_20220815T071416,2022-08-14T14:47:41.024000Z,7.27175,359780,359780,356724,100.0,99.1506,0.8494,98.1872,True,False,,0,0.0,https://sentinel2l2a01.blob.core.windows.net/sentinel2-l2/19/L/DF/2022/08/14/S2A_MSIL2A_20220814T144741_N0400_R139_T19LDF_20220815T071416.SAFE/GRANULE/L2A_T19LDF_A037316_20220814T144738/IMG_DATA/R20m/T19LDF_20220814T144741_SCL_20m.tif,usable,meets_scl_coverage_threshold
tambopata_test_area,diagnostic_holdout,2022,11,S2B_MSIL2A_20220918T144729_R139_T19LDF_20240731T115220,2022-09-18T14:47:29.024000Z,5.552525,359780,359780,355623,100.0,98.8446,1.1554,98.185,True,False,,0,0.0,https://sentinel2l2a01.blob.core.windows.net/sentinel2-l2/19/L/DF/2022/09/18/S2B_MSIL2A_20220918T144729_N0510_R139_T19LDF_20240731T115220.SAFE/GRANULE/L2A_T19LDF_A028908_20220918T145244/IMG_DATA/R20m/T19LDF_20220918T144729_SCL_20m.tif,usable,meets_scl_coverage_threshold
tambopata_test_area,diagnostic_holdout,2022,12,S2A_MSIL2A_20220814T144741_R139_T19LDF_20240703T134048,2022-08-14T14:47:41.024000Z,7.271267,359780,359780,355993,100.0,98.9474,1.0526,98.0146,True,False,,0,0.0,https://sentinel2l2a01.blob.core.windows.net/sentinel2-l2/19/L/DF/2022/08/14/S2A_MSIL2A_20220814T144741_N0510_R139_T19LDF_20240703T134048.SAFE/GRANULE/L2A_T19LDF_A037316_20220814T144738/IMG_DATA/R20m/T19LDF_20220814T144741_SCL_20m.tif,usable,meets_scl_coverage_threshold
tambopata_test_area,diagnostic_holdout,2022,13,S2B_MSIL2A_20220812T145729_R039_T19LDF_20220813T013815,2022-08-12T14:57:29.024000Z,14.310314,359780,359780,359780,100.0,100.0,0.0,97.8535,True,False,,0,0.0,https://sentinel2l2a01.blob.core.windows.net/sentinel2-l2/19/L/DF/2022/08/12/S2B_MSIL2A_20220812T145729_N0400_R039_T19LDF_20220813T013815.SAFE/GRANULE/L2A_T19LDF_A028379_20220812T145729/IMG_DATA/R20m/T19LDF_20220812T145729_SCL_20m.tif,usable,meets_scl_coverage_threshold
tambopata_test_area,diagnostic_holdout,2022,14,S2B_MSIL2A_20220812T145729_R039_T19LDF_20240711T032928,2022-08-12T14:57:29.024000Z,14.314283,359780,359780,359780,100.0,100.0,0.0,97.8529,True,False,,0,0.0,https://sentinel2l2a01.blob.core.windows.net/sentinel2-l2/19/L/DF/2022/08/12/S2B_MSIL2A_20220812T145729_N0510_R039_T19LDF_20240711T032928.SAFE/GRANULE/L2A_T19LDF_A028379_20220812T145729/IMG_DATA/R20m/T19LDF_20220812T145729_SCL_20m.tif,usable,meets_scl_coverage_threshold
tambopata_test_area,diagnostic_holdout,2022,15,S2A_MSIL2A_20220728T145741_R039_T19LDF_20220729T211851,2022-07-28T14:57:41.024000Z,15.478227,359780,359780,359424,100.0,99.9011,0.0989,97.5942,True,False,,0,0.0,https://sentinel2l2a01.blob.core.windows.net/sentinel2-l2/19/L/DF/2022/07/28/S2A_MSIL2A_20220728T145741_N0400_R039_T19LDF_20220729T211851.SAFE/GRANULE/L2A_T19LDF_A037073_20220728T150430/IMG_DATA/R20m/T19LDF_20220728T145741_SCL_20m.tif,usable,meets_scl_coverage_threshold
tambopata_test_area,diagnostic_holdout,2022,16,S2A_MSIL2A_20220705T144741_R139_T19LDF_20220707T072247,2022-07-05T14:47:41.024000Z,14.283326,359780,359780,308990,100.0,85.883,14.117,85.8581,True,False,,0,0.0,https://sentinel2l2a01.blob.core.windows.net/sentinel2-l2/19/L/DF/2022/07/05/S2A_MSIL2A_20220705T144741_N0400_R139_T19LDF_20220707T072247.SAFE/GRANULE/L2A_T19LDF_A036744_20220705T145550/IMG_DATA/R20m/T19LDF_20220705T144741_SCL_20m.tif,usable,meets_scl_coverage_threshold
tambopata_test_area,diagnostic_holdout,2022,17,S2B_MSIL2A_20220822T145729_R039_T19LDF_20240704T091633,2022-08-22T14:57:29.024000Z,17.541498,359780,359780,306132,100.0,85.0887,14.9113,84.6941,True,False,,0,0.0,https://sentinel2l2a01.blob.core.windows.net/sentinel2-l2/19/L/DF/2022/08/22/S2B_MSIL2A_20220822T145729_N0510_R039_T19LDF_20240704T091633.SAFE/GRANULE/L2A_T19LDF_A028522_20220822T145726/IMG_DATA/R20m/T19LDF_20220822T145729_SCL_20m.tif,usable,meets_scl_coverage_threshold
tambopata_test_area,diagnostic_holdout,2022,18,S2B_MSIL2A_20220822T145729_R039_T19LDF_20220823T141942,2022-08-22T14:57:29.024000Z,17.567703,359780,359780,305745,100.0,84.9811,15.0189,84.5988,True,False,,0,0.0,https://sentinel2l2a01.blob.core.windows.net/sentinel2-l2/19/L/DF/2022/08/22/S2B_MSIL2A_20220822T145729_N0400_R039_T19LDF_20220823T141942.SAFE/GRANULE/L2A_T19LDF_A028522_20220822T145726/IMG_DATA/R20m/T19LDF_20220822T145729_SCL_20m.tif,usable,meets_scl_coverage_threshold
tambopata_test_area,diagnostic_holdout,2022,19,S2A_MSIL2A_20220827T145741_R039_T19LDF_20240703T082510,2022-08-27T14:57:41.024000Z,14.158961,359780,357648,288315,99.4074,80.1365,19.8635,80.9922,True,False,,0,0.0,https://sentinel2l2a01.blob.core.windows.net/sentinel2-l2/19/L/DF/2022/08/27/S2A_MSIL2A_20220827T145741_N0510_R039_T19LDF_20240703T082510.SAFE/GRANULE/L2A_T19LDF_A037502_20220827T145948/IMG_DATA/R20m/T19LDF_20220827T145741_SCL_20m.tif,usable,meets_scl_coverage_threshold
tambopata_test_area,diagnostic_holdout,2022,20,S2A_MSIL2A_20220827T145741_R039_T19LDF_20220829T102309,2022-08-27T14:57:41.024000Z,14.15588,359780,357649,288289,99.4077,80.1292,19.8708,80.9865,True,False,,0,0.0,https://sentinel2l2a01.blob.core.windows.net/sentinel2-l2/19/L/DF/2022/08/27/S2A_MSIL2A_20220827T145741_N0400_R039_T19LDF_20220829T102309.SAFE/GRANULE/L2A_T19LDF_A037502_20220827T145948/IMG_DATA/R20m/T19LDF_20220827T145741_SCL_20m.tif,usable,meets_scl_coverage_threshold
tambopata_test_area,diagnostic_holdout,2022,21,S2A_MSIL2A_20220926T145731_R039_T19LDF_20220927T082626,2022-09-26T14:57:31.024000Z,18.191712,359780,359780,269708,100.0,74.9647,25.0353,75.9912,False,False,,0,0.0,https://sentinel2l2a01.blob.core.windows.net/sentinel2-l2/19/L/DF/2022/09/26/S2A_MSIL2A_20220926T145731_N0400_R039_T19LDF_20220927T082626.SAFE/GRANULE/L2A_T19LDF_A037931_20220926T145954/IMG_DATA/R20m/T19LDF_20220926T145731_SCL_20m.tif,rejected,below_scl_coverage_threshold
tambopata_test_area,diagnostic_holdout,2022,22,S2A_MSIL2A_20220926T145731_R039_T19LDF_20240731T141746,2022-09-26T14:57:31.024000Z,18.219742,359780,359780,269644,100.0,74.9469,25.0531,75.9719,False,False,,0,0.0,https://sentinel2l2a01.blob.core.windows.net/sentinel2-l2/19/L/DF/2022/09/26/S2A_MSIL2A_20220926T145731_N0510_R039_T19LDF_20240731T141746.SAFE/GRANULE/L2A_T19LDF_A037931_20220926T145954/IMG_DATA/R20m/T19LDF_20220926T145731_SCL_20m.tif,rejected,below_scl_coverage_threshold
tambopata_test_area,diagnostic_holdout,2022,23,S2B_MSIL2A_20220613T145729_R039_T19LCF_20220614T100200,2022-06-13T14:57:29.024000Z,0.42632,359780,84358,84358,23.4471,23.4471,76.5529,34.8661,False,False,,0,0.0,https://sentinel2l2a01.blob.core.windows.net/sentinel2-l2/19/L/CF/2022/06/13/S2B_MSIL2A_20220613T145729_N0400_R039_T19LCF_20220614T100200.SAFE/GRANULE/L2A_T19LCF_A027521_20220613T145913/IMG_DATA/R20m/T19LCF_20220613T145729_SCL_20m.tif,rejected,below_scl_coverage_threshold
tambopata_test_area,diagnostic_holdout,2022,24,S2A_MSIL2A_20220824T144741_R139_T19LCF_20240704T164843,2022-08-24T14:47:41.024000Z,7.436208,359780,84358,84358,23.4471,23.4471,76.5529,33.8146,False,False,,0,0.0,https://sentinel2l2a01.blob.core.windows.net/sentinel2-l2/19/L/CF/2022/08/24/S2A_MSIL2A_20220824T144741_N0510_R139_T19LCF_20240704T164843.SAFE/GRANULE/L2A_T19LCF_A037459_20220824T145550/IMG_DATA/R20m/T19LCF_20220824T144741_SCL_20m.tif,rejected,below_scl_coverage_threshold
tambopata_test_area,diagnostic_holdout,2022,25,S2A_MSIL2A_20220824T144741_R139_T19LCF_20220825T150011,2022-08-24T14:47:41.024000Z,7.488132,359780,84358,84358,23.4471,23.4471,76.5529,33.8068,False,False,,0,0.0,https://sentinel2l2a01.blob.core.windows.net/sentinel2-l2/19/L/CF/2022/08/24/S2A_MSIL2A_20220824T144741_N0400_R139_T19LCF_20220825T150011.SAFE/GRANULE/L2A_T19LCF_A037459_20220824T145550/IMG_DATA/R20m/T19LCF_20220824T144741_SCL_20m.tif,rejected,below_scl_coverage_threshold
tambopata_test_area,diagnostic_holdout,2022,26,S2B_MSIL2A_20220928T144729_R139_T19LCF_20220929T062147,2022-09-28T14:47:29.024000Z,9.65803,359780,84358,83647,23.4471,23.2495,76.7505,33.3134,False,False,,0,0.0,https://sentinel2l2a01.blob.core.windows.net/sentinel2-l2/19/L/CF/2022/09/28/S2B_MSIL2A_20220928T144729_N0400_R139_T19LCF_20220929T062147.SAFE/GRANULE/L2A_T19LCF_A029051_20220928T145153/IMG_DATA/R20m/T19LCF_20220928T144729_SCL_20m.tif,rejected,below_scl_coverage_threshold
tambopata_test_area,diagnostic_holdout,2022,27,S2B_MSIL2A_20220928T144729_R139_T19LCF_20240728T133246,2022-09-28T14:47:29.024000Z,9.63727,359780,84358,83621,23.4471,23.2423,76.7577,33.3103,False,False,,0,0.0,https://sentinel2l2a01.blob.core.windows.net/sentinel2-l2/19/L/CF/2022/09/28/S2B_MSIL2A_20220928T144729_N0510_R139_T19LCF_20240728T133246.SAFE/GRANULE/L2A_T19LCF_A029051_20220928T145153/IMG_DATA/R20m/T19LCF_20220928T144729_SCL_20m.tif,rejected,below_scl_coverage_threshold
tambopata_test_area,diagnostic_holdout,2022,28,S2A_MSIL2A_20220906T145741_R039_T19LCF_20220907T075707,2022-09-06T14:57:41.024000Z,11.85512,359780,84358,84358,23.4471,23.4471,76.5529,33.1518,False,False,,0,0.0,https://sentinel2l2a01.blob.core.windows.net/sentinel2-l2/19/L/CF/2022/09/06/S2A_MSIL2A_20220906T145741_N0400_R039_T19LCF_20220907T075707.SAFE/GRANULE/L2A_T19LCF_A037645_20220906T150345/IMG_DATA/R20m/T19LCF_20220906T145741_SCL_20m.tif,rejected,below_scl_coverage_threshold
tambopata_test_area,diagnostic_holdout,2022,29,S2B_MSIL2A_20220822T145729_R039_T19LCF_20240704T091633,2022-08-22T14:57:29.024000Z,8.351785,359780,84358,81806,23.4471,22.7378,77.2622,33.0743,False,False,,0,0.0,https://sentinel2l2a01.blob.core.windows.net/sentinel2-l2/19/L/CF/2022/08/22/S2B_MSIL2A_20220822T145729_N0510_R039_T19LCF_20240704T091633.SAFE/GRANULE/L2A_T19LCF_A028522_20220822T145726/IMG_DATA/R20m/T19LCF_20220822T145729_SCL_20m.tif,rejected,below_scl_coverage_threshold
tambopata_test_area,diagnostic_holdout,2022,30,S2B_MSIL2A_20220822T145729_R039_T19LCF_20220823T142834,2022-08-22T14:57:29.024000Z,8.363886,359780,84358,81793,23.4471,22.7342,77.2658,33.0695,False,False,,0,0.0,https://sentinel2l2a01.blob.core.windows.net/sentinel2-l2/19/L/CF/2022/08/22/S2B_MSIL2A_20220822T145729_N0400_R039_T19LCF_20220823T142834.SAFE/GRANULE/L2A_T19LCF_A028522_20220822T145726/IMG_DATA/R20m/T19LCF_20220822T145729_SCL_20m.tif,rejected,below_scl_coverage_threshold
tambopata_test_area,diagnostic_holdout,2022,31,S2A_MSIL2A_20220728T145741_R039_T19LCF_20220729T214335,2022-07-28T14:57:41.024000Z,14.730121,359780,84358,84343,23.4471,23.4429,76.5571,32.717,False,False,,0,0.0,https://sentinel2l2a01.blob.core.windows.net/sentinel2-l2/19/L/CF/2022/07/28/S2A_MSIL2A_20220728T145741_N0400_R039_T19LCF_20220729T214335.SAFE/GRANULE/L2A_T19LCF_A037073_20220728T150430/IMG_DATA/R20m/T19LCF_20220728T145741_SCL_20m.tif,rejected,below_scl_coverage_threshold
tambopata_test_area,diagnostic_holdout,2022,32,S2B_MSIL2A_20220901T145729_R039_T19LCF_20220902T065509,2022-09-01T14:57:29.024000Z,15.485813,359780,84358,84358,23.4471,23.4471,76.5529,32.6072,False,False,,0,0.0,https://sentinel2l2a01.blob.core.windows.net/sentinel2-l2/19/L/CF/2022/09/01/S2B_MSIL2A_20220901T145729_N0400_R039_T19LCF_20220902T065509.SAFE/GRANULE/L2A_T19LCF_A028665_20220901T145726/IMG_DATA/R20m/T19LCF_20220901T145729_SCL_20m.tif,rejected,below_scl_coverage_threshold
tambopata_test_area,diagnostic_holdout,2022,33,S2A_MSIL2A_20220615T144741_R139_T19LCF_20240620T023425,2022-06-15T14:47:41.024000Z,15.893771,359780,84358,84358,23.4471,23.4471,76.5529,32.546,False,False,,0,0.0,https://sentinel2l2a01.blob.core.windows.net/sentinel2-l2/19/L/CF/2022/06/15/S2A_MSIL2A_20220615T144741_N0510_R139_T19LCF_20240620T023425.SAFE/GRANULE/L2A_T19LCF_A036458_20220615T144741/IMG_DATA/R20m/T19LCF_20220615T144741_SCL_20m.tif,rejected,below_scl_coverage_threshold
tambopata_test_area,diagnostic_holdout,2022,34,S2A_MSIL2A_20220615T144741_R139_T19LCF_20220618T175125,2022-06-15T14:47:41.024000Z,15.962695,359780,84358,84358,23.4471,23.4471,76.5529,32.5356,False,False,,0,0.0,https://sentinel2l2a01.blob.core.windows.net/sentinel2-l2/19/L/CF/2022/06/15/S2A_MSIL2A_20220615T144741_N0400_R139_T19LCF_20220618T175125.SAFE/GRANULE/L2A_T19LCF_A036458_20220615T144741/IMG_DATA/R20m/T19LCF_20220615T144741_SCL_20m.tif,rejected,below_scl_coverage_threshold
tambopata_test_area,diagnostic_holdout,2022,35,S2A_MSIL2A_20220814T144741_R139_T19LCF_20240703T134048,2022-08-14T14:47:41.024000Z,17.042051,359780,84358,84358,23.4471,23.4471,76.5529,32.3737,False,False,,0,0.0,https://sentinel2l2a01.blob.core.windows.net/sentinel2-l2/19/L/CF/2022/08/14/S2A_MSIL2A_20220814T144741_N0510_R139_T19LCF_20240703T134048.SAFE/GRANULE/L2A_T19LCF_A037316_20220814T144738/IMG_DATA/R20m/T19LCF_20220814T144741_SCL_20m.tif,rejected,below_scl_coverage_threshold
tambopata_test_area,diagnostic_holdout,2022,36,S2A_MSIL2A_20220814T144741_R139_T19LCF_20220815T060901,2022-08-14T14:47:41.024000Z,17.05485,359780,84358,84358,23.4471,23.4471,76.5529,32.3718,False,False,,0,0.0,https://sentinel2l2a01.blob.core.windows.net/sentinel2-l2/19/L/CF/2022/08/14/S2A_MSIL2A_20220814T144741_N0400_R139_T19LCF_20220815T060901.SAFE/GRANULE/L2A_T19LCF_A037316_20220814T144738/IMG_DATA/R20m/T19LCF_20220814T144741_SCL_20m.tif,rejected,below_scl_coverage_threshold
